ISO-10303-21;
HEADER;
/* Generated by software containing ST-Developer
 * from STEP Tools, Inc. (www.steptools.com) 
 */

FILE_DESCRIPTION(
/* description */ (''),
/* implementation_level */ '2;1');

FILE_NAME(
/* name */ 'areca system assembly v16.step',
/* time_stamp */ '2025-07-08T09:28:56+05:30',
/* author */ (''),
/* organization */ (''),
/* preprocessor_version */ 'ST-DEVELOPER v20.1',
/* originating_system */ 'Autodesk Translation Framework v14.10.0.0',
/* authorisation */ '');

FILE_SCHEMA (('AUTOMOTIVE_DESIGN { 1 0 10303 214 3 1 1 }'));
ENDSEC;

DATA;
#10=MECHANICAL_DESIGN_GEOMETRIC_PRESENTATION_REPRESENTATION('',(#307,#308,
#309,#310,#311,#312,#313,#314,#315,#316,#317,#318,#319,#320),#9728);
#11=CONTEXT_DEPENDENT_OVER_RIDING_STYLED_ITEM('',(#9855),#9788,#320,(#48));
#12=CONTEXT_DEPENDENT_OVER_RIDING_STYLED_ITEM('',(#9855),#9788,#320,(#49));
#13=CONTEXT_DEPENDENT_OVER_RIDING_STYLED_ITEM('',(#9855),#9788,#320,(#50));
#14=CONTEXT_DEPENDENT_OVER_RIDING_STYLED_ITEM('',(#9855),#9788,#320,(#51));
#15=MAPPED_ITEM('',#16,#6418);
#16=REPRESENTATION_MAP(#6418,#9785);
#17=ITEM_DEFINED_TRANSFORMATION($,$,#5982,#6392);
#18=ITEM_DEFINED_TRANSFORMATION($,$,#5971,#6393);
#19=ITEM_DEFINED_TRANSFORMATION($,$,#5982,#6394);
#20=ITEM_DEFINED_TRANSFORMATION($,$,#5982,#6395);
#21=ITEM_DEFINED_TRANSFORMATION($,$,#5982,#6396);
#22=ITEM_DEFINED_TRANSFORMATION($,$,#5994,#6397);
#23=ITEM_DEFINED_TRANSFORMATION($,$,#5994,#6398);
#24=ITEM_DEFINED_TRANSFORMATION($,$,#5994,#6399);
#25=ITEM_DEFINED_TRANSFORMATION($,$,#5994,#6400);
#26=ITEM_DEFINED_TRANSFORMATION($,$,#6011,#6401);
#27=ITEM_DEFINED_TRANSFORMATION($,$,#6026,#6402);
#28=ITEM_DEFINED_TRANSFORMATION($,$,#6026,#6403);
#29=ITEM_DEFINED_TRANSFORMATION($,$,#6037,#6404);
#30=ITEM_DEFINED_TRANSFORMATION($,$,#6037,#6405);
#31=ITEM_DEFINED_TRANSFORMATION($,$,#6049,#6406);
#32=ITEM_DEFINED_TRANSFORMATION($,$,#6049,#6407);
#33=ITEM_DEFINED_TRANSFORMATION($,$,#6060,#6408);
#34=ITEM_DEFINED_TRANSFORMATION($,$,#6060,#6409);
#35=ITEM_DEFINED_TRANSFORMATION($,$,#6248,#6410);
#36=ITEM_DEFINED_TRANSFORMATION($,$,#6241,#6411);
#37=ITEM_DEFINED_TRANSFORMATION($,$,#6248,#6412);
#38=ITEM_DEFINED_TRANSFORMATION($,$,#6241,#6413);
#39=ITEM_DEFINED_TRANSFORMATION($,$,#6248,#6414);
#40=ITEM_DEFINED_TRANSFORMATION($,$,#6376,#6415);
#41=ITEM_DEFINED_TRANSFORMATION($,$,#6383,#6416);
#42=ITEM_DEFINED_TRANSFORMATION($,$,#6383,#6417);
#43=(
REPRESENTATION_RELATIONSHIP($,$,#9787,#9785)
REPRESENTATION_RELATIONSHIP_WITH_TRANSFORMATION(#17)
SHAPE_REPRESENTATION_RELATIONSHIP()
);
#44=(
REPRESENTATION_RELATIONSHIP($,$,#9786,#9785)
REPRESENTATION_RELATIONSHIP_WITH_TRANSFORMATION(#18)
SHAPE_REPRESENTATION_RELATIONSHIP()
);
#45=(
REPRESENTATION_RELATIONSHIP($,$,#9787,#9785)
REPRESENTATION_RELATIONSHIP_WITH_TRANSFORMATION(#19)
SHAPE_REPRESENTATION_RELATIONSHIP()
);
#46=(
REPRESENTATION_RELATIONSHIP($,$,#9787,#9785)
REPRESENTATION_RELATIONSHIP_WITH_TRANSFORMATION(#20)
SHAPE_REPRESENTATION_RELATIONSHIP()
);
#47=(
REPRESENTATION_RELATIONSHIP($,$,#9787,#9785)
REPRESENTATION_RELATIONSHIP_WITH_TRANSFORMATION(#21)
SHAPE_REPRESENTATION_RELATIONSHIP()
);
#48=(
REPRESENTATION_RELATIONSHIP($,$,#9788,#9785)
REPRESENTATION_RELATIONSHIP_WITH_TRANSFORMATION(#22)
SHAPE_REPRESENTATION_RELATIONSHIP()
);
#49=(
REPRESENTATION_RELATIONSHIP($,$,#9788,#9785)
REPRESENTATION_RELATIONSHIP_WITH_TRANSFORMATION(#23)
SHAPE_REPRESENTATION_RELATIONSHIP()
);
#50=(
REPRESENTATION_RELATIONSHIP($,$,#9788,#9785)
REPRESENTATION_RELATIONSHIP_WITH_TRANSFORMATION(#24)
SHAPE_REPRESENTATION_RELATIONSHIP()
);
#51=(
REPRESENTATION_RELATIONSHIP($,$,#9788,#9785)
REPRESENTATION_RELATIONSHIP_WITH_TRANSFORMATION(#25)
SHAPE_REPRESENTATION_RELATIONSHIP()
);
#52=(
REPRESENTATION_RELATIONSHIP($,$,#9789,#9785)
REPRESENTATION_RELATIONSHIP_WITH_TRANSFORMATION(#26)
SHAPE_REPRESENTATION_RELATIONSHIP()
);
#53=(
REPRESENTATION_RELATIONSHIP($,$,#9790,#9785)
REPRESENTATION_RELATIONSHIP_WITH_TRANSFORMATION(#27)
SHAPE_REPRESENTATION_RELATIONSHIP()
);
#54=(
REPRESENTATION_RELATIONSHIP($,$,#9790,#9785)
REPRESENTATION_RELATIONSHIP_WITH_TRANSFORMATION(#28)
SHAPE_REPRESENTATION_RELATIONSHIP()
);
#55=(
REPRESENTATION_RELATIONSHIP($,$,#9791,#9785)
REPRESENTATION_RELATIONSHIP_WITH_TRANSFORMATION(#29)
SHAPE_REPRESENTATION_RELATIONSHIP()
);
#56=(
REPRESENTATION_RELATIONSHIP($,$,#9791,#9785)
REPRESENTATION_RELATIONSHIP_WITH_TRANSFORMATION(#30)
SHAPE_REPRESENTATION_RELATIONSHIP()
);
#57=(
REPRESENTATION_RELATIONSHIP($,$,#9792,#9785)
REPRESENTATION_RELATIONSHIP_WITH_TRANSFORMATION(#31)
SHAPE_REPRESENTATION_RELATIONSHIP()
);
#58=(
REPRESENTATION_RELATIONSHIP($,$,#9792,#9785)
REPRESENTATION_RELATIONSHIP_WITH_TRANSFORMATION(#32)
SHAPE_REPRESENTATION_RELATIONSHIP()
);
#59=(
REPRESENTATION_RELATIONSHIP($,$,#9793,#9785)
REPRESENTATION_RELATIONSHIP_WITH_TRANSFORMATION(#33)
SHAPE_REPRESENTATION_RELATIONSHIP()
);
#60=(
REPRESENTATION_RELATIONSHIP($,$,#9793,#9785)
REPRESENTATION_RELATIONSHIP_WITH_TRANSFORMATION(#34)
SHAPE_REPRESENTATION_RELATIONSHIP()
);
#61=(
REPRESENTATION_RELATIONSHIP($,$,#9795,#9785)
REPRESENTATION_RELATIONSHIP_WITH_TRANSFORMATION(#35)
SHAPE_REPRESENTATION_RELATIONSHIP()
);
#62=(
REPRESENTATION_RELATIONSHIP($,$,#9794,#9785)
REPRESENTATION_RELATIONSHIP_WITH_TRANSFORMATION(#36)
SHAPE_REPRESENTATION_RELATIONSHIP()
);
#63=(
REPRESENTATION_RELATIONSHIP($,$,#9795,#9785)
REPRESENTATION_RELATIONSHIP_WITH_TRANSFORMATION(#37)
SHAPE_REPRESENTATION_RELATIONSHIP()
);
#64=(
REPRESENTATION_RELATIONSHIP($,$,#9794,#9785)
REPRESENTATION_RELATIONSHIP_WITH_TRANSFORMATION(#38)
SHAPE_REPRESENTATION_RELATIONSHIP()
);
#65=(
REPRESENTATION_RELATIONSHIP($,$,#9795,#9785)
REPRESENTATION_RELATIONSHIP_WITH_TRANSFORMATION(#39)
SHAPE_REPRESENTATION_RELATIONSHIP()
);
#66=(
REPRESENTATION_RELATIONSHIP($,$,#9796,#9785)
REPRESENTATION_RELATIONSHIP_WITH_TRANSFORMATION(#40)
SHAPE_REPRESENTATION_RELATIONSHIP()
);
#67=(
REPRESENTATION_RELATIONSHIP($,$,#9797,#9785)
REPRESENTATION_RELATIONSHIP_WITH_TRANSFORMATION(#41)
SHAPE_REPRESENTATION_RELATIONSHIP()
);
#68=(
REPRESENTATION_RELATIONSHIP($,$,#9797,#9785)
REPRESENTATION_RELATIONSHIP_WITH_TRANSFORMATION(#42)
SHAPE_REPRESENTATION_RELATIONSHIP()
);
#69=CONTEXT_DEPENDENT_SHAPE_REPRESENTATION(#43,#9759);
#70=CONTEXT_DEPENDENT_SHAPE_REPRESENTATION(#44,#9760);
#71=CONTEXT_DEPENDENT_SHAPE_REPRESENTATION(#45,#9761);
#72=CONTEXT_DEPENDENT_SHAPE_REPRESENTATION(#46,#9762);
#73=CONTEXT_DEPENDENT_SHAPE_REPRESENTATION(#47,#9763);
#74=CONTEXT_DEPENDENT_SHAPE_REPRESENTATION(#48,#9764);
#75=CONTEXT_DEPENDENT_SHAPE_REPRESENTATION(#49,#9765);
#76=CONTEXT_DEPENDENT_SHAPE_REPRESENTATION(#50,#9766);
#77=CONTEXT_DEPENDENT_SHAPE_REPRESENTATION(#51,#9767);
#78=CONTEXT_DEPENDENT_SHAPE_REPRESENTATION(#52,#9768);
#79=CONTEXT_DEPENDENT_SHAPE_REPRESENTATION(#53,#9769);
#80=CONTEXT_DEPENDENT_SHAPE_REPRESENTATION(#54,#9770);
#81=CONTEXT_DEPENDENT_SHAPE_REPRESENTATION(#55,#9771);
#82=CONTEXT_DEPENDENT_SHAPE_REPRESENTATION(#56,#9772);
#83=CONTEXT_DEPENDENT_SHAPE_REPRESENTATION(#57,#9773);
#84=CONTEXT_DEPENDENT_SHAPE_REPRESENTATION(#58,#9774);
#85=CONTEXT_DEPENDENT_SHAPE_REPRESENTATION(#59,#9775);
#86=CONTEXT_DEPENDENT_SHAPE_REPRESENTATION(#60,#9776);
#87=CONTEXT_DEPENDENT_SHAPE_REPRESENTATION(#61,#9777);
#88=CONTEXT_DEPENDENT_SHAPE_REPRESENTATION(#62,#9778);
#89=CONTEXT_DEPENDENT_SHAPE_REPRESENTATION(#63,#9779);
#90=CONTEXT_DEPENDENT_SHAPE_REPRESENTATION(#64,#9780);
#91=CONTEXT_DEPENDENT_SHAPE_REPRESENTATION(#65,#9781);
#92=CONTEXT_DEPENDENT_SHAPE_REPRESENTATION(#66,#9782);
#93=CONTEXT_DEPENDENT_SHAPE_REPRESENTATION(#67,#9783);
#94=CONTEXT_DEPENDENT_SHAPE_REPRESENTATION(#68,#9784);
#95=NEXT_ASSEMBLY_USAGE_OCCURRENCE('Hopper Support Leg v3:1',
'Hopper Support Leg v3:1','Hopper Support Leg v3:1',#9799,#9801,
'Hopper Support Leg v3:1');
#96=NEXT_ASSEMBLY_USAGE_OCCURRENCE('Hopper Mounting Frame v3:1',
'Hopper Mounting Frame v3:1','Hopper Mounting Frame v3:1',#9799,#9800,
'Hopper Mounting Frame v3:1');
#97=NEXT_ASSEMBLY_USAGE_OCCURRENCE('Hopper Support Leg v3:2',
'Hopper Support Leg v3:2','Hopper Support Leg v3:2',#9799,#9801,
'Hopper Support Leg v3:2');
#98=NEXT_ASSEMBLY_USAGE_OCCURRENCE('Hopper Support Leg v3:3',
'Hopper Support Leg v3:3','Hopper Support Leg v3:3',#9799,#9801,
'Hopper Support Leg v3:3');
#99=NEXT_ASSEMBLY_USAGE_OCCURRENCE('Hopper Support Leg v3:4',
'Hopper Support Leg v3:4','Hopper Support Leg v3:4',#9799,#9801,
'Hopper Support Leg v3:4');
#100=NEXT_ASSEMBLY_USAGE_OCCURRENCE('rubber foot v1:1',
'rubber foot v1:1','rubber foot v1:1',#9799,#9802,'rubber foot v1:1');
#101=NEXT_ASSEMBLY_USAGE_OCCURRENCE('rubber foot v1:2',
'rubber foot v1:2','rubber foot v1:2',#9799,#9802,'rubber foot v1:2');
#102=NEXT_ASSEMBLY_USAGE_OCCURRENCE('rubber foot v1:3',
'rubber foot v1:3','rubber foot v1:3',#9799,#9802,'rubber foot v1:3');
#103=NEXT_ASSEMBLY_USAGE_OCCURRENCE('rubber foot v1:4',
'rubber foot v1:4','rubber foot v1:4',#9799,#9802,'rubber foot v1:4');
#104=NEXT_ASSEMBLY_USAGE_OCCURRENCE('Hopper v4:1','Hopper v4:1',
'Hopper v4:1',#9799,#9803,'Hopper v4:1');
#105=NEXT_ASSEMBLY_USAGE_OCCURRENCE('Rectangular Slotted Panel v3:1',
'Rectangular Slotted Panel v3:1','Rectangular Slotted Panel v3:1',#9799,
#9804,'Rectangular Slotted Panel v3:1');
#106=NEXT_ASSEMBLY_USAGE_OCCURRENCE('Rectangular Slotted Panel v3:2',
'Rectangular Slotted Panel v3:2','Rectangular Slotted Panel v3:2',#9799,
#9804,'Rectangular Slotted Panel v3:2');
#107=NEXT_ASSEMBLY_USAGE_OCCURRENCE('Triangular Mounting Bracket v4:1',
'Triangular Mounting Bracket v4:1','Triangular Mounting Bracket v4:1',#9799,
#9805,'Triangular Mounting Bracket v4:1');
#108=NEXT_ASSEMBLY_USAGE_OCCURRENCE('Triangular Mounting Bracket v4:2',
'Triangular Mounting Bracket v4:2','Triangular Mounting Bracket v4:2',#9799,
#9805,'Triangular Mounting Bracket v4:2');
#109=NEXT_ASSEMBLY_USAGE_OCCURRENCE('Discharge Guide Channel v5:1',
'Discharge Guide Channel v5:1','Discharge Guide Channel v5:1',#9799,#9806,
'Discharge Guide Channel v5:1');
#110=NEXT_ASSEMBLY_USAGE_OCCURRENCE('Discharge Guide Channel v5:2',
'Discharge Guide Channel v5:2','Discharge Guide Channel v5:2',#9799,#9806,
'Discharge Guide Channel v5:2');
#111=NEXT_ASSEMBLY_USAGE_OCCURRENCE('splined drive shaft v2:1',
'splined drive shaft v2:1','splined drive shaft v2:1',#9799,#9807,
'splined drive shaft v2:1');
#112=NEXT_ASSEMBLY_USAGE_OCCURRENCE('splined drive shaft v2:2',
'splined drive shaft v2:2','splined drive shaft v2:2',#9799,#9807,
'splined drive shaft v2:2');
#113=NEXT_ASSEMBLY_USAGE_OCCURRENCE('MG995 v5 Servo motor v1:2',
'MG995 v5 Servo motor v1:2','MG995 v5 Servo motor v1:2',#9799,#9809,
'MG995 v5 Servo motor v1:2');
#114=NEXT_ASSEMBLY_USAGE_OCCURRENCE('Servo Mounting Plate v3:1',
'Servo Mounting Plate v3:1','Servo Mounting Plate v3:1',#9799,#9808,
'Servo Mounting Plate v3:1');
#115=NEXT_ASSEMBLY_USAGE_OCCURRENCE('MG995 v5 Servo motor v1:3',
'MG995 v5 Servo motor v1:3','MG995 v5 Servo motor v1:3',#9799,#9809,
'MG995 v5 Servo motor v1:3');
#116=NEXT_ASSEMBLY_USAGE_OCCURRENCE('Servo Mounting Plate v3:2',
'Servo Mounting Plate v3:2','Servo Mounting Plate v3:2',#9799,#9808,
'Servo Mounting Plate v3:2');
#117=NEXT_ASSEMBLY_USAGE_OCCURRENCE('MG995 v5 Servo motor v1:4',
'MG995 v5 Servo motor v1:4','MG995 v5 Servo motor v1:4',#9799,#9809,
'MG995 v5 Servo motor v1:4');
#118=NEXT_ASSEMBLY_USAGE_OCCURRENCE('Hopper Side Cover Plate v3:1',
'Hopper Side Cover Plate v3:1','Hopper Side Cover Plate v3:1',#9799,#9810,
'Hopper Side Cover Plate v3:1');
#119=NEXT_ASSEMBLY_USAGE_OCCURRENCE('Discharge Flap v3:1',
'Discharge Flap v3:1','Discharge Flap v3:1',#9799,#9811,
'Discharge Flap v3:1');
#120=NEXT_ASSEMBLY_USAGE_OCCURRENCE('Discharge Flap v3:2',
'Discharge Flap v3:2','Discharge Flap v3:2',#9799,#9811,
'Discharge Flap v3:2');
#121=B_SPLINE_SURFACE_WITH_KNOTS('',5,1,((#9418,#9419),(#9420,#9421),(#9422,
#9423),(#9424,#9425),(#9426,#9427),(#9428,#9429),(#9430,#9431),(#9432,#9433),
(#9434,#9435),(#9436,#9437),(#9438,#9439),(#9440,#9441),(#9442,#9443),(#9444,
#9445),(#9446,#9447)),.UNSPECIFIED.,.F.,.F.,.F.,(6,1,1,1,1,1,1,1,1,1,6),
(2,2),(0.,0.1,0.2,0.3,0.4,0.5,0.6,0.7,0.8,0.9,1.),(0.,0.24),
 .UNSPECIFIED.);
#122=B_SPLINE_CURVE_WITH_KNOTS('',5,(#9273,#9274,#9275,#9276,#9277,#9278,
#9279,#9280,#9281,#9282,#9283,#9284,#9285,#9286,#9287),.UNSPECIFIED.,.F.,
 .F.,(6,1,1,1,1,1,1,1,1,1,6),(-1.,-0.9,-0.8,-0.7,-0.6,-0.5,-0.4,-0.3,-0.2,
-0.1,0.),.UNSPECIFIED.);
#123=B_SPLINE_CURVE_WITH_KNOTS('',5,(#9366,#9367,#9368,#9369,#9370,#9371,
#9372,#9373,#9374,#9375,#9376,#9377,#9378,#9379,#9380),.UNSPECIFIED.,.F.,
 .F.,(6,1,1,1,1,1,1,1,1,1,6),(0.,0.1,0.2,0.3,0.4,0.5,0.6,0.7,0.8,0.9,1.),
 .UNSPECIFIED.);
#124=CIRCLE('',#6013,14.5);
#125=CIRCLE('',#6014,14.5);
#126=CIRCLE('',#6039,10.);
#127=CIRCLE('',#6040,10.);
#128=CIRCLE('',#6042,10.);
#129=CIRCLE('',#6043,10.);
#130=CIRCLE('',#6066,8.5);
#131=CIRCLE('',#6067,8.5);
#132=CIRCLE('',#6073,8.5);
#133=CIRCLE('',#6074,8.5);
#134=CIRCLE('',#6080,8.5);
#135=CIRCLE('',#6081,8.5);
#136=CIRCLE('',#6087,8.5);
#137=CIRCLE('',#6088,8.5);
#138=CIRCLE('',#6094,8.5);
#139=CIRCLE('',#6095,8.5);
#140=CIRCLE('',#6101,8.5);
#141=CIRCLE('',#6102,8.5);
#142=CIRCLE('',#6108,8.5);
#143=CIRCLE('',#6109,8.5);
#144=CIRCLE('',#6115,8.5);
#145=CIRCLE('',#6116,8.5);
#146=CIRCLE('',#6122,8.5);
#147=CIRCLE('',#6123,8.5);
#148=CIRCLE('',#6129,8.5);
#149=CIRCLE('',#6130,8.5);
#150=CIRCLE('',#6136,8.5);
#151=CIRCLE('',#6137,8.5);
#152=CIRCLE('',#6143,8.5);
#153=CIRCLE('',#6144,8.5);
#154=CIRCLE('',#6150,8.5);
#155=CIRCLE('',#6151,8.5);
#156=CIRCLE('',#6157,8.5);
#157=CIRCLE('',#6158,8.5);
#158=CIRCLE('',#6164,8.5);
#159=CIRCLE('',#6165,8.5);
#160=CIRCLE('',#6171,8.5);
#161=CIRCLE('',#6172,8.5);
#162=CIRCLE('',#6178,8.5);
#163=CIRCLE('',#6179,8.5);
#164=CIRCLE('',#6185,8.5);
#165=CIRCLE('',#6186,8.5);
#166=CIRCLE('',#6192,8.5);
#167=CIRCLE('',#6193,8.5);
#168=CIRCLE('',#6199,8.5);
#169=CIRCLE('',#6200,8.5);
#170=CIRCLE('',#6206,8.5);
#171=CIRCLE('',#6207,8.5);
#172=CIRCLE('',#6213,8.5);
#173=CIRCLE('',#6214,8.5);
#174=CIRCLE('',#6220,8.5);
#175=CIRCLE('',#6221,8.5);
#176=CIRCLE('',#6227,8.5);
#177=CIRCLE('',#6228,8.5);
#178=CIRCLE('',#6234,8.5);
#179=CIRCLE('',#6235,8.5);
#180=CIRCLE('',#6237,9.5);
#181=CIRCLE('',#6238,9.5);
#182=CIRCLE('',#6254,0.5);
#183=CIRCLE('',#6255,0.5);
#184=CIRCLE('',#6258,0.5);
#185=CIRCLE('',#6259,0.5);
#186=CIRCLE('',#6260,2.125);
#187=CIRCLE('',#6261,2.125);
#188=CIRCLE('',#6262,0.5);
#189=CIRCLE('',#6263,2.125);
#190=CIRCLE('',#6264,2.125);
#191=CIRCLE('',#6265,0.5);
#192=CIRCLE('',#6266,0.5);
#193=CIRCLE('',#6267,0.5);
#194=CIRCLE('',#6268,0.5);
#195=CIRCLE('',#6270,0.5);
#196=CIRCLE('',#6272,0.5);
#197=CIRCLE('',#6273,9.8);
#198=CIRCLE('',#6274,0.5);
#199=CIRCLE('',#6275,0.5);
#200=CIRCLE('',#6276,9.8);
#201=CIRCLE('',#6279,0.5);
#202=CIRCLE('',#6282,0.5);
#203=CIRCLE('',#6285,0.5);
#204=CIRCLE('',#6288,0.5);
#205=CIRCLE('',#6291,9.8);
#206=CIRCLE('',#6293,0.5);
#207=CIRCLE('',#6296,9.8);
#208=CIRCLE('',#6298,0.5);
#209=CIRCLE('',#6301,0.5);
#210=CIRCLE('',#6302,9.8);
#211=CIRCLE('',#6303,6.5);
#212=CIRCLE('',#6308,2.925);
#213=CIRCLE('',#6309,2.925);
#214=CIRCLE('',#6312,5.35);
#215=CIRCLE('',#6313,5.35);
#216=CIRCLE('',#6316,6.5);
#217=CIRCLE('',#6325,2.125);
#218=CIRCLE('',#6326,2.125);
#219=CIRCLE('',#6328,2.125);
#220=CIRCLE('',#6329,2.125);
#221=CIRCLE('',#6354,0.5);
#222=CIRCLE('',#6355,0.5);
#223=CIRCLE('',#6358,2.);
#224=CIRCLE('',#6359,0.5);
#225=CIRCLE('',#6360,0.5);
#226=CIRCLE('',#6362,0.5);
#227=CIRCLE('',#6365,0.5);
#228=CIRCLE('',#6373,2.);
#229=CIRCLE('',#6386,6.24277736089774);
#230=CIRCLE('',#6387,6.24277736089774);
#231=CYLINDRICAL_SURFACE('',#6012,14.5);
#232=CYLINDRICAL_SURFACE('',#6038,10.);
#233=CYLINDRICAL_SURFACE('',#6041,10.);
#234=CYLINDRICAL_SURFACE('',#6065,8.5);
#235=CYLINDRICAL_SURFACE('',#6072,8.5);
#236=CYLINDRICAL_SURFACE('',#6079,8.5);
#237=CYLINDRICAL_SURFACE('',#6086,8.5);
#238=CYLINDRICAL_SURFACE('',#6093,8.5);
#239=CYLINDRICAL_SURFACE('',#6100,8.5);
#240=CYLINDRICAL_SURFACE('',#6107,8.5);
#241=CYLINDRICAL_SURFACE('',#6114,8.5);
#242=CYLINDRICAL_SURFACE('',#6121,8.5);
#243=CYLINDRICAL_SURFACE('',#6128,8.5);
#244=CYLINDRICAL_SURFACE('',#6135,8.5);
#245=CYLINDRICAL_SURFACE('',#6142,8.5);
#246=CYLINDRICAL_SURFACE('',#6149,8.5);
#247=CYLINDRICAL_SURFACE('',#6156,8.5);
#248=CYLINDRICAL_SURFACE('',#6163,8.5);
#249=CYLINDRICAL_SURFACE('',#6170,8.5);
#250=CYLINDRICAL_SURFACE('',#6177,8.5);
#251=CYLINDRICAL_SURFACE('',#6184,8.5);
#252=CYLINDRICAL_SURFACE('',#6191,8.5);
#253=CYLINDRICAL_SURFACE('',#6198,8.5);
#254=CYLINDRICAL_SURFACE('',#6205,8.5);
#255=CYLINDRICAL_SURFACE('',#6212,8.5);
#256=CYLINDRICAL_SURFACE('',#6219,8.5);
#257=CYLINDRICAL_SURFACE('',#6226,8.5);
#258=CYLINDRICAL_SURFACE('',#6233,8.5);
#259=CYLINDRICAL_SURFACE('',#6236,9.5);
#260=CYLINDRICAL_SURFACE('',#6253,0.5);
#261=CYLINDRICAL_SURFACE('',#6269,0.5);
#262=CYLINDRICAL_SURFACE('',#6278,0.5);
#263=CYLINDRICAL_SURFACE('',#6281,0.5);
#264=CYLINDRICAL_SURFACE('',#6284,0.5);
#265=CYLINDRICAL_SURFACE('',#6287,0.5);
#266=CYLINDRICAL_SURFACE('',#6292,0.5);
#267=CYLINDRICAL_SURFACE('',#6297,0.5);
#268=CYLINDRICAL_SURFACE('',#6304,0.5);
#269=CYLINDRICAL_SURFACE('',#6306,0.5);
#270=CYLINDRICAL_SURFACE('',#6307,2.925);
#271=CYLINDRICAL_SURFACE('',#6311,5.35);
#272=CYLINDRICAL_SURFACE('',#6315,6.5);
#273=CYLINDRICAL_SURFACE('',#6318,9.8);
#274=CYLINDRICAL_SURFACE('',#6330,2.125);
#275=CYLINDRICAL_SURFACE('',#6334,2.125);
#276=CYLINDRICAL_SURFACE('',#6341,2.125);
#277=CYLINDRICAL_SURFACE('',#6345,2.125);
#278=CYLINDRICAL_SURFACE('',#6353,0.5);
#279=CYLINDRICAL_SURFACE('',#6361,0.5);
#280=CYLINDRICAL_SURFACE('',#6364,0.5);
#281=CYLINDRICAL_SURFACE('',#6372,2.);
#282=CYLINDRICAL_SURFACE('',#6385,6.24277736089774);
#283=SHAPE_REPRESENTATION_RELATIONSHIP('SRR','None',#9786,#295);
#284=SHAPE_REPRESENTATION_RELATIONSHIP('SRR','None',#9787,#296);
#285=SHAPE_REPRESENTATION_RELATIONSHIP('SRR','None',#9788,#297);
#286=SHAPE_REPRESENTATION_RELATIONSHIP('SRR','None',#9789,#298);
#287=SHAPE_REPRESENTATION_RELATIONSHIP('SRR','None',#9790,#299);
#288=SHAPE_REPRESENTATION_RELATIONSHIP('SRR','None',#9791,#300);
#289=SHAPE_REPRESENTATION_RELATIONSHIP('SRR','None',#9792,#301);
#290=SHAPE_REPRESENTATION_RELATIONSHIP('SRR','None',#9793,#302);
#291=SHAPE_REPRESENTATION_RELATIONSHIP('SRR','None',#9794,#303);
#292=SHAPE_REPRESENTATION_RELATIONSHIP('SRR','None',#9795,#304);
#293=SHAPE_REPRESENTATION_RELATIONSHIP('SRR','None',#9796,#305);
#294=SHAPE_REPRESENTATION_RELATIONSHIP('SRR','None',#9797,#306);
#295=ADVANCED_BREP_SHAPE_REPRESENTATION('',(#321),#9716);
#296=ADVANCED_BREP_SHAPE_REPRESENTATION('',(#322),#9717);
#297=ADVANCED_BREP_SHAPE_REPRESENTATION('',(#323),#9718);
#298=ADVANCED_BREP_SHAPE_REPRESENTATION('',(#324),#9719);
#299=ADVANCED_BREP_SHAPE_REPRESENTATION('',(#325),#9720);
#300=ADVANCED_BREP_SHAPE_REPRESENTATION('',(#326),#9721);
#301=ADVANCED_BREP_SHAPE_REPRESENTATION('',(#327),#9722);
#302=ADVANCED_BREP_SHAPE_REPRESENTATION('',(#328),#9723);
#303=ADVANCED_BREP_SHAPE_REPRESENTATION('',(#329),#9724);
#304=ADVANCED_BREP_SHAPE_REPRESENTATION('',(#330,#331),#9725);
#305=ADVANCED_BREP_SHAPE_REPRESENTATION('',(#332),#9726);
#306=ADVANCED_BREP_SHAPE_REPRESENTATION('',(#333),#9727);
#307=STYLED_ITEM('',(#9854),#321);
#308=STYLED_ITEM('',(#9854),#322);
#309=STYLED_ITEM('',(#9855),#323);
#310=STYLED_ITEM('',(#9854),#324);
#311=STYLED_ITEM('',(#9854),#325);
#312=STYLED_ITEM('',(#9854),#326);
#313=STYLED_ITEM('',(#9854),#327);
#314=STYLED_ITEM('',(#9856),#328);
#315=STYLED_ITEM('',(#9857),#329);
#316=STYLED_ITEM('',(#9858),#330);
#317=STYLED_ITEM('',(#9858),#331);
#318=STYLED_ITEM('',(#9854),#332);
#319=STYLED_ITEM('',(#9854),#333);
#320=STYLED_ITEM('',(#9859),#15);
#321=MANIFOLD_SOLID_BREP('Body2',#5824);
#322=MANIFOLD_SOLID_BREP('Body1',#5825);
#323=MANIFOLD_SOLID_BREP('Body1',#5826);
#324=MANIFOLD_SOLID_BREP('Body1',#5827);
#325=MANIFOLD_SOLID_BREP('Body1',#5828);
#326=MANIFOLD_SOLID_BREP('Body1',#5829);
#327=MANIFOLD_SOLID_BREP('Body1',#5830);
#328=MANIFOLD_SOLID_BREP('Body1',#5831);
#329=MANIFOLD_SOLID_BREP('Body1',#5832);
#330=MANIFOLD_SOLID_BREP('Body1',#5833);
#331=MANIFOLD_SOLID_BREP('Body2',#5834);
#332=MANIFOLD_SOLID_BREP('Body1',#5835);
#333=MANIFOLD_SOLID_BREP('Body1',#5836);
#334=FACE_BOUND('',#668,.T.);
#335=FACE_BOUND('',#670,.T.);
#336=FACE_BOUND('',#680,.T.);
#337=FACE_BOUND('',#692,.T.);
#338=FACE_BOUND('',#694,.T.);
#339=FACE_BOUND('',#703,.T.);
#340=FACE_BOUND('',#709,.T.);
#341=FACE_BOUND('',#711,.T.);
#342=FACE_BOUND('',#725,.T.);
#343=FACE_BOUND('',#727,.T.);
#344=FACE_BOUND('',#734,.T.);
#345=FACE_BOUND('',#735,.T.);
#346=FACE_BOUND('',#737,.T.);
#347=FACE_BOUND('',#738,.T.);
#348=FACE_BOUND('',#876,.T.);
#349=FACE_BOUND('',#878,.T.);
#350=FACE_BOUND('',#892,.T.);
#351=FACE_BOUND('',#911,.T.);
#352=FACE_BOUND('',#919,.T.);
#353=FACE_BOUND('',#922,.T.);
#354=FACE_BOUND('',#958,.T.);
#355=FACE_BOUND('',#971,.T.);
#356=FACE_OUTER_BOUND('',#659,.T.);
#357=FACE_OUTER_BOUND('',#660,.T.);
#358=FACE_OUTER_BOUND('',#661,.T.);
#359=FACE_OUTER_BOUND('',#662,.T.);
#360=FACE_OUTER_BOUND('',#663,.T.);
#361=FACE_OUTER_BOUND('',#664,.T.);
#362=FACE_OUTER_BOUND('',#665,.T.);
#363=FACE_OUTER_BOUND('',#666,.T.);
#364=FACE_OUTER_BOUND('',#667,.T.);
#365=FACE_OUTER_BOUND('',#669,.T.);
#366=FACE_OUTER_BOUND('',#671,.T.);
#367=FACE_OUTER_BOUND('',#672,.T.);
#368=FACE_OUTER_BOUND('',#673,.T.);
#369=FACE_OUTER_BOUND('',#674,.T.);
#370=FACE_OUTER_BOUND('',#675,.T.);
#371=FACE_OUTER_BOUND('',#676,.T.);
#372=FACE_OUTER_BOUND('',#677,.T.);
#373=FACE_OUTER_BOUND('',#678,.T.);
#374=FACE_OUTER_BOUND('',#679,.T.);
#375=FACE_OUTER_BOUND('',#681,.T.);
#376=FACE_OUTER_BOUND('',#682,.T.);
#377=FACE_OUTER_BOUND('',#683,.T.);
#378=FACE_OUTER_BOUND('',#684,.T.);
#379=FACE_OUTER_BOUND('',#685,.T.);
#380=FACE_OUTER_BOUND('',#686,.T.);
#381=FACE_OUTER_BOUND('',#687,.T.);
#382=FACE_OUTER_BOUND('',#688,.T.);
#383=FACE_OUTER_BOUND('',#689,.T.);
#384=FACE_OUTER_BOUND('',#690,.T.);
#385=FACE_OUTER_BOUND('',#691,.T.);
#386=FACE_OUTER_BOUND('',#693,.T.);
#387=FACE_OUTER_BOUND('',#695,.T.);
#388=FACE_OUTER_BOUND('',#696,.T.);
#389=FACE_OUTER_BOUND('',#697,.T.);
#390=FACE_OUTER_BOUND('',#698,.T.);
#391=FACE_OUTER_BOUND('',#699,.T.);
#392=FACE_OUTER_BOUND('',#700,.T.);
#393=FACE_OUTER_BOUND('',#701,.T.);
#394=FACE_OUTER_BOUND('',#702,.T.);
#395=FACE_OUTER_BOUND('',#704,.T.);
#396=FACE_OUTER_BOUND('',#705,.T.);
#397=FACE_OUTER_BOUND('',#706,.T.);
#398=FACE_OUTER_BOUND('',#707,.T.);
#399=FACE_OUTER_BOUND('',#708,.T.);
#400=FACE_OUTER_BOUND('',#710,.T.);
#401=FACE_OUTER_BOUND('',#712,.T.);
#402=FACE_OUTER_BOUND('',#713,.T.);
#403=FACE_OUTER_BOUND('',#714,.T.);
#404=FACE_OUTER_BOUND('',#715,.T.);
#405=FACE_OUTER_BOUND('',#716,.T.);
#406=FACE_OUTER_BOUND('',#717,.T.);
#407=FACE_OUTER_BOUND('',#718,.T.);
#408=FACE_OUTER_BOUND('',#719,.T.);
#409=FACE_OUTER_BOUND('',#720,.T.);
#410=FACE_OUTER_BOUND('',#721,.T.);
#411=FACE_OUTER_BOUND('',#722,.T.);
#412=FACE_OUTER_BOUND('',#723,.T.);
#413=FACE_OUTER_BOUND('',#724,.T.);
#414=FACE_OUTER_BOUND('',#726,.T.);
#415=FACE_OUTER_BOUND('',#728,.T.);
#416=FACE_OUTER_BOUND('',#729,.T.);
#417=FACE_OUTER_BOUND('',#730,.T.);
#418=FACE_OUTER_BOUND('',#731,.T.);
#419=FACE_OUTER_BOUND('',#732,.T.);
#420=FACE_OUTER_BOUND('',#733,.T.);
#421=FACE_OUTER_BOUND('',#736,.T.);
#422=FACE_OUTER_BOUND('',#739,.T.);
#423=FACE_OUTER_BOUND('',#740,.T.);
#424=FACE_OUTER_BOUND('',#741,.T.);
#425=FACE_OUTER_BOUND('',#742,.T.);
#426=FACE_OUTER_BOUND('',#743,.T.);
#427=FACE_OUTER_BOUND('',#744,.T.);
#428=FACE_OUTER_BOUND('',#745,.T.);
#429=FACE_OUTER_BOUND('',#746,.T.);
#430=FACE_OUTER_BOUND('',#747,.T.);
#431=FACE_OUTER_BOUND('',#748,.T.);
#432=FACE_OUTER_BOUND('',#749,.T.);
#433=FACE_OUTER_BOUND('',#750,.T.);
#434=FACE_OUTER_BOUND('',#751,.T.);
#435=FACE_OUTER_BOUND('',#752,.T.);
#436=FACE_OUTER_BOUND('',#753,.T.);
#437=FACE_OUTER_BOUND('',#754,.T.);
#438=FACE_OUTER_BOUND('',#755,.T.);
#439=FACE_OUTER_BOUND('',#756,.T.);
#440=FACE_OUTER_BOUND('',#757,.T.);
#441=FACE_OUTER_BOUND('',#758,.T.);
#442=FACE_OUTER_BOUND('',#759,.T.);
#443=FACE_OUTER_BOUND('',#760,.T.);
#444=FACE_OUTER_BOUND('',#761,.T.);
#445=FACE_OUTER_BOUND('',#762,.T.);
#446=FACE_OUTER_BOUND('',#763,.T.);
#447=FACE_OUTER_BOUND('',#764,.T.);
#448=FACE_OUTER_BOUND('',#765,.T.);
#449=FACE_OUTER_BOUND('',#766,.T.);
#450=FACE_OUTER_BOUND('',#767,.T.);
#451=FACE_OUTER_BOUND('',#768,.T.);
#452=FACE_OUTER_BOUND('',#769,.T.);
#453=FACE_OUTER_BOUND('',#770,.T.);
#454=FACE_OUTER_BOUND('',#771,.T.);
#455=FACE_OUTER_BOUND('',#772,.T.);
#456=FACE_OUTER_BOUND('',#773,.T.);
#457=FACE_OUTER_BOUND('',#774,.T.);
#458=FACE_OUTER_BOUND('',#775,.T.);
#459=FACE_OUTER_BOUND('',#776,.T.);
#460=FACE_OUTER_BOUND('',#777,.T.);
#461=FACE_OUTER_BOUND('',#778,.T.);
#462=FACE_OUTER_BOUND('',#779,.T.);
#463=FACE_OUTER_BOUND('',#780,.T.);
#464=FACE_OUTER_BOUND('',#781,.T.);
#465=FACE_OUTER_BOUND('',#782,.T.);
#466=FACE_OUTER_BOUND('',#783,.T.);
#467=FACE_OUTER_BOUND('',#784,.T.);
#468=FACE_OUTER_BOUND('',#785,.T.);
#469=FACE_OUTER_BOUND('',#786,.T.);
#470=FACE_OUTER_BOUND('',#787,.T.);
#471=FACE_OUTER_BOUND('',#788,.T.);
#472=FACE_OUTER_BOUND('',#789,.T.);
#473=FACE_OUTER_BOUND('',#790,.T.);
#474=FACE_OUTER_BOUND('',#791,.T.);
#475=FACE_OUTER_BOUND('',#792,.T.);
#476=FACE_OUTER_BOUND('',#793,.T.);
#477=FACE_OUTER_BOUND('',#794,.T.);
#478=FACE_OUTER_BOUND('',#795,.T.);
#479=FACE_OUTER_BOUND('',#796,.T.);
#480=FACE_OUTER_BOUND('',#797,.T.);
#481=FACE_OUTER_BOUND('',#798,.T.);
#482=FACE_OUTER_BOUND('',#799,.T.);
#483=FACE_OUTER_BOUND('',#800,.T.);
#484=FACE_OUTER_BOUND('',#801,.T.);
#485=FACE_OUTER_BOUND('',#802,.T.);
#486=FACE_OUTER_BOUND('',#803,.T.);
#487=FACE_OUTER_BOUND('',#804,.T.);
#488=FACE_OUTER_BOUND('',#805,.T.);
#489=FACE_OUTER_BOUND('',#806,.T.);
#490=FACE_OUTER_BOUND('',#807,.T.);
#491=FACE_OUTER_BOUND('',#808,.T.);
#492=FACE_OUTER_BOUND('',#809,.T.);
#493=FACE_OUTER_BOUND('',#810,.T.);
#494=FACE_OUTER_BOUND('',#811,.T.);
#495=FACE_OUTER_BOUND('',#812,.T.);
#496=FACE_OUTER_BOUND('',#813,.T.);
#497=FACE_OUTER_BOUND('',#814,.T.);
#498=FACE_OUTER_BOUND('',#815,.T.);
#499=FACE_OUTER_BOUND('',#816,.T.);
#500=FACE_OUTER_BOUND('',#817,.T.);
#501=FACE_OUTER_BOUND('',#818,.T.);
#502=FACE_OUTER_BOUND('',#819,.T.);
#503=FACE_OUTER_BOUND('',#820,.T.);
#504=FACE_OUTER_BOUND('',#821,.T.);
#505=FACE_OUTER_BOUND('',#822,.T.);
#506=FACE_OUTER_BOUND('',#823,.T.);
#507=FACE_OUTER_BOUND('',#824,.T.);
#508=FACE_OUTER_BOUND('',#825,.T.);
#509=FACE_OUTER_BOUND('',#826,.T.);
#510=FACE_OUTER_BOUND('',#827,.T.);
#511=FACE_OUTER_BOUND('',#828,.T.);
#512=FACE_OUTER_BOUND('',#829,.T.);
#513=FACE_OUTER_BOUND('',#830,.T.);
#514=FACE_OUTER_BOUND('',#831,.T.);
#515=FACE_OUTER_BOUND('',#832,.T.);
#516=FACE_OUTER_BOUND('',#833,.T.);
#517=FACE_OUTER_BOUND('',#834,.T.);
#518=FACE_OUTER_BOUND('',#835,.T.);
#519=FACE_OUTER_BOUND('',#836,.T.);
#520=FACE_OUTER_BOUND('',#837,.T.);
#521=FACE_OUTER_BOUND('',#838,.T.);
#522=FACE_OUTER_BOUND('',#839,.T.);
#523=FACE_OUTER_BOUND('',#840,.T.);
#524=FACE_OUTER_BOUND('',#841,.T.);
#525=FACE_OUTER_BOUND('',#842,.T.);
#526=FACE_OUTER_BOUND('',#843,.T.);
#527=FACE_OUTER_BOUND('',#844,.T.);
#528=FACE_OUTER_BOUND('',#845,.T.);
#529=FACE_OUTER_BOUND('',#846,.T.);
#530=FACE_OUTER_BOUND('',#847,.T.);
#531=FACE_OUTER_BOUND('',#848,.T.);
#532=FACE_OUTER_BOUND('',#849,.T.);
#533=FACE_OUTER_BOUND('',#850,.T.);
#534=FACE_OUTER_BOUND('',#851,.T.);
#535=FACE_OUTER_BOUND('',#852,.T.);
#536=FACE_OUTER_BOUND('',#853,.T.);
#537=FACE_OUTER_BOUND('',#854,.T.);
#538=FACE_OUTER_BOUND('',#855,.T.);
#539=FACE_OUTER_BOUND('',#856,.T.);
#540=FACE_OUTER_BOUND('',#857,.T.);
#541=FACE_OUTER_BOUND('',#858,.T.);
#542=FACE_OUTER_BOUND('',#859,.T.);
#543=FACE_OUTER_BOUND('',#860,.T.);
#544=FACE_OUTER_BOUND('',#861,.T.);
#545=FACE_OUTER_BOUND('',#862,.T.);
#546=FACE_OUTER_BOUND('',#863,.T.);
#547=FACE_OUTER_BOUND('',#864,.T.);
#548=FACE_OUTER_BOUND('',#865,.T.);
#549=FACE_OUTER_BOUND('',#866,.T.);
#550=FACE_OUTER_BOUND('',#867,.T.);
#551=FACE_OUTER_BOUND('',#868,.T.);
#552=FACE_OUTER_BOUND('',#869,.T.);
#553=FACE_OUTER_BOUND('',#870,.T.);
#554=FACE_OUTER_BOUND('',#871,.T.);
#555=FACE_OUTER_BOUND('',#872,.T.);
#556=FACE_OUTER_BOUND('',#873,.T.);
#557=FACE_OUTER_BOUND('',#874,.T.);
#558=FACE_OUTER_BOUND('',#875,.T.);
#559=FACE_OUTER_BOUND('',#877,.T.);
#560=FACE_OUTER_BOUND('',#879,.T.);
#561=FACE_OUTER_BOUND('',#880,.T.);
#562=FACE_OUTER_BOUND('',#881,.T.);
#563=FACE_OUTER_BOUND('',#882,.T.);
#564=FACE_OUTER_BOUND('',#883,.T.);
#565=FACE_OUTER_BOUND('',#884,.T.);
#566=FACE_OUTER_BOUND('',#885,.T.);
#567=FACE_OUTER_BOUND('',#886,.T.);
#568=FACE_OUTER_BOUND('',#887,.T.);
#569=FACE_OUTER_BOUND('',#888,.T.);
#570=FACE_OUTER_BOUND('',#889,.T.);
#571=FACE_OUTER_BOUND('',#890,.T.);
#572=FACE_OUTER_BOUND('',#891,.T.);
#573=FACE_OUTER_BOUND('',#893,.T.);
#574=FACE_OUTER_BOUND('',#894,.T.);
#575=FACE_OUTER_BOUND('',#895,.T.);
#576=FACE_OUTER_BOUND('',#896,.T.);
#577=FACE_OUTER_BOUND('',#897,.T.);
#578=FACE_OUTER_BOUND('',#898,.T.);
#579=FACE_OUTER_BOUND('',#899,.T.);
#580=FACE_OUTER_BOUND('',#900,.T.);
#581=FACE_OUTER_BOUND('',#901,.T.);
#582=FACE_OUTER_BOUND('',#902,.T.);
#583=FACE_OUTER_BOUND('',#903,.T.);
#584=FACE_OUTER_BOUND('',#904,.T.);
#585=FACE_OUTER_BOUND('',#905,.T.);
#586=FACE_OUTER_BOUND('',#906,.T.);
#587=FACE_OUTER_BOUND('',#907,.T.);
#588=FACE_OUTER_BOUND('',#908,.T.);
#589=FACE_OUTER_BOUND('',#909,.T.);
#590=FACE_OUTER_BOUND('',#910,.T.);
#591=FACE_OUTER_BOUND('',#912,.T.);
#592=FACE_OUTER_BOUND('',#913,.T.);
#593=FACE_OUTER_BOUND('',#914,.T.);
#594=FACE_OUTER_BOUND('',#915,.T.);
#595=FACE_OUTER_BOUND('',#916,.T.);
#596=FACE_OUTER_BOUND('',#917,.T.);
#597=FACE_OUTER_BOUND('',#918,.T.);
#598=FACE_OUTER_BOUND('',#920,.T.);
#599=FACE_OUTER_BOUND('',#921,.T.);
#600=FACE_OUTER_BOUND('',#923,.T.);
#601=FACE_OUTER_BOUND('',#924,.T.);
#602=FACE_OUTER_BOUND('',#925,.T.);
#603=FACE_OUTER_BOUND('',#926,.T.);
#604=FACE_OUTER_BOUND('',#927,.T.);
#605=FACE_OUTER_BOUND('',#928,.T.);
#606=FACE_OUTER_BOUND('',#929,.T.);
#607=FACE_OUTER_BOUND('',#930,.T.);
#608=FACE_OUTER_BOUND('',#931,.T.);
#609=FACE_OUTER_BOUND('',#932,.T.);
#610=FACE_OUTER_BOUND('',#933,.T.);
#611=FACE_OUTER_BOUND('',#934,.T.);
#612=FACE_OUTER_BOUND('',#935,.T.);
#613=FACE_OUTER_BOUND('',#936,.T.);
#614=FACE_OUTER_BOUND('',#937,.T.);
#615=FACE_OUTER_BOUND('',#938,.T.);
#616=FACE_OUTER_BOUND('',#939,.T.);
#617=FACE_OUTER_BOUND('',#940,.T.);
#618=FACE_OUTER_BOUND('',#941,.T.);
#619=FACE_OUTER_BOUND('',#942,.T.);
#620=FACE_OUTER_BOUND('',#943,.T.);
#621=FACE_OUTER_BOUND('',#944,.T.);
#622=FACE_OUTER_BOUND('',#945,.T.);
#623=FACE_OUTER_BOUND('',#946,.T.);
#624=FACE_OUTER_BOUND('',#947,.T.);
#625=FACE_OUTER_BOUND('',#948,.T.);
#626=FACE_OUTER_BOUND('',#949,.T.);
#627=FACE_OUTER_BOUND('',#950,.T.);
#628=FACE_OUTER_BOUND('',#951,.T.);
#629=FACE_OUTER_BOUND('',#952,.T.);
#630=FACE_OUTER_BOUND('',#953,.T.);
#631=FACE_OUTER_BOUND('',#954,.T.);
#632=FACE_OUTER_BOUND('',#955,.T.);
#633=FACE_OUTER_BOUND('',#956,.T.);
#634=FACE_OUTER_BOUND('',#957,.T.);
#635=FACE_OUTER_BOUND('',#959,.T.);
#636=FACE_OUTER_BOUND('',#960,.T.);
#637=FACE_OUTER_BOUND('',#961,.T.);
#638=FACE_OUTER_BOUND('',#962,.T.);
#639=FACE_OUTER_BOUND('',#963,.T.);
#640=FACE_OUTER_BOUND('',#964,.T.);
#641=FACE_OUTER_BOUND('',#965,.T.);
#642=FACE_OUTER_BOUND('',#966,.T.);
#643=FACE_OUTER_BOUND('',#967,.T.);
#644=FACE_OUTER_BOUND('',#968,.T.);
#645=FACE_OUTER_BOUND('',#969,.T.);
#646=FACE_OUTER_BOUND('',#970,.T.);
#647=FACE_OUTER_BOUND('',#972,.T.);
#648=FACE_OUTER_BOUND('',#973,.T.);
#649=FACE_OUTER_BOUND('',#974,.T.);
#650=FACE_OUTER_BOUND('',#975,.T.);
#651=FACE_OUTER_BOUND('',#976,.T.);
#652=FACE_OUTER_BOUND('',#977,.T.);
#653=FACE_OUTER_BOUND('',#978,.T.);
#654=FACE_OUTER_BOUND('',#979,.T.);
#655=FACE_OUTER_BOUND('',#980,.T.);
#656=FACE_OUTER_BOUND('',#981,.T.);
#657=FACE_OUTER_BOUND('',#982,.T.);
#658=FACE_OUTER_BOUND('',#983,.T.);
#659=EDGE_LOOP('',(#3663,#3664,#3665,#3666));
#660=EDGE_LOOP('',(#3667,#3668,#3669,#3670));
#661=EDGE_LOOP('',(#3671,#3672,#3673,#3674));
#662=EDGE_LOOP('',(#3675,#3676,#3677,#3678));
#663=EDGE_LOOP('',(#3679,#3680,#3681,#3682));
#664=EDGE_LOOP('',(#3683,#3684,#3685,#3686));
#665=EDGE_LOOP('',(#3687,#3688,#3689,#3690));
#666=EDGE_LOOP('',(#3691,#3692,#3693,#3694));
#667=EDGE_LOOP('',(#3695,#3696,#3697,#3698));
#668=EDGE_LOOP('',(#3699,#3700,#3701,#3702));
#669=EDGE_LOOP('',(#3703,#3704,#3705,#3706));
#670=EDGE_LOOP('',(#3707,#3708,#3709,#3710));
#671=EDGE_LOOP('',(#3711,#3712,#3713,#3714));
#672=EDGE_LOOP('',(#3715,#3716,#3717,#3718));
#673=EDGE_LOOP('',(#3719,#3720,#3721,#3722));
#674=EDGE_LOOP('',(#3723,#3724,#3725,#3726));
#675=EDGE_LOOP('',(#3727,#3728,#3729,#3730));
#676=EDGE_LOOP('',(#3731,#3732,#3733,#3734));
#677=EDGE_LOOP('',(#3735,#3736,#3737,#3738));
#678=EDGE_LOOP('',(#3739,#3740,#3741,#3742));
#679=EDGE_LOOP('',(#3743,#3744,#3745,#3746));
#680=EDGE_LOOP('',(#3747,#3748,#3749,#3750));
#681=EDGE_LOOP('',(#3751,#3752,#3753,#3754));
#682=EDGE_LOOP('',(#3755,#3756,#3757,#3758));
#683=EDGE_LOOP('',(#3759,#3760,#3761,#3762));
#684=EDGE_LOOP('',(#3763,#3764,#3765,#3766));
#685=EDGE_LOOP('',(#3767,#3768,#3769,#3770));
#686=EDGE_LOOP('',(#3771,#3772,#3773,#3774));
#687=EDGE_LOOP('',(#3775,#3776,#3777,#3778));
#688=EDGE_LOOP('',(#3779,#3780,#3781,#3782));
#689=EDGE_LOOP('',(#3783,#3784,#3785,#3786));
#690=EDGE_LOOP('',(#3787,#3788,#3789,#3790));
#691=EDGE_LOOP('',(#3791,#3792,#3793,#3794));
#692=EDGE_LOOP('',(#3795,#3796,#3797,#3798));
#693=EDGE_LOOP('',(#3799,#3800,#3801,#3802));
#694=EDGE_LOOP('',(#3803,#3804,#3805,#3806));
#695=EDGE_LOOP('',(#3807,#3808,#3809,#3810));
#696=EDGE_LOOP('',(#3811,#3812,#3813,#3814));
#697=EDGE_LOOP('',(#3815,#3816,#3817,#3818));
#698=EDGE_LOOP('',(#3819,#3820,#3821,#3822));
#699=EDGE_LOOP('',(#3823,#3824,#3825,#3826));
#700=EDGE_LOOP('',(#3827,#3828,#3829,#3830));
#701=EDGE_LOOP('',(#3831,#3832,#3833,#3834));
#702=EDGE_LOOP('',(#3835,#3836,#3837,#3838));
#703=EDGE_LOOP('',(#3839));
#704=EDGE_LOOP('',(#3840,#3841,#3842,#3843));
#705=EDGE_LOOP('',(#3844,#3845,#3846,#3847));
#706=EDGE_LOOP('',(#3848,#3849,#3850,#3851));
#707=EDGE_LOOP('',(#3852,#3853,#3854,#3855));
#708=EDGE_LOOP('',(#3856,#3857,#3858,#3859));
#709=EDGE_LOOP('',(#3860,#3861,#3862,#3863));
#710=EDGE_LOOP('',(#3864,#3865,#3866,#3867));
#711=EDGE_LOOP('',(#3868));
#712=EDGE_LOOP('',(#3869,#3870,#3871,#3872));
#713=EDGE_LOOP('',(#3873,#3874,#3875,#3876));
#714=EDGE_LOOP('',(#3877,#3878,#3879,#3880));
#715=EDGE_LOOP('',(#3881,#3882,#3883,#3884));
#716=EDGE_LOOP('',(#3885,#3886,#3887,#3888));
#717=EDGE_LOOP('',(#3889,#3890,#3891,#3892));
#718=EDGE_LOOP('',(#3893,#3894,#3895,#3896));
#719=EDGE_LOOP('',(#3897,#3898,#3899,#3900));
#720=EDGE_LOOP('',(#3901,#3902,#3903,#3904));
#721=EDGE_LOOP('',(#3905,#3906,#3907,#3908));
#722=EDGE_LOOP('',(#3909,#3910,#3911,#3912));
#723=EDGE_LOOP('',(#3913,#3914,#3915,#3916));
#724=EDGE_LOOP('',(#3917,#3918,#3919,#3920));
#725=EDGE_LOOP('',(#3921,#3922,#3923,#3924));
#726=EDGE_LOOP('',(#3925,#3926,#3927,#3928));
#727=EDGE_LOOP('',(#3929,#3930,#3931,#3932));
#728=EDGE_LOOP('',(#3933,#3934,#3935,#3936));
#729=EDGE_LOOP('',(#3937,#3938,#3939,#3940));
#730=EDGE_LOOP('',(#3941,#3942,#3943,#3944));
#731=EDGE_LOOP('',(#3945,#3946,#3947,#3948));
#732=EDGE_LOOP('',(#3949,#3950,#3951,#3952));
#733=EDGE_LOOP('',(#3953,#3954,#3955));
#734=EDGE_LOOP('',(#3956));
#735=EDGE_LOOP('',(#3957));
#736=EDGE_LOOP('',(#3958,#3959,#3960));
#737=EDGE_LOOP('',(#3961));
#738=EDGE_LOOP('',(#3962));
#739=EDGE_LOOP('',(#3963,#3964,#3965,#3966));
#740=EDGE_LOOP('',(#3967,#3968,#3969,#3970));
#741=EDGE_LOOP('',(#3971,#3972,#3973,#3974));
#742=EDGE_LOOP('',(#3975,#3976,#3977,#3978));
#743=EDGE_LOOP('',(#3979,#3980,#3981,#3982));
#744=EDGE_LOOP('',(#3983,#3984,#3985,#3986));
#745=EDGE_LOOP('',(#3987,#3988,#3989,#3990));
#746=EDGE_LOOP('',(#3991,#3992,#3993,#3994));
#747=EDGE_LOOP('',(#3995,#3996,#3997,#3998,#3999,#4000,#4001,#4002));
#748=EDGE_LOOP('',(#4003,#4004,#4005,#4006,#4007,#4008,#4009,#4010));
#749=EDGE_LOOP('',(#4011,#4012,#4013,#4014));
#750=EDGE_LOOP('',(#4015,#4016,#4017,#4018));
#751=EDGE_LOOP('',(#4019,#4020,#4021,#4022));
#752=EDGE_LOOP('',(#4023,#4024,#4025,#4026));
#753=EDGE_LOOP('',(#4027,#4028,#4029,#4030));
#754=EDGE_LOOP('',(#4031,#4032,#4033,#4034));
#755=EDGE_LOOP('',(#4035,#4036,#4037,#4038));
#756=EDGE_LOOP('',(#4039,#4040,#4041,#4042));
#757=EDGE_LOOP('',(#4043,#4044,#4045,#4046));
#758=EDGE_LOOP('',(#4047,#4048,#4049,#4050));
#759=EDGE_LOOP('',(#4051,#4052,#4053,#4054));
#760=EDGE_LOOP('',(#4055,#4056,#4057,#4058));
#761=EDGE_LOOP('',(#4059,#4060,#4061,#4062));
#762=EDGE_LOOP('',(#4063,#4064,#4065,#4066));
#763=EDGE_LOOP('',(#4067,#4068,#4069,#4070));
#764=EDGE_LOOP('',(#4071,#4072,#4073,#4074));
#765=EDGE_LOOP('',(#4075,#4076,#4077,#4078));
#766=EDGE_LOOP('',(#4079,#4080,#4081,#4082));
#767=EDGE_LOOP('',(#4083,#4084,#4085,#4086));
#768=EDGE_LOOP('',(#4087,#4088,#4089,#4090));
#769=EDGE_LOOP('',(#4091,#4092,#4093,#4094));
#770=EDGE_LOOP('',(#4095,#4096,#4097,#4098));
#771=EDGE_LOOP('',(#4099,#4100,#4101,#4102));
#772=EDGE_LOOP('',(#4103,#4104,#4105,#4106));
#773=EDGE_LOOP('',(#4107,#4108,#4109,#4110));
#774=EDGE_LOOP('',(#4111,#4112,#4113,#4114));
#775=EDGE_LOOP('',(#4115,#4116,#4117,#4118));
#776=EDGE_LOOP('',(#4119,#4120,#4121,#4122));
#777=EDGE_LOOP('',(#4123,#4124,#4125,#4126));
#778=EDGE_LOOP('',(#4127,#4128,#4129,#4130));
#779=EDGE_LOOP('',(#4131,#4132,#4133,#4134));
#780=EDGE_LOOP('',(#4135,#4136,#4137,#4138));
#781=EDGE_LOOP('',(#4139,#4140,#4141,#4142));
#782=EDGE_LOOP('',(#4143,#4144,#4145,#4146));
#783=EDGE_LOOP('',(#4147,#4148,#4149,#4150));
#784=EDGE_LOOP('',(#4151,#4152,#4153,#4154));
#785=EDGE_LOOP('',(#4155,#4156,#4157,#4158));
#786=EDGE_LOOP('',(#4159,#4160,#4161,#4162));
#787=EDGE_LOOP('',(#4163,#4164,#4165,#4166));
#788=EDGE_LOOP('',(#4167,#4168,#4169,#4170));
#789=EDGE_LOOP('',(#4171,#4172,#4173,#4174));
#790=EDGE_LOOP('',(#4175,#4176,#4177,#4178));
#791=EDGE_LOOP('',(#4179,#4180,#4181,#4182));
#792=EDGE_LOOP('',(#4183,#4184,#4185,#4186));
#793=EDGE_LOOP('',(#4187,#4188,#4189,#4190));
#794=EDGE_LOOP('',(#4191,#4192,#4193,#4194));
#795=EDGE_LOOP('',(#4195,#4196,#4197,#4198));
#796=EDGE_LOOP('',(#4199,#4200,#4201,#4202));
#797=EDGE_LOOP('',(#4203,#4204,#4205,#4206));
#798=EDGE_LOOP('',(#4207,#4208,#4209,#4210));
#799=EDGE_LOOP('',(#4211,#4212,#4213,#4214));
#800=EDGE_LOOP('',(#4215,#4216,#4217,#4218));
#801=EDGE_LOOP('',(#4219,#4220,#4221,#4222));
#802=EDGE_LOOP('',(#4223,#4224,#4225,#4226));
#803=EDGE_LOOP('',(#4227,#4228,#4229,#4230));
#804=EDGE_LOOP('',(#4231,#4232,#4233,#4234));
#805=EDGE_LOOP('',(#4235,#4236,#4237,#4238));
#806=EDGE_LOOP('',(#4239,#4240,#4241,#4242));
#807=EDGE_LOOP('',(#4243,#4244,#4245,#4246));
#808=EDGE_LOOP('',(#4247,#4248,#4249,#4250));
#809=EDGE_LOOP('',(#4251,#4252,#4253,#4254));
#810=EDGE_LOOP('',(#4255,#4256,#4257,#4258));
#811=EDGE_LOOP('',(#4259,#4260,#4261,#4262));
#812=EDGE_LOOP('',(#4263,#4264,#4265,#4266));
#813=EDGE_LOOP('',(#4267,#4268,#4269,#4270));
#814=EDGE_LOOP('',(#4271,#4272,#4273,#4274));
#815=EDGE_LOOP('',(#4275,#4276,#4277,#4278));
#816=EDGE_LOOP('',(#4279,#4280,#4281,#4282));
#817=EDGE_LOOP('',(#4283,#4284,#4285,#4286));
#818=EDGE_LOOP('',(#4287,#4288,#4289,#4290));
#819=EDGE_LOOP('',(#4291,#4292,#4293,#4294));
#820=EDGE_LOOP('',(#4295,#4296,#4297,#4298));
#821=EDGE_LOOP('',(#4299,#4300,#4301,#4302));
#822=EDGE_LOOP('',(#4303,#4304,#4305,#4306));
#823=EDGE_LOOP('',(#4307,#4308,#4309,#4310));
#824=EDGE_LOOP('',(#4311,#4312,#4313,#4314));
#825=EDGE_LOOP('',(#4315,#4316,#4317,#4318));
#826=EDGE_LOOP('',(#4319,#4320,#4321,#4322));
#827=EDGE_LOOP('',(#4323,#4324,#4325,#4326));
#828=EDGE_LOOP('',(#4327,#4328,#4329,#4330));
#829=EDGE_LOOP('',(#4331,#4332,#4333,#4334));
#830=EDGE_LOOP('',(#4335,#4336,#4337,#4338));
#831=EDGE_LOOP('',(#4339,#4340,#4341,#4342));
#832=EDGE_LOOP('',(#4343,#4344,#4345,#4346));
#833=EDGE_LOOP('',(#4347,#4348,#4349,#4350));
#834=EDGE_LOOP('',(#4351,#4352,#4353,#4354));
#835=EDGE_LOOP('',(#4355,#4356,#4357,#4358));
#836=EDGE_LOOP('',(#4359,#4360,#4361,#4362));
#837=EDGE_LOOP('',(#4363,#4364,#4365,#4366));
#838=EDGE_LOOP('',(#4367,#4368,#4369,#4370));
#839=EDGE_LOOP('',(#4371,#4372,#4373,#4374));
#840=EDGE_LOOP('',(#4375,#4376,#4377,#4378));
#841=EDGE_LOOP('',(#4379,#4380,#4381,#4382));
#842=EDGE_LOOP('',(#4383,#4384,#4385,#4386));
#843=EDGE_LOOP('',(#4387,#4388,#4389,#4390));
#844=EDGE_LOOP('',(#4391,#4392,#4393,#4394));
#845=EDGE_LOOP('',(#4395,#4396,#4397,#4398));
#846=EDGE_LOOP('',(#4399,#4400,#4401,#4402));
#847=EDGE_LOOP('',(#4403,#4404,#4405,#4406));
#848=EDGE_LOOP('',(#4407,#4408,#4409,#4410));
#849=EDGE_LOOP('',(#4411,#4412,#4413,#4414));
#850=EDGE_LOOP('',(#4415,#4416,#4417,#4418));
#851=EDGE_LOOP('',(#4419,#4420,#4421,#4422));
#852=EDGE_LOOP('',(#4423,#4424,#4425,#4426));
#853=EDGE_LOOP('',(#4427,#4428,#4429,#4430));
#854=EDGE_LOOP('',(#4431,#4432,#4433,#4434));
#855=EDGE_LOOP('',(#4435,#4436,#4437,#4438));
#856=EDGE_LOOP('',(#4439,#4440,#4441,#4442));
#857=EDGE_LOOP('',(#4443,#4444,#4445,#4446));
#858=EDGE_LOOP('',(#4447,#4448,#4449,#4450));
#859=EDGE_LOOP('',(#4451,#4452,#4453,#4454));
#860=EDGE_LOOP('',(#4455,#4456,#4457,#4458));
#861=EDGE_LOOP('',(#4459,#4460,#4461,#4462));
#862=EDGE_LOOP('',(#4463,#4464,#4465,#4466));
#863=EDGE_LOOP('',(#4467,#4468,#4469,#4470));
#864=EDGE_LOOP('',(#4471,#4472,#4473,#4474));
#865=EDGE_LOOP('',(#4475,#4476,#4477,#4478));
#866=EDGE_LOOP('',(#4479,#4480,#4481,#4482));
#867=EDGE_LOOP('',(#4483,#4484,#4485,#4486));
#868=EDGE_LOOP('',(#4487,#4488,#4489,#4490));
#869=EDGE_LOOP('',(#4491,#4492,#4493,#4494));
#870=EDGE_LOOP('',(#4495,#4496,#4497,#4498));
#871=EDGE_LOOP('',(#4499,#4500,#4501,#4502));
#872=EDGE_LOOP('',(#4503,#4504,#4505,#4506));
#873=EDGE_LOOP('',(#4507,#4508,#4509,#4510));
#874=EDGE_LOOP('',(#4511,#4512,#4513,#4514));
#875=EDGE_LOOP('',(#4515));
#876=EDGE_LOOP('',(#4516,#4517,#4518,#4519,#4520,#4521,#4522,#4523,#4524,
#4525,#4526,#4527,#4528,#4529,#4530,#4531,#4532,#4533,#4534,#4535,#4536,
#4537,#4538,#4539,#4540,#4541,#4542,#4543,#4544,#4545,#4546,#4547,#4548,
#4549,#4550,#4551,#4552,#4553,#4554,#4555,#4556,#4557,#4558,#4559,#4560,
#4561,#4562,#4563,#4564,#4565,#4566,#4567,#4568,#4569,#4570,#4571,#4572,
#4573,#4574,#4575,#4576,#4577,#4578,#4579,#4580,#4581,#4582,#4583,#4584,
#4585,#4586,#4587,#4588,#4589,#4590,#4591,#4592,#4593,#4594,#4595,#4596,
#4597,#4598,#4599,#4600,#4601,#4602,#4603,#4604,#4605,#4606,#4607,#4608,
#4609,#4610,#4611,#4612,#4613,#4614,#4615,#4616,#4617,#4618,#4619,#4620,
#4621,#4622,#4623,#4624,#4625,#4626,#4627,#4628,#4629,#4630,#4631,#4632,
#4633,#4634,#4635,#4636,#4637,#4638,#4639,#4640));
#877=EDGE_LOOP('',(#4641));
#878=EDGE_LOOP('',(#4642,#4643,#4644,#4645,#4646,#4647,#4648,#4649,#4650,
#4651,#4652,#4653,#4654,#4655,#4656,#4657,#4658,#4659,#4660,#4661,#4662,
#4663,#4664,#4665,#4666,#4667,#4668,#4669,#4670,#4671,#4672,#4673,#4674,
#4675,#4676,#4677,#4678,#4679,#4680,#4681,#4682,#4683,#4684,#4685,#4686,
#4687,#4688,#4689,#4690,#4691,#4692,#4693,#4694,#4695,#4696,#4697,#4698,
#4699,#4700,#4701,#4702,#4703,#4704,#4705,#4706,#4707,#4708,#4709,#4710,
#4711,#4712,#4713,#4714,#4715,#4716,#4717,#4718,#4719,#4720,#4721,#4722,
#4723,#4724,#4725,#4726,#4727,#4728,#4729,#4730,#4731,#4732,#4733,#4734,
#4735,#4736,#4737,#4738,#4739,#4740,#4741,#4742,#4743,#4744,#4745,#4746,
#4747,#4748,#4749,#4750,#4751,#4752,#4753,#4754,#4755,#4756,#4757,#4758,
#4759,#4760,#4761,#4762,#4763,#4764,#4765,#4766));
#879=EDGE_LOOP('',(#4767,#4768,#4769,#4770));
#880=EDGE_LOOP('',(#4771,#4772,#4773,#4774));
#881=EDGE_LOOP('',(#4775,#4776,#4777,#4778));
#882=EDGE_LOOP('',(#4779,#4780,#4781,#4782));
#883=EDGE_LOOP('',(#4783,#4784,#4785,#4786));
#884=EDGE_LOOP('',(#4787,#4788,#4789,#4790));
#885=EDGE_LOOP('',(#4791,#4792,#4793,#4794));
#886=EDGE_LOOP('',(#4795,#4796,#4797,#4798));
#887=EDGE_LOOP('',(#4799,#4800,#4801));
#888=EDGE_LOOP('',(#4802,#4803,#4804));
#889=EDGE_LOOP('',(#4805,#4806,#4807,#4808));
#890=EDGE_LOOP('',(#4809,#4810,#4811,#4812,#4813,#4814,#4815,#4816));
#891=EDGE_LOOP('',(#4817,#4818,#4819,#4820,#4821,#4822,#4823,#4824,#4825,
#4826,#4827,#4828,#4829,#4830,#4831,#4832,#4833,#4834,#4835,#4836,#4837,
#4838,#4839,#4840,#4841,#4842,#4843,#4844,#4845,#4846,#4847,#4848));
#892=EDGE_LOOP('',(#4849,#4850,#4851,#4852,#4853,#4854,#4855,#4856,#4857,
#4858,#4859,#4860,#4861,#4862,#4863,#4864));
#893=EDGE_LOOP('',(#4865,#4866,#4867,#4868));
#894=EDGE_LOOP('',(#4869,#4870,#4871,#4872,#4873,#4874,#4875,#4876,#4877,
#4878,#4879,#4880,#4881,#4882));
#895=EDGE_LOOP('',(#4883,#4884,#4885,#4886,#4887,#4888,#4889,#4890));
#896=EDGE_LOOP('',(#4891,#4892,#4893,#4894));
#897=EDGE_LOOP('',(#4895,#4896,#4897,#4898));
#898=EDGE_LOOP('',(#4899,#4900,#4901,#4902));
#899=EDGE_LOOP('',(#4903,#4904,#4905,#4906,#4907,#4908,#4909,#4910));
#900=EDGE_LOOP('',(#4911,#4912,#4913,#4914));
#901=EDGE_LOOP('',(#4915,#4916,#4917,#4918));
#902=EDGE_LOOP('',(#4919,#4920,#4921,#4922));
#903=EDGE_LOOP('',(#4923,#4924,#4925,#4926,#4927,#4928,#4929,#4930,#4931));
#904=EDGE_LOOP('',(#4932,#4933,#4934,#4935));
#905=EDGE_LOOP('',(#4936,#4937,#4938,#4939));
#906=EDGE_LOOP('',(#4940,#4941,#4942,#4943,#4944));
#907=EDGE_LOOP('',(#4945,#4946,#4947,#4948));
#908=EDGE_LOOP('',(#4949,#4950,#4951,#4952));
#909=EDGE_LOOP('',(#4953,#4954,#4955,#4956));
#910=EDGE_LOOP('',(#4957,#4958,#4959,#4960,#4961,#4962,#4963,#4964));
#911=EDGE_LOOP('',(#4965));
#912=EDGE_LOOP('',(#4966,#4967,#4968,#4969));
#913=EDGE_LOOP('',(#4970,#4971,#4972,#4973));
#914=EDGE_LOOP('',(#4974,#4975,#4976,#4977));
#915=EDGE_LOOP('',(#4978,#4979,#4980,#4981));
#916=EDGE_LOOP('',(#4982));
#917=EDGE_LOOP('',(#4983,#4984,#4985,#4986));
#918=EDGE_LOOP('',(#4987));
#919=EDGE_LOOP('',(#4988));
#920=EDGE_LOOP('',(#4989,#4990,#4991,#4992));
#921=EDGE_LOOP('',(#4993));
#922=EDGE_LOOP('',(#4994));
#923=EDGE_LOOP('',(#4995,#4996,#4997,#4998,#4999,#5000,#5001));
#924=EDGE_LOOP('',(#5002,#5003,#5004,#5005));
#925=EDGE_LOOP('',(#5006,#5007,#5008,#5009));
#926=EDGE_LOOP('',(#5010,#5011,#5012,#5013));
#927=EDGE_LOOP('',(#5014,#5015,#5016));
#928=EDGE_LOOP('',(#5017,#5018,#5019));
#929=EDGE_LOOP('',(#5020,#5021,#5022,#5023,#5024));
#930=EDGE_LOOP('',(#5025,#5026,#5027,#5028,#5029,#5030,#5031,#5032,#5033,
#5034,#5035,#5036));
#931=EDGE_LOOP('',(#5037,#5038,#5039,#5040,#5041,#5042,#5043,#5044,#5045,
#5046,#5047,#5048));
#932=EDGE_LOOP('',(#5049,#5050,#5051,#5052));
#933=EDGE_LOOP('',(#5053,#5054,#5055,#5056));
#934=EDGE_LOOP('',(#5057,#5058,#5059,#5060));
#935=EDGE_LOOP('',(#5061,#5062,#5063,#5064));
#936=EDGE_LOOP('',(#5065,#5066,#5067,#5068));
#937=EDGE_LOOP('',(#5069,#5070,#5071,#5072));
#938=EDGE_LOOP('',(#5073,#5074,#5075,#5076));
#939=EDGE_LOOP('',(#5077,#5078,#5079,#5080));
#940=EDGE_LOOP('',(#5081,#5082,#5083,#5084));
#941=EDGE_LOOP('',(#5085,#5086,#5087,#5088));
#942=EDGE_LOOP('',(#5089,#5090,#5091,#5092));
#943=EDGE_LOOP('',(#5093,#5094,#5095,#5096));
#944=EDGE_LOOP('',(#5097,#5098,#5099,#5100));
#945=EDGE_LOOP('',(#5101,#5102,#5103,#5104));
#946=EDGE_LOOP('',(#5105,#5106,#5107,#5108));
#947=EDGE_LOOP('',(#5109,#5110,#5111,#5112));
#948=EDGE_LOOP('',(#5113,#5114,#5115,#5116));
#949=EDGE_LOOP('',(#5117,#5118,#5119,#5120));
#950=EDGE_LOOP('',(#5121,#5122,#5123,#5124));
#951=EDGE_LOOP('',(#5125,#5126,#5127,#5128));
#952=EDGE_LOOP('',(#5129,#5130,#5131,#5132));
#953=EDGE_LOOP('',(#5133,#5134,#5135,#5136));
#954=EDGE_LOOP('',(#5137,#5138,#5139,#5140,#5141,#5142,#5143,#5144));
#955=EDGE_LOOP('',(#5145,#5146,#5147,#5148));
#956=EDGE_LOOP('',(#5149,#5150,#5151,#5152));
#957=EDGE_LOOP('',(#5153,#5154,#5155,#5156,#5157,#5158,#5159,#5160,#5161));
#958=EDGE_LOOP('',(#5162,#5163,#5164,#5165));
#959=EDGE_LOOP('',(#5166,#5167,#5168,#5169));
#960=EDGE_LOOP('',(#5170,#5171,#5172,#5173));
#961=EDGE_LOOP('',(#5174,#5175,#5176,#5177));
#962=EDGE_LOOP('',(#5178,#5179,#5180,#5181));
#963=EDGE_LOOP('',(#5182,#5183,#5184,#5185));
#964=EDGE_LOOP('',(#5186,#5187,#5188,#5189));
#965=EDGE_LOOP('',(#5190,#5191,#5192,#5193));
#966=EDGE_LOOP('',(#5194,#5195,#5196,#5197));
#967=EDGE_LOOP('',(#5198,#5199,#5200,#5201));
#968=EDGE_LOOP('',(#5202,#5203,#5204,#5205));
#969=EDGE_LOOP('',(#5206,#5207,#5208,#5209));
#970=EDGE_LOOP('',(#5210,#5211,#5212,#5213,#5214,#5215,#5216,#5217,#5218));
#971=EDGE_LOOP('',(#5219,#5220,#5221,#5222));
#972=EDGE_LOOP('',(#5223,#5224,#5225,#5226));
#973=EDGE_LOOP('',(#5227,#5228,#5229,#5230));
#974=EDGE_LOOP('',(#5231,#5232,#5233,#5234));
#975=EDGE_LOOP('',(#5235,#5236,#5237,#5238));
#976=EDGE_LOOP('',(#5239,#5240,#5241,#5242));
#977=EDGE_LOOP('',(#5243,#5244,#5245,#5246));
#978=EDGE_LOOP('',(#5247,#5248,#5249,#5250));
#979=EDGE_LOOP('',(#5251,#5252,#5253,#5254));
#980=EDGE_LOOP('',(#5255,#5256,#5257,#5258));
#981=EDGE_LOOP('',(#5259,#5260,#5261,#5262));
#982=EDGE_LOOP('',(#5263,#5264,#5265,#5266));
#983=EDGE_LOOP('',(#5267,#5268,#5269,#5270));
#984=LINE('',#8017,#1679);
#985=LINE('',#8019,#1680);
#986=LINE('',#8021,#1681);
#987=LINE('',#8022,#1682);
#988=LINE('',#8025,#1683);
#989=LINE('',#8027,#1684);
#990=LINE('',#8028,#1685);
#991=LINE('',#8031,#1686);
#992=LINE('',#8033,#1687);
#993=LINE('',#8034,#1688);
#994=LINE('',#8036,#1689);
#995=LINE('',#8037,#1690);
#996=LINE('',#8041,#1691);
#997=LINE('',#8043,#1692);
#998=LINE('',#8045,#1693);
#999=LINE('',#8046,#1694);
#1000=LINE('',#8049,#1695);
#1001=LINE('',#8051,#1696);
#1002=LINE('',#8052,#1697);
#1003=LINE('',#8055,#1698);
#1004=LINE('',#8057,#1699);
#1005=LINE('',#8058,#1700);
#1006=LINE('',#8060,#1701);
#1007=LINE('',#8061,#1702);
#1008=LINE('',#8068,#1703);
#1009=LINE('',#8070,#1704);
#1010=LINE('',#8072,#1705);
#1011=LINE('',#8073,#1706);
#1012=LINE('',#8077,#1707);
#1013=LINE('',#8079,#1708);
#1014=LINE('',#8081,#1709);
#1015=LINE('',#8082,#1710);
#1016=LINE('',#8084,#1711);
#1017=LINE('',#8085,#1712);
#1018=LINE('',#8087,#1713);
#1019=LINE('',#8089,#1714);
#1020=LINE('',#8093,#1715);
#1021=LINE('',#8095,#1716);
#1022=LINE('',#8097,#1717);
#1023=LINE('',#8098,#1718);
#1024=LINE('',#8101,#1719);
#1025=LINE('',#8103,#1720);
#1026=LINE('',#8104,#1721);
#1027=LINE('',#8107,#1722);
#1028=LINE('',#8109,#1723);
#1029=LINE('',#8110,#1724);
#1030=LINE('',#8112,#1725);
#1031=LINE('',#8113,#1726);
#1032=LINE('',#8120,#1727);
#1033=LINE('',#8122,#1728);
#1034=LINE('',#8124,#1729);
#1035=LINE('',#8125,#1730);
#1036=LINE('',#8128,#1731);
#1037=LINE('',#8130,#1732);
#1038=LINE('',#8131,#1733);
#1039=LINE('',#8134,#1734);
#1040=LINE('',#8136,#1735);
#1041=LINE('',#8137,#1736);
#1042=LINE('',#8139,#1737);
#1043=LINE('',#8140,#1738);
#1044=LINE('',#8144,#1739);
#1045=LINE('',#8146,#1740);
#1046=LINE('',#8148,#1741);
#1047=LINE('',#8149,#1742);
#1048=LINE('',#8152,#1743);
#1049=LINE('',#8154,#1744);
#1050=LINE('',#8155,#1745);
#1051=LINE('',#8158,#1746);
#1052=LINE('',#8160,#1747);
#1053=LINE('',#8161,#1748);
#1054=LINE('',#8163,#1749);
#1055=LINE('',#8164,#1750);
#1056=LINE('',#8169,#1751);
#1057=LINE('',#8171,#1752);
#1058=LINE('',#8173,#1753);
#1059=LINE('',#8174,#1754);
#1060=LINE('',#8177,#1755);
#1061=LINE('',#8179,#1756);
#1062=LINE('',#8180,#1757);
#1063=LINE('',#8183,#1758);
#1064=LINE('',#8184,#1759);
#1065=LINE('',#8187,#1760);
#1066=LINE('',#8188,#1761);
#1067=LINE('',#8190,#1762);
#1068=LINE('',#8198,#1763);
#1069=LINE('',#8203,#1764);
#1070=LINE('',#8205,#1765);
#1071=LINE('',#8207,#1766);
#1072=LINE('',#8208,#1767);
#1073=LINE('',#8211,#1768);
#1074=LINE('',#8213,#1769);
#1075=LINE('',#8214,#1770);
#1076=LINE('',#8217,#1771);
#1077=LINE('',#8218,#1772);
#1078=LINE('',#8221,#1773);
#1079=LINE('',#8222,#1774);
#1080=LINE('',#8224,#1775);
#1081=LINE('',#8228,#1776);
#1082=LINE('',#8230,#1777);
#1083=LINE('',#8232,#1778);
#1084=LINE('',#8233,#1779);
#1085=LINE('',#8237,#1780);
#1086=LINE('',#8239,#1781);
#1087=LINE('',#8241,#1782);
#1088=LINE('',#8242,#1783);
#1089=LINE('',#8244,#1784);
#1090=LINE('',#8245,#1785);
#1091=LINE('',#8247,#1786);
#1092=LINE('',#8249,#1787);
#1093=LINE('',#8255,#1788);
#1094=LINE('',#8257,#1789);
#1095=LINE('',#8259,#1790);
#1096=LINE('',#8260,#1791);
#1097=LINE('',#8263,#1792);
#1098=LINE('',#8265,#1793);
#1099=LINE('',#8266,#1794);
#1100=LINE('',#8269,#1795);
#1101=LINE('',#8271,#1796);
#1102=LINE('',#8272,#1797);
#1103=LINE('',#8274,#1798);
#1104=LINE('',#8275,#1799);
#1105=LINE('',#8279,#1800);
#1106=LINE('',#8281,#1801);
#1107=LINE('',#8283,#1802);
#1108=LINE('',#8284,#1803);
#1109=LINE('',#8287,#1804);
#1110=LINE('',#8289,#1805);
#1111=LINE('',#8290,#1806);
#1112=LINE('',#8293,#1807);
#1113=LINE('',#8295,#1808);
#1114=LINE('',#8296,#1809);
#1115=LINE('',#8298,#1810);
#1116=LINE('',#8299,#1811);
#1117=LINE('',#8307,#1812);
#1118=LINE('',#8313,#1813);
#1119=LINE('',#8318,#1814);
#1120=LINE('',#8320,#1815);
#1121=LINE('',#8322,#1816);
#1122=LINE('',#8323,#1817);
#1123=LINE('',#8326,#1818);
#1124=LINE('',#8328,#1819);
#1125=LINE('',#8329,#1820);
#1126=LINE('',#8331,#1821);
#1127=LINE('',#8332,#1822);
#1128=LINE('',#8339,#1823);
#1129=LINE('',#8341,#1824);
#1130=LINE('',#8343,#1825);
#1131=LINE('',#8344,#1826);
#1132=LINE('',#8347,#1827);
#1133=LINE('',#8349,#1828);
#1134=LINE('',#8350,#1829);
#1135=LINE('',#8353,#1830);
#1136=LINE('',#8355,#1831);
#1137=LINE('',#8356,#1832);
#1138=LINE('',#8359,#1833);
#1139=LINE('',#8361,#1834);
#1140=LINE('',#8362,#1835);
#1141=LINE('',#8365,#1836);
#1142=LINE('',#8367,#1837);
#1143=LINE('',#8368,#1838);
#1144=LINE('',#8371,#1839);
#1145=LINE('',#8373,#1840);
#1146=LINE('',#8374,#1841);
#1147=LINE('',#8377,#1842);
#1148=LINE('',#8379,#1843);
#1149=LINE('',#8380,#1844);
#1150=LINE('',#8382,#1845);
#1151=LINE('',#8383,#1846);
#1152=LINE('',#8390,#1847);
#1153=LINE('',#8392,#1848);
#1154=LINE('',#8394,#1849);
#1155=LINE('',#8395,#1850);
#1156=LINE('',#8398,#1851);
#1157=LINE('',#8400,#1852);
#1158=LINE('',#8401,#1853);
#1159=LINE('',#8404,#1854);
#1160=LINE('',#8406,#1855);
#1161=LINE('',#8407,#1856);
#1162=LINE('',#8410,#1857);
#1163=LINE('',#8412,#1858);
#1164=LINE('',#8413,#1859);
#1165=LINE('',#8419,#1860);
#1166=LINE('',#8421,#1861);
#1167=LINE('',#8422,#1862);
#1168=LINE('',#8423,#1863);
#1169=LINE('',#8426,#1864);
#1170=LINE('',#8428,#1865);
#1171=LINE('',#8429,#1866);
#1172=LINE('',#8432,#1867);
#1173=LINE('',#8434,#1868);
#1174=LINE('',#8435,#1869);
#1175=LINE('',#8438,#1870);
#1176=LINE('',#8440,#1871);
#1177=LINE('',#8441,#1872);
#1178=LINE('',#8447,#1873);
#1179=LINE('',#8449,#1874);
#1180=LINE('',#8450,#1875);
#1181=LINE('',#8451,#1876);
#1182=LINE('',#8454,#1877);
#1183=LINE('',#8456,#1878);
#1184=LINE('',#8457,#1879);
#1185=LINE('',#8460,#1880);
#1186=LINE('',#8462,#1881);
#1187=LINE('',#8463,#1882);
#1188=LINE('',#8466,#1883);
#1189=LINE('',#8468,#1884);
#1190=LINE('',#8469,#1885);
#1191=LINE('',#8475,#1886);
#1192=LINE('',#8477,#1887);
#1193=LINE('',#8478,#1888);
#1194=LINE('',#8479,#1889);
#1195=LINE('',#8482,#1890);
#1196=LINE('',#8484,#1891);
#1197=LINE('',#8485,#1892);
#1198=LINE('',#8488,#1893);
#1199=LINE('',#8490,#1894);
#1200=LINE('',#8491,#1895);
#1201=LINE('',#8494,#1896);
#1202=LINE('',#8496,#1897);
#1203=LINE('',#8497,#1898);
#1204=LINE('',#8503,#1899);
#1205=LINE('',#8505,#1900);
#1206=LINE('',#8506,#1901);
#1207=LINE('',#8507,#1902);
#1208=LINE('',#8510,#1903);
#1209=LINE('',#8512,#1904);
#1210=LINE('',#8513,#1905);
#1211=LINE('',#8516,#1906);
#1212=LINE('',#8518,#1907);
#1213=LINE('',#8519,#1908);
#1214=LINE('',#8522,#1909);
#1215=LINE('',#8524,#1910);
#1216=LINE('',#8525,#1911);
#1217=LINE('',#8531,#1912);
#1218=LINE('',#8533,#1913);
#1219=LINE('',#8534,#1914);
#1220=LINE('',#8535,#1915);
#1221=LINE('',#8538,#1916);
#1222=LINE('',#8540,#1917);
#1223=LINE('',#8541,#1918);
#1224=LINE('',#8544,#1919);
#1225=LINE('',#8546,#1920);
#1226=LINE('',#8547,#1921);
#1227=LINE('',#8550,#1922);
#1228=LINE('',#8552,#1923);
#1229=LINE('',#8553,#1924);
#1230=LINE('',#8559,#1925);
#1231=LINE('',#8561,#1926);
#1232=LINE('',#8562,#1927);
#1233=LINE('',#8563,#1928);
#1234=LINE('',#8566,#1929);
#1235=LINE('',#8568,#1930);
#1236=LINE('',#8569,#1931);
#1237=LINE('',#8572,#1932);
#1238=LINE('',#8574,#1933);
#1239=LINE('',#8575,#1934);
#1240=LINE('',#8578,#1935);
#1241=LINE('',#8580,#1936);
#1242=LINE('',#8581,#1937);
#1243=LINE('',#8587,#1938);
#1244=LINE('',#8589,#1939);
#1245=LINE('',#8590,#1940);
#1246=LINE('',#8591,#1941);
#1247=LINE('',#8594,#1942);
#1248=LINE('',#8596,#1943);
#1249=LINE('',#8597,#1944);
#1250=LINE('',#8600,#1945);
#1251=LINE('',#8602,#1946);
#1252=LINE('',#8603,#1947);
#1253=LINE('',#8606,#1948);
#1254=LINE('',#8608,#1949);
#1255=LINE('',#8609,#1950);
#1256=LINE('',#8615,#1951);
#1257=LINE('',#8617,#1952);
#1258=LINE('',#8618,#1953);
#1259=LINE('',#8619,#1954);
#1260=LINE('',#8622,#1955);
#1261=LINE('',#8624,#1956);
#1262=LINE('',#8625,#1957);
#1263=LINE('',#8628,#1958);
#1264=LINE('',#8630,#1959);
#1265=LINE('',#8631,#1960);
#1266=LINE('',#8634,#1961);
#1267=LINE('',#8636,#1962);
#1268=LINE('',#8637,#1963);
#1269=LINE('',#8643,#1964);
#1270=LINE('',#8645,#1965);
#1271=LINE('',#8646,#1966);
#1272=LINE('',#8647,#1967);
#1273=LINE('',#8650,#1968);
#1274=LINE('',#8652,#1969);
#1275=LINE('',#8653,#1970);
#1276=LINE('',#8656,#1971);
#1277=LINE('',#8658,#1972);
#1278=LINE('',#8659,#1973);
#1279=LINE('',#8662,#1974);
#1280=LINE('',#8664,#1975);
#1281=LINE('',#8665,#1976);
#1282=LINE('',#8671,#1977);
#1283=LINE('',#8673,#1978);
#1284=LINE('',#8674,#1979);
#1285=LINE('',#8675,#1980);
#1286=LINE('',#8678,#1981);
#1287=LINE('',#8680,#1982);
#1288=LINE('',#8681,#1983);
#1289=LINE('',#8684,#1984);
#1290=LINE('',#8686,#1985);
#1291=LINE('',#8687,#1986);
#1292=LINE('',#8690,#1987);
#1293=LINE('',#8692,#1988);
#1294=LINE('',#8693,#1989);
#1295=LINE('',#8699,#1990);
#1296=LINE('',#8701,#1991);
#1297=LINE('',#8702,#1992);
#1298=LINE('',#8703,#1993);
#1299=LINE('',#8706,#1994);
#1300=LINE('',#8708,#1995);
#1301=LINE('',#8709,#1996);
#1302=LINE('',#8712,#1997);
#1303=LINE('',#8714,#1998);
#1304=LINE('',#8715,#1999);
#1305=LINE('',#8718,#2000);
#1306=LINE('',#8720,#2001);
#1307=LINE('',#8721,#2002);
#1308=LINE('',#8727,#2003);
#1309=LINE('',#8729,#2004);
#1310=LINE('',#8730,#2005);
#1311=LINE('',#8731,#2006);
#1312=LINE('',#8734,#2007);
#1313=LINE('',#8736,#2008);
#1314=LINE('',#8737,#2009);
#1315=LINE('',#8740,#2010);
#1316=LINE('',#8742,#2011);
#1317=LINE('',#8743,#2012);
#1318=LINE('',#8746,#2013);
#1319=LINE('',#8748,#2014);
#1320=LINE('',#8749,#2015);
#1321=LINE('',#8755,#2016);
#1322=LINE('',#8757,#2017);
#1323=LINE('',#8758,#2018);
#1324=LINE('',#8759,#2019);
#1325=LINE('',#8762,#2020);
#1326=LINE('',#8764,#2021);
#1327=LINE('',#8765,#2022);
#1328=LINE('',#8768,#2023);
#1329=LINE('',#8770,#2024);
#1330=LINE('',#8771,#2025);
#1331=LINE('',#8774,#2026);
#1332=LINE('',#8776,#2027);
#1333=LINE('',#8777,#2028);
#1334=LINE('',#8783,#2029);
#1335=LINE('',#8785,#2030);
#1336=LINE('',#8786,#2031);
#1337=LINE('',#8787,#2032);
#1338=LINE('',#8790,#2033);
#1339=LINE('',#8792,#2034);
#1340=LINE('',#8793,#2035);
#1341=LINE('',#8796,#2036);
#1342=LINE('',#8798,#2037);
#1343=LINE('',#8799,#2038);
#1344=LINE('',#8802,#2039);
#1345=LINE('',#8804,#2040);
#1346=LINE('',#8805,#2041);
#1347=LINE('',#8811,#2042);
#1348=LINE('',#8813,#2043);
#1349=LINE('',#8814,#2044);
#1350=LINE('',#8815,#2045);
#1351=LINE('',#8818,#2046);
#1352=LINE('',#8820,#2047);
#1353=LINE('',#8821,#2048);
#1354=LINE('',#8824,#2049);
#1355=LINE('',#8826,#2050);
#1356=LINE('',#8827,#2051);
#1357=LINE('',#8830,#2052);
#1358=LINE('',#8832,#2053);
#1359=LINE('',#8833,#2054);
#1360=LINE('',#8839,#2055);
#1361=LINE('',#8841,#2056);
#1362=LINE('',#8842,#2057);
#1363=LINE('',#8843,#2058);
#1364=LINE('',#8846,#2059);
#1365=LINE('',#8848,#2060);
#1366=LINE('',#8849,#2061);
#1367=LINE('',#8852,#2062);
#1368=LINE('',#8854,#2063);
#1369=LINE('',#8855,#2064);
#1370=LINE('',#8858,#2065);
#1371=LINE('',#8860,#2066);
#1372=LINE('',#8861,#2067);
#1373=LINE('',#8867,#2068);
#1374=LINE('',#8869,#2069);
#1375=LINE('',#8870,#2070);
#1376=LINE('',#8871,#2071);
#1377=LINE('',#8874,#2072);
#1378=LINE('',#8876,#2073);
#1379=LINE('',#8877,#2074);
#1380=LINE('',#8880,#2075);
#1381=LINE('',#8882,#2076);
#1382=LINE('',#8883,#2077);
#1383=LINE('',#8886,#2078);
#1384=LINE('',#8888,#2079);
#1385=LINE('',#8889,#2080);
#1386=LINE('',#8895,#2081);
#1387=LINE('',#8897,#2082);
#1388=LINE('',#8898,#2083);
#1389=LINE('',#8899,#2084);
#1390=LINE('',#8902,#2085);
#1391=LINE('',#8904,#2086);
#1392=LINE('',#8905,#2087);
#1393=LINE('',#8908,#2088);
#1394=LINE('',#8910,#2089);
#1395=LINE('',#8911,#2090);
#1396=LINE('',#8914,#2091);
#1397=LINE('',#8916,#2092);
#1398=LINE('',#8917,#2093);
#1399=LINE('',#8923,#2094);
#1400=LINE('',#8925,#2095);
#1401=LINE('',#8926,#2096);
#1402=LINE('',#8927,#2097);
#1403=LINE('',#8930,#2098);
#1404=LINE('',#8932,#2099);
#1405=LINE('',#8933,#2100);
#1406=LINE('',#8936,#2101);
#1407=LINE('',#8938,#2102);
#1408=LINE('',#8939,#2103);
#1409=LINE('',#8942,#2104);
#1410=LINE('',#8944,#2105);
#1411=LINE('',#8945,#2106);
#1412=LINE('',#8951,#2107);
#1413=LINE('',#8953,#2108);
#1414=LINE('',#8954,#2109);
#1415=LINE('',#8955,#2110);
#1416=LINE('',#8958,#2111);
#1417=LINE('',#8960,#2112);
#1418=LINE('',#8961,#2113);
#1419=LINE('',#8964,#2114);
#1420=LINE('',#8966,#2115);
#1421=LINE('',#8967,#2116);
#1422=LINE('',#8970,#2117);
#1423=LINE('',#8972,#2118);
#1424=LINE('',#8973,#2119);
#1425=LINE('',#8979,#2120);
#1426=LINE('',#8981,#2121);
#1427=LINE('',#8982,#2122);
#1428=LINE('',#8983,#2123);
#1429=LINE('',#8986,#2124);
#1430=LINE('',#8988,#2125);
#1431=LINE('',#8989,#2126);
#1432=LINE('',#8992,#2127);
#1433=LINE('',#8994,#2128);
#1434=LINE('',#8995,#2129);
#1435=LINE('',#8998,#2130);
#1436=LINE('',#9000,#2131);
#1437=LINE('',#9001,#2132);
#1438=LINE('',#9007,#2133);
#1439=LINE('',#9009,#2134);
#1440=LINE('',#9010,#2135);
#1441=LINE('',#9011,#2136);
#1442=LINE('',#9014,#2137);
#1443=LINE('',#9016,#2138);
#1444=LINE('',#9017,#2139);
#1445=LINE('',#9020,#2140);
#1446=LINE('',#9022,#2141);
#1447=LINE('',#9023,#2142);
#1448=LINE('',#9026,#2143);
#1449=LINE('',#9028,#2144);
#1450=LINE('',#9029,#2145);
#1451=LINE('',#9035,#2146);
#1452=LINE('',#9037,#2147);
#1453=LINE('',#9038,#2148);
#1454=LINE('',#9039,#2149);
#1455=LINE('',#9042,#2150);
#1456=LINE('',#9044,#2151);
#1457=LINE('',#9045,#2152);
#1458=LINE('',#9048,#2153);
#1459=LINE('',#9050,#2154);
#1460=LINE('',#9051,#2155);
#1461=LINE('',#9054,#2156);
#1462=LINE('',#9056,#2157);
#1463=LINE('',#9057,#2158);
#1464=LINE('',#9063,#2159);
#1465=LINE('',#9065,#2160);
#1466=LINE('',#9066,#2161);
#1467=LINE('',#9067,#2162);
#1468=LINE('',#9070,#2163);
#1469=LINE('',#9072,#2164);
#1470=LINE('',#9073,#2165);
#1471=LINE('',#9075,#2166);
#1472=LINE('',#9076,#2167);
#1473=LINE('',#9077,#2168);
#1474=LINE('',#9080,#2169);
#1475=LINE('',#9082,#2170);
#1476=LINE('',#9083,#2171);
#1477=LINE('',#9091,#2172);
#1478=LINE('',#9099,#2173);
#1479=LINE('',#9101,#2174);
#1480=LINE('',#9103,#2175);
#1481=LINE('',#9104,#2176);
#1482=LINE('',#9107,#2177);
#1483=LINE('',#9109,#2178);
#1484=LINE('',#9110,#2179);
#1485=LINE('',#9113,#2180);
#1486=LINE('',#9115,#2181);
#1487=LINE('',#9116,#2182);
#1488=LINE('',#9118,#2183);
#1489=LINE('',#9119,#2184);
#1490=LINE('',#9126,#2185);
#1491=LINE('',#9128,#2186);
#1492=LINE('',#9130,#2187);
#1493=LINE('',#9131,#2188);
#1494=LINE('',#9135,#2189);
#1495=LINE('',#9137,#2190);
#1496=LINE('',#9139,#2191);
#1497=LINE('',#9140,#2192);
#1498=LINE('',#9143,#2193);
#1499=LINE('',#9144,#2194);
#1500=LINE('',#9147,#2195);
#1501=LINE('',#9148,#2196);
#1502=LINE('',#9154,#2197);
#1503=LINE('',#9157,#2198);
#1504=LINE('',#9160,#2199);
#1505=LINE('',#9162,#2200);
#1506=LINE('',#9164,#2201);
#1507=LINE('',#9166,#2202);
#1508=LINE('',#9168,#2203);
#1509=LINE('',#9170,#2204);
#1510=LINE('',#9171,#2205);
#1511=LINE('',#9175,#2206);
#1512=LINE('',#9177,#2207);
#1513=LINE('',#9179,#2208);
#1514=LINE('',#9181,#2209);
#1515=LINE('',#9185,#2210);
#1516=LINE('',#9188,#2211);
#1517=LINE('',#9190,#2212);
#1518=LINE('',#9192,#2213);
#1519=LINE('',#9196,#2214);
#1520=LINE('',#9198,#2215);
#1521=LINE('',#9200,#2216);
#1522=LINE('',#9204,#2217);
#1523=LINE('',#9206,#2218);
#1524=LINE('',#9207,#2219);
#1525=LINE('',#9209,#2220);
#1526=LINE('',#9213,#2221);
#1527=LINE('',#9215,#2222);
#1528=LINE('',#9217,#2223);
#1529=LINE('',#9219,#2224);
#1530=LINE('',#9223,#2225);
#1531=LINE('',#9225,#2226);
#1532=LINE('',#9227,#2227);
#1533=LINE('',#9230,#2228);
#1534=LINE('',#9234,#2229);
#1535=LINE('',#9238,#2230);
#1536=LINE('',#9239,#2231);
#1537=LINE('',#9241,#2232);
#1538=LINE('',#9245,#2233);
#1539=LINE('',#9249,#2234);
#1540=LINE('',#9250,#2235);
#1541=LINE('',#9255,#2236);
#1542=LINE('',#9256,#2237);
#1543=LINE('',#9259,#2238);
#1544=LINE('',#9263,#2239);
#1545=LINE('',#9267,#2240);
#1546=LINE('',#9271,#2241);
#1547=LINE('',#9289,#2242);
#1548=LINE('',#9293,#2243);
#1549=LINE('',#9296,#2244);
#1550=LINE('',#9298,#2245);
#1551=LINE('',#9299,#2246);
#1552=LINE('',#9302,#2247);
#1553=LINE('',#9306,#2248);
#1554=LINE('',#9307,#2249);
#1555=LINE('',#9310,#2250);
#1556=LINE('',#9314,#2251);
#1557=LINE('',#9316,#2252);
#1558=LINE('',#9317,#2253);
#1559=LINE('',#9319,#2254);
#1560=LINE('',#9320,#2255);
#1561=LINE('',#9323,#2256);
#1562=LINE('',#9326,#2257);
#1563=LINE('',#9331,#2258);
#1564=LINE('',#9332,#2259);
#1565=LINE('',#9335,#2260);
#1566=LINE('',#9337,#2261);
#1567=LINE('',#9338,#2262);
#1568=LINE('',#9339,#2263);
#1569=LINE('',#9341,#2264);
#1570=LINE('',#9346,#2265);
#1571=LINE('',#9348,#2266);
#1572=LINE('',#9349,#2267);
#1573=LINE('',#9356,#2268);
#1574=LINE('',#9357,#2269);
#1575=LINE('',#9360,#2270);
#1576=LINE('',#9361,#2271);
#1577=LINE('',#9364,#2272);
#1578=LINE('',#9382,#2273);
#1579=LINE('',#9386,#2274);
#1580=LINE('',#9391,#2275);
#1581=LINE('',#9392,#2276);
#1582=LINE('',#9394,#2277);
#1583=LINE('',#9400,#2278);
#1584=LINE('',#9407,#2279);
#1585=LINE('',#9413,#2280);
#1586=LINE('',#9417,#2281);
#1587=LINE('',#9448,#2282);
#1588=LINE('',#9455,#2283);
#1589=LINE('',#9457,#2284);
#1590=LINE('',#9459,#2285);
#1591=LINE('',#9463,#2286);
#1592=LINE('',#9465,#2287);
#1593=LINE('',#9467,#2288);
#1594=LINE('',#9471,#2289);
#1595=LINE('',#9473,#2290);
#1596=LINE('',#9474,#2291);
#1597=LINE('',#9477,#2292);
#1598=LINE('',#9479,#2293);
#1599=LINE('',#9481,#2294);
#1600=LINE('',#9485,#2295);
#1601=LINE('',#9487,#2296);
#1602=LINE('',#9489,#2297);
#1603=LINE('',#9493,#2298);
#1604=LINE('',#9495,#2299);
#1605=LINE('',#9496,#2300);
#1606=LINE('',#9498,#2301);
#1607=LINE('',#9499,#2302);
#1608=LINE('',#9501,#2303);
#1609=LINE('',#9503,#2304);
#1610=LINE('',#9505,#2305);
#1611=LINE('',#9507,#2306);
#1612=LINE('',#9509,#2307);
#1613=LINE('',#9511,#2308);
#1614=LINE('',#9514,#2309);
#1615=LINE('',#9516,#2310);
#1616=LINE('',#9518,#2311);
#1617=LINE('',#9520,#2312);
#1618=LINE('',#9522,#2313);
#1619=LINE('',#9524,#2314);
#1620=LINE('',#9526,#2315);
#1621=LINE('',#9528,#2316);
#1622=LINE('',#9530,#2317);
#1623=LINE('',#9532,#2318);
#1624=LINE('',#9535,#2319);
#1625=LINE('',#9537,#2320);
#1626=LINE('',#9545,#2321);
#1627=LINE('',#9548,#2322);
#1628=LINE('',#9551,#2323);
#1629=LINE('',#9553,#2324);
#1630=LINE('',#9554,#2325);
#1631=LINE('',#9557,#2326);
#1632=LINE('',#9561,#2327);
#1633=LINE('',#9565,#2328);
#1634=LINE('',#9568,#2329);
#1635=LINE('',#9571,#2330);
#1636=LINE('',#9573,#2331);
#1637=LINE('',#9575,#2332);
#1638=LINE('',#9576,#2333);
#1639=LINE('',#9579,#2334);
#1640=LINE('',#9582,#2335);
#1641=LINE('',#9585,#2336);
#1642=LINE('',#9586,#2337);
#1643=LINE('',#9589,#2338);
#1644=LINE('',#9592,#2339);
#1645=LINE('',#9594,#2340);
#1646=LINE('',#9598,#2341);
#1647=LINE('',#9599,#2342);
#1648=LINE('',#9600,#2343);
#1649=LINE('',#9603,#2344);
#1650=LINE('',#9604,#2345);
#1651=LINE('',#9607,#2346);
#1652=LINE('',#9608,#2347);
#1653=LINE('',#9610,#2348);
#1654=LINE('',#9612,#2349);
#1655=LINE('',#9616,#2350);
#1656=LINE('',#9618,#2351);
#1657=LINE('',#9624,#2352);
#1658=LINE('',#9626,#2353);
#1659=LINE('',#9628,#2354);
#1660=LINE('',#9629,#2355);
#1661=LINE('',#9632,#2356);
#1662=LINE('',#9634,#2357);
#1663=LINE('',#9635,#2358);
#1664=LINE('',#9638,#2359);
#1665=LINE('',#9640,#2360);
#1666=LINE('',#9641,#2361);
#1667=LINE('',#9643,#2362);
#1668=LINE('',#9644,#2363);
#1669=LINE('',#9651,#2364);
#1670=LINE('',#9653,#2365);
#1671=LINE('',#9655,#2366);
#1672=LINE('',#9656,#2367);
#1673=LINE('',#9662,#2368);
#1674=LINE('',#9665,#2369);
#1675=LINE('',#9667,#2370);
#1676=LINE('',#9668,#2371);
#1677=LINE('',#9670,#2372);
#1678=LINE('',#9671,#2373);
#1679=VECTOR('',#6425,10.);
#1680=VECTOR('',#6426,10.);
#1681=VECTOR('',#6427,10.);
#1682=VECTOR('',#6428,10.);
#1683=VECTOR('',#6431,10.);
#1684=VECTOR('',#6432,10.);
#1685=VECTOR('',#6433,10.);
#1686=VECTOR('',#6436,10.);
#1687=VECTOR('',#6437,10.);
#1688=VECTOR('',#6438,10.);
#1689=VECTOR('',#6441,10.);
#1690=VECTOR('',#6442,10.);
#1691=VECTOR('',#6445,10.);
#1692=VECTOR('',#6446,10.);
#1693=VECTOR('',#6447,10.);
#1694=VECTOR('',#6448,10.);
#1695=VECTOR('',#6451,10.);
#1696=VECTOR('',#6452,10.);
#1697=VECTOR('',#6453,10.);
#1698=VECTOR('',#6456,10.);
#1699=VECTOR('',#6457,10.);
#1700=VECTOR('',#6458,10.);
#1701=VECTOR('',#6461,10.);
#1702=VECTOR('',#6462,10.);
#1703=VECTOR('',#6471,10.);
#1704=VECTOR('',#6472,10.);
#1705=VECTOR('',#6473,10.);
#1706=VECTOR('',#6474,10.);
#1707=VECTOR('',#6477,10.);
#1708=VECTOR('',#6478,10.);
#1709=VECTOR('',#6479,10.);
#1710=VECTOR('',#6480,10.);
#1711=VECTOR('',#6483,10.);
#1712=VECTOR('',#6484,10.);
#1713=VECTOR('',#6487,10.);
#1714=VECTOR('',#6490,10.);
#1715=VECTOR('',#6493,10.);
#1716=VECTOR('',#6494,10.);
#1717=VECTOR('',#6495,10.);
#1718=VECTOR('',#6496,10.);
#1719=VECTOR('',#6499,10.);
#1720=VECTOR('',#6500,10.);
#1721=VECTOR('',#6501,10.);
#1722=VECTOR('',#6504,10.);
#1723=VECTOR('',#6505,10.);
#1724=VECTOR('',#6506,10.);
#1725=VECTOR('',#6509,10.);
#1726=VECTOR('',#6510,10.);
#1727=VECTOR('',#6519,10.);
#1728=VECTOR('',#6520,10.);
#1729=VECTOR('',#6521,10.);
#1730=VECTOR('',#6522,10.);
#1731=VECTOR('',#6525,10.);
#1732=VECTOR('',#6526,10.);
#1733=VECTOR('',#6527,10.);
#1734=VECTOR('',#6530,10.);
#1735=VECTOR('',#6531,10.);
#1736=VECTOR('',#6532,10.);
#1737=VECTOR('',#6535,10.);
#1738=VECTOR('',#6536,10.);
#1739=VECTOR('',#6539,10.);
#1740=VECTOR('',#6540,10.);
#1741=VECTOR('',#6541,10.);
#1742=VECTOR('',#6542,10.);
#1743=VECTOR('',#6545,10.);
#1744=VECTOR('',#6546,10.);
#1745=VECTOR('',#6547,10.);
#1746=VECTOR('',#6550,10.);
#1747=VECTOR('',#6551,10.);
#1748=VECTOR('',#6552,10.);
#1749=VECTOR('',#6555,10.);
#1750=VECTOR('',#6556,10.);
#1751=VECTOR('',#6561,10.);
#1752=VECTOR('',#6562,10.);
#1753=VECTOR('',#6563,10.);
#1754=VECTOR('',#6564,10.);
#1755=VECTOR('',#6567,10.);
#1756=VECTOR('',#6568,10.);
#1757=VECTOR('',#6569,10.);
#1758=VECTOR('',#6572,10.);
#1759=VECTOR('',#6573,10.);
#1760=VECTOR('',#6576,10.);
#1761=VECTOR('',#6577,10.);
#1762=VECTOR('',#6580,10.);
#1763=VECTOR('',#6591,14.5);
#1764=VECTOR('',#6596,10.);
#1765=VECTOR('',#6597,10.);
#1766=VECTOR('',#6598,10.);
#1767=VECTOR('',#6599,10.);
#1768=VECTOR('',#6602,10.);
#1769=VECTOR('',#6603,10.);
#1770=VECTOR('',#6604,10.);
#1771=VECTOR('',#6607,10.);
#1772=VECTOR('',#6608,10.);
#1773=VECTOR('',#6611,10.);
#1774=VECTOR('',#6612,10.);
#1775=VECTOR('',#6615,10.);
#1776=VECTOR('',#6618,10.);
#1777=VECTOR('',#6619,10.);
#1778=VECTOR('',#6620,10.);
#1779=VECTOR('',#6621,10.);
#1780=VECTOR('',#6624,10.);
#1781=VECTOR('',#6625,10.);
#1782=VECTOR('',#6626,10.);
#1783=VECTOR('',#6627,10.);
#1784=VECTOR('',#6630,10.);
#1785=VECTOR('',#6631,10.);
#1786=VECTOR('',#6634,10.);
#1787=VECTOR('',#6637,10.);
#1788=VECTOR('',#6644,10.);
#1789=VECTOR('',#6645,10.);
#1790=VECTOR('',#6646,10.);
#1791=VECTOR('',#6647,10.);
#1792=VECTOR('',#6650,10.);
#1793=VECTOR('',#6651,10.);
#1794=VECTOR('',#6652,10.);
#1795=VECTOR('',#6655,10.);
#1796=VECTOR('',#6656,10.);
#1797=VECTOR('',#6657,10.);
#1798=VECTOR('',#6660,10.);
#1799=VECTOR('',#6661,10.);
#1800=VECTOR('',#6664,10.);
#1801=VECTOR('',#6665,10.);
#1802=VECTOR('',#6666,10.);
#1803=VECTOR('',#6667,10.);
#1804=VECTOR('',#6670,10.);
#1805=VECTOR('',#6671,10.);
#1806=VECTOR('',#6672,10.);
#1807=VECTOR('',#6675,10.);
#1808=VECTOR('',#6676,10.);
#1809=VECTOR('',#6677,10.);
#1810=VECTOR('',#6680,10.);
#1811=VECTOR('',#6681,10.);
#1812=VECTOR('',#6692,10.);
#1813=VECTOR('',#6699,10.);
#1814=VECTOR('',#6704,10.);
#1815=VECTOR('',#6705,10.);
#1816=VECTOR('',#6706,10.);
#1817=VECTOR('',#6707,10.);
#1818=VECTOR('',#6710,10.);
#1819=VECTOR('',#6711,10.);
#1820=VECTOR('',#6712,10.);
#1821=VECTOR('',#6715,10.);
#1822=VECTOR('',#6716,10.);
#1823=VECTOR('',#6725,10.);
#1824=VECTOR('',#6726,10.);
#1825=VECTOR('',#6727,10.);
#1826=VECTOR('',#6728,10.);
#1827=VECTOR('',#6731,10.);
#1828=VECTOR('',#6732,10.);
#1829=VECTOR('',#6733,10.);
#1830=VECTOR('',#6736,10.);
#1831=VECTOR('',#6737,10.);
#1832=VECTOR('',#6738,10.);
#1833=VECTOR('',#6741,10.);
#1834=VECTOR('',#6742,10.);
#1835=VECTOR('',#6743,10.);
#1836=VECTOR('',#6746,10.);
#1837=VECTOR('',#6747,10.);
#1838=VECTOR('',#6748,10.);
#1839=VECTOR('',#6751,10.);
#1840=VECTOR('',#6752,10.);
#1841=VECTOR('',#6753,10.);
#1842=VECTOR('',#6756,10.);
#1843=VECTOR('',#6757,10.);
#1844=VECTOR('',#6758,10.);
#1845=VECTOR('',#6761,10.);
#1846=VECTOR('',#6762,10.);
#1847=VECTOR('',#6771,10.);
#1848=VECTOR('',#6772,10.);
#1849=VECTOR('',#6773,10.);
#1850=VECTOR('',#6774,10.);
#1851=VECTOR('',#6777,10.);
#1852=VECTOR('',#6778,10.);
#1853=VECTOR('',#6779,10.);
#1854=VECTOR('',#6782,10.);
#1855=VECTOR('',#6783,10.);
#1856=VECTOR('',#6784,10.);
#1857=VECTOR('',#6787,10.);
#1858=VECTOR('',#6788,10.);
#1859=VECTOR('',#6789,10.);
#1860=VECTOR('',#6796,10.);
#1861=VECTOR('',#6799,10.);
#1862=VECTOR('',#6800,10.);
#1863=VECTOR('',#6801,10.);
#1864=VECTOR('',#6804,10.);
#1865=VECTOR('',#6805,10.);
#1866=VECTOR('',#6806,10.);
#1867=VECTOR('',#6809,10.);
#1868=VECTOR('',#6810,10.);
#1869=VECTOR('',#6811,10.);
#1870=VECTOR('',#6814,10.);
#1871=VECTOR('',#6815,10.);
#1872=VECTOR('',#6816,10.);
#1873=VECTOR('',#6823,10.);
#1874=VECTOR('',#6826,10.);
#1875=VECTOR('',#6827,10.);
#1876=VECTOR('',#6828,10.);
#1877=VECTOR('',#6831,10.);
#1878=VECTOR('',#6832,10.);
#1879=VECTOR('',#6833,10.);
#1880=VECTOR('',#6836,10.);
#1881=VECTOR('',#6837,10.);
#1882=VECTOR('',#6838,10.);
#1883=VECTOR('',#6841,10.);
#1884=VECTOR('',#6842,10.);
#1885=VECTOR('',#6843,10.);
#1886=VECTOR('',#6850,10.);
#1887=VECTOR('',#6853,10.);
#1888=VECTOR('',#6854,10.);
#1889=VECTOR('',#6855,10.);
#1890=VECTOR('',#6858,10.);
#1891=VECTOR('',#6859,10.);
#1892=VECTOR('',#6860,10.);
#1893=VECTOR('',#6863,10.);
#1894=VECTOR('',#6864,10.);
#1895=VECTOR('',#6865,10.);
#1896=VECTOR('',#6868,10.);
#1897=VECTOR('',#6869,10.);
#1898=VECTOR('',#6870,10.);
#1899=VECTOR('',#6877,10.);
#1900=VECTOR('',#6880,10.);
#1901=VECTOR('',#6881,10.);
#1902=VECTOR('',#6882,10.);
#1903=VECTOR('',#6885,10.);
#1904=VECTOR('',#6886,10.);
#1905=VECTOR('',#6887,10.);
#1906=VECTOR('',#6890,10.);
#1907=VECTOR('',#6891,10.);
#1908=VECTOR('',#6892,10.);
#1909=VECTOR('',#6895,10.);
#1910=VECTOR('',#6896,10.);
#1911=VECTOR('',#6897,10.);
#1912=VECTOR('',#6904,10.);
#1913=VECTOR('',#6907,10.);
#1914=VECTOR('',#6908,10.);
#1915=VECTOR('',#6909,10.);
#1916=VECTOR('',#6912,10.);
#1917=VECTOR('',#6913,10.);
#1918=VECTOR('',#6914,10.);
#1919=VECTOR('',#6917,10.);
#1920=VECTOR('',#6918,10.);
#1921=VECTOR('',#6919,10.);
#1922=VECTOR('',#6922,10.);
#1923=VECTOR('',#6923,10.);
#1924=VECTOR('',#6924,10.);
#1925=VECTOR('',#6931,10.);
#1926=VECTOR('',#6934,10.);
#1927=VECTOR('',#6935,10.);
#1928=VECTOR('',#6936,10.);
#1929=VECTOR('',#6939,10.);
#1930=VECTOR('',#6940,10.);
#1931=VECTOR('',#6941,10.);
#1932=VECTOR('',#6944,10.);
#1933=VECTOR('',#6945,10.);
#1934=VECTOR('',#6946,10.);
#1935=VECTOR('',#6949,10.);
#1936=VECTOR('',#6950,10.);
#1937=VECTOR('',#6951,10.);
#1938=VECTOR('',#6958,10.);
#1939=VECTOR('',#6961,10.);
#1940=VECTOR('',#6962,10.);
#1941=VECTOR('',#6963,10.);
#1942=VECTOR('',#6966,10.);
#1943=VECTOR('',#6967,10.);
#1944=VECTOR('',#6968,10.);
#1945=VECTOR('',#6971,10.);
#1946=VECTOR('',#6972,10.);
#1947=VECTOR('',#6973,10.);
#1948=VECTOR('',#6976,10.);
#1949=VECTOR('',#6977,10.);
#1950=VECTOR('',#6978,10.);
#1951=VECTOR('',#6985,10.);
#1952=VECTOR('',#6988,10.);
#1953=VECTOR('',#6989,10.);
#1954=VECTOR('',#6990,10.);
#1955=VECTOR('',#6993,10.);
#1956=VECTOR('',#6994,10.);
#1957=VECTOR('',#6995,10.);
#1958=VECTOR('',#6998,10.);
#1959=VECTOR('',#6999,10.);
#1960=VECTOR('',#7000,10.);
#1961=VECTOR('',#7003,10.);
#1962=VECTOR('',#7004,10.);
#1963=VECTOR('',#7005,10.);
#1964=VECTOR('',#7012,10.);
#1965=VECTOR('',#7015,10.);
#1966=VECTOR('',#7016,10.);
#1967=VECTOR('',#7017,10.);
#1968=VECTOR('',#7020,10.);
#1969=VECTOR('',#7021,10.);
#1970=VECTOR('',#7022,10.);
#1971=VECTOR('',#7025,10.);
#1972=VECTOR('',#7026,10.);
#1973=VECTOR('',#7027,10.);
#1974=VECTOR('',#7030,10.);
#1975=VECTOR('',#7031,10.);
#1976=VECTOR('',#7032,10.);
#1977=VECTOR('',#7039,10.);
#1978=VECTOR('',#7042,10.);
#1979=VECTOR('',#7043,10.);
#1980=VECTOR('',#7044,10.);
#1981=VECTOR('',#7047,10.);
#1982=VECTOR('',#7048,10.);
#1983=VECTOR('',#7049,10.);
#1984=VECTOR('',#7052,10.);
#1985=VECTOR('',#7053,10.);
#1986=VECTOR('',#7054,10.);
#1987=VECTOR('',#7057,10.);
#1988=VECTOR('',#7058,10.);
#1989=VECTOR('',#7059,10.);
#1990=VECTOR('',#7066,10.);
#1991=VECTOR('',#7069,10.);
#1992=VECTOR('',#7070,10.);
#1993=VECTOR('',#7071,10.);
#1994=VECTOR('',#7074,10.);
#1995=VECTOR('',#7075,10.);
#1996=VECTOR('',#7076,10.);
#1997=VECTOR('',#7079,10.);
#1998=VECTOR('',#7080,10.);
#1999=VECTOR('',#7081,10.);
#2000=VECTOR('',#7084,10.);
#2001=VECTOR('',#7085,10.);
#2002=VECTOR('',#7086,10.);
#2003=VECTOR('',#7093,10.);
#2004=VECTOR('',#7096,10.);
#2005=VECTOR('',#7097,10.);
#2006=VECTOR('',#7098,10.);
#2007=VECTOR('',#7101,10.);
#2008=VECTOR('',#7102,10.);
#2009=VECTOR('',#7103,10.);
#2010=VECTOR('',#7106,10.);
#2011=VECTOR('',#7107,10.);
#2012=VECTOR('',#7108,10.);
#2013=VECTOR('',#7111,10.);
#2014=VECTOR('',#7112,10.);
#2015=VECTOR('',#7113,10.);
#2016=VECTOR('',#7120,10.);
#2017=VECTOR('',#7123,10.);
#2018=VECTOR('',#7124,10.);
#2019=VECTOR('',#7125,10.);
#2020=VECTOR('',#7128,10.);
#2021=VECTOR('',#7129,10.);
#2022=VECTOR('',#7130,10.);
#2023=VECTOR('',#7133,10.);
#2024=VECTOR('',#7134,10.);
#2025=VECTOR('',#7135,10.);
#2026=VECTOR('',#7138,10.);
#2027=VECTOR('',#7139,10.);
#2028=VECTOR('',#7140,10.);
#2029=VECTOR('',#7147,10.);
#2030=VECTOR('',#7150,10.);
#2031=VECTOR('',#7151,10.);
#2032=VECTOR('',#7152,10.);
#2033=VECTOR('',#7155,10.);
#2034=VECTOR('',#7156,10.);
#2035=VECTOR('',#7157,10.);
#2036=VECTOR('',#7160,10.);
#2037=VECTOR('',#7161,10.);
#2038=VECTOR('',#7162,10.);
#2039=VECTOR('',#7165,10.);
#2040=VECTOR('',#7166,10.);
#2041=VECTOR('',#7167,10.);
#2042=VECTOR('',#7174,10.);
#2043=VECTOR('',#7177,10.);
#2044=VECTOR('',#7178,10.);
#2045=VECTOR('',#7179,10.);
#2046=VECTOR('',#7182,10.);
#2047=VECTOR('',#7183,10.);
#2048=VECTOR('',#7184,10.);
#2049=VECTOR('',#7187,10.);
#2050=VECTOR('',#7188,10.);
#2051=VECTOR('',#7189,10.);
#2052=VECTOR('',#7192,10.);
#2053=VECTOR('',#7193,10.);
#2054=VECTOR('',#7194,10.);
#2055=VECTOR('',#7201,10.);
#2056=VECTOR('',#7204,10.);
#2057=VECTOR('',#7205,10.);
#2058=VECTOR('',#7206,10.);
#2059=VECTOR('',#7209,10.);
#2060=VECTOR('',#7210,10.);
#2061=VECTOR('',#7211,10.);
#2062=VECTOR('',#7214,10.);
#2063=VECTOR('',#7215,10.);
#2064=VECTOR('',#7216,10.);
#2065=VECTOR('',#7219,10.);
#2066=VECTOR('',#7220,10.);
#2067=VECTOR('',#7221,10.);
#2068=VECTOR('',#7228,10.);
#2069=VECTOR('',#7231,10.);
#2070=VECTOR('',#7232,10.);
#2071=VECTOR('',#7233,10.);
#2072=VECTOR('',#7236,10.);
#2073=VECTOR('',#7237,10.);
#2074=VECTOR('',#7238,10.);
#2075=VECTOR('',#7241,10.);
#2076=VECTOR('',#7242,10.);
#2077=VECTOR('',#7243,10.);
#2078=VECTOR('',#7246,10.);
#2079=VECTOR('',#7247,10.);
#2080=VECTOR('',#7248,10.);
#2081=VECTOR('',#7255,10.);
#2082=VECTOR('',#7258,10.);
#2083=VECTOR('',#7259,10.);
#2084=VECTOR('',#7260,10.);
#2085=VECTOR('',#7263,10.);
#2086=VECTOR('',#7264,10.);
#2087=VECTOR('',#7265,10.);
#2088=VECTOR('',#7268,10.);
#2089=VECTOR('',#7269,10.);
#2090=VECTOR('',#7270,10.);
#2091=VECTOR('',#7273,10.);
#2092=VECTOR('',#7274,10.);
#2093=VECTOR('',#7275,10.);
#2094=VECTOR('',#7282,10.);
#2095=VECTOR('',#7285,10.);
#2096=VECTOR('',#7286,10.);
#2097=VECTOR('',#7287,10.);
#2098=VECTOR('',#7290,10.);
#2099=VECTOR('',#7291,10.);
#2100=VECTOR('',#7292,10.);
#2101=VECTOR('',#7295,10.);
#2102=VECTOR('',#7296,10.);
#2103=VECTOR('',#7297,10.);
#2104=VECTOR('',#7300,10.);
#2105=VECTOR('',#7301,10.);
#2106=VECTOR('',#7302,10.);
#2107=VECTOR('',#7309,10.);
#2108=VECTOR('',#7312,10.);
#2109=VECTOR('',#7313,10.);
#2110=VECTOR('',#7314,10.);
#2111=VECTOR('',#7317,10.);
#2112=VECTOR('',#7318,10.);
#2113=VECTOR('',#7319,10.);
#2114=VECTOR('',#7322,10.);
#2115=VECTOR('',#7323,10.);
#2116=VECTOR('',#7324,10.);
#2117=VECTOR('',#7327,10.);
#2118=VECTOR('',#7328,10.);
#2119=VECTOR('',#7329,10.);
#2120=VECTOR('',#7336,10.);
#2121=VECTOR('',#7339,10.);
#2122=VECTOR('',#7340,10.);
#2123=VECTOR('',#7341,10.);
#2124=VECTOR('',#7344,10.);
#2125=VECTOR('',#7345,10.);
#2126=VECTOR('',#7346,10.);
#2127=VECTOR('',#7349,10.);
#2128=VECTOR('',#7350,10.);
#2129=VECTOR('',#7351,10.);
#2130=VECTOR('',#7354,10.);
#2131=VECTOR('',#7355,10.);
#2132=VECTOR('',#7356,10.);
#2133=VECTOR('',#7363,10.);
#2134=VECTOR('',#7366,10.);
#2135=VECTOR('',#7367,10.);
#2136=VECTOR('',#7368,10.);
#2137=VECTOR('',#7371,10.);
#2138=VECTOR('',#7372,10.);
#2139=VECTOR('',#7373,10.);
#2140=VECTOR('',#7376,10.);
#2141=VECTOR('',#7377,10.);
#2142=VECTOR('',#7378,10.);
#2143=VECTOR('',#7381,10.);
#2144=VECTOR('',#7382,10.);
#2145=VECTOR('',#7383,10.);
#2146=VECTOR('',#7390,10.);
#2147=VECTOR('',#7393,10.);
#2148=VECTOR('',#7394,10.);
#2149=VECTOR('',#7395,10.);
#2150=VECTOR('',#7398,10.);
#2151=VECTOR('',#7399,10.);
#2152=VECTOR('',#7400,10.);
#2153=VECTOR('',#7403,10.);
#2154=VECTOR('',#7404,10.);
#2155=VECTOR('',#7405,10.);
#2156=VECTOR('',#7408,10.);
#2157=VECTOR('',#7409,10.);
#2158=VECTOR('',#7410,10.);
#2159=VECTOR('',#7417,10.);
#2160=VECTOR('',#7420,10.);
#2161=VECTOR('',#7421,10.);
#2162=VECTOR('',#7422,10.);
#2163=VECTOR('',#7425,10.);
#2164=VECTOR('',#7426,10.);
#2165=VECTOR('',#7427,10.);
#2166=VECTOR('',#7430,10.);
#2167=VECTOR('',#7431,10.);
#2168=VECTOR('',#7432,10.);
#2169=VECTOR('',#7435,10.);
#2170=VECTOR('',#7436,10.);
#2171=VECTOR('',#7437,10.);
#2172=VECTOR('',#7448,9.5);
#2173=VECTOR('',#7459,10.);
#2174=VECTOR('',#7460,10.);
#2175=VECTOR('',#7461,10.);
#2176=VECTOR('',#7462,10.);
#2177=VECTOR('',#7465,10.);
#2178=VECTOR('',#7466,10.);
#2179=VECTOR('',#7467,10.);
#2180=VECTOR('',#7470,10.);
#2181=VECTOR('',#7471,10.);
#2182=VECTOR('',#7472,10.);
#2183=VECTOR('',#7475,10.);
#2184=VECTOR('',#7476,10.);
#2185=VECTOR('',#7485,10.);
#2186=VECTOR('',#7486,10.);
#2187=VECTOR('',#7487,10.);
#2188=VECTOR('',#7488,10.);
#2189=VECTOR('',#7491,10.);
#2190=VECTOR('',#7492,10.);
#2191=VECTOR('',#7493,10.);
#2192=VECTOR('',#7494,10.);
#2193=VECTOR('',#7497,10.);
#2194=VECTOR('',#7498,10.);
#2195=VECTOR('',#7501,10.);
#2196=VECTOR('',#7502,10.);
#2197=VECTOR('',#7507,10.);
#2198=VECTOR('',#7510,10.);
#2199=VECTOR('',#7513,10.);
#2200=VECTOR('',#7514,10.);
#2201=VECTOR('',#7515,10.);
#2202=VECTOR('',#7516,10.);
#2203=VECTOR('',#7517,10.);
#2204=VECTOR('',#7518,10.);
#2205=VECTOR('',#7519,10.);
#2206=VECTOR('',#7522,10.);
#2207=VECTOR('',#7523,10.);
#2208=VECTOR('',#7524,10.);
#2209=VECTOR('',#7525,10.);
#2210=VECTOR('',#7528,10.);
#2211=VECTOR('',#7531,10.);
#2212=VECTOR('',#7532,10.);
#2213=VECTOR('',#7533,10.);
#2214=VECTOR('',#7536,10.);
#2215=VECTOR('',#7537,10.);
#2216=VECTOR('',#7538,10.);
#2217=VECTOR('',#7541,10.);
#2218=VECTOR('',#7542,10.);
#2219=VECTOR('',#7543,10.);
#2220=VECTOR('',#7544,10.);
#2221=VECTOR('',#7547,10.);
#2222=VECTOR('',#7548,10.);
#2223=VECTOR('',#7549,10.);
#2224=VECTOR('',#7550,10.);
#2225=VECTOR('',#7553,10.);
#2226=VECTOR('',#7554,10.);
#2227=VECTOR('',#7555,10.);
#2228=VECTOR('',#7558,10.);
#2229=VECTOR('',#7561,10.);
#2230=VECTOR('',#7564,10.);
#2231=VECTOR('',#7565,10.);
#2232=VECTOR('',#7566,10.);
#2233=VECTOR('',#7569,10.);
#2234=VECTOR('',#7572,10.);
#2235=VECTOR('',#7573,10.);
#2236=VECTOR('',#7578,10.);
#2237=VECTOR('',#7579,10.);
#2238=VECTOR('',#7582,10.);
#2239=VECTOR('',#7585,10.);
#2240=VECTOR('',#7588,10.);
#2241=VECTOR('',#7591,10.);
#2242=VECTOR('',#7592,10.);
#2243=VECTOR('',#7595,10.);
#2244=VECTOR('',#7598,10.);
#2245=VECTOR('',#7601,10.);
#2246=VECTOR('',#7602,10.);
#2247=VECTOR('',#7605,10.);
#2248=VECTOR('',#7610,10.);
#2249=VECTOR('',#7611,10.);
#2250=VECTOR('',#7614,10.);
#2251=VECTOR('',#7619,10.);
#2252=VECTOR('',#7620,10.);
#2253=VECTOR('',#7621,10.);
#2254=VECTOR('',#7622,10.);
#2255=VECTOR('',#7623,10.);
#2256=VECTOR('',#7626,10.);
#2257=VECTOR('',#7631,10.);
#2258=VECTOR('',#7636,10.);
#2259=VECTOR('',#7637,10.);
#2260=VECTOR('',#7640,10.);
#2261=VECTOR('',#7641,10.);
#2262=VECTOR('',#7642,10.);
#2263=VECTOR('',#7643,10.);
#2264=VECTOR('',#7646,10.);
#2265=VECTOR('',#7653,10.);
#2266=VECTOR('',#7656,10.);
#2267=VECTOR('',#7657,10.);
#2268=VECTOR('',#7666,10.);
#2269=VECTOR('',#7667,10.);
#2270=VECTOR('',#7670,10.);
#2271=VECTOR('',#7671,10.);
#2272=VECTOR('',#7674,10.);
#2273=VECTOR('',#7675,10.);
#2274=VECTOR('',#7678,10.);
#2275=VECTOR('',#7685,10.);
#2276=VECTOR('',#7686,10.);
#2277=VECTOR('',#7689,10.);
#2278=VECTOR('',#7696,2.925);
#2279=VECTOR('',#7705,5.35);
#2280=VECTOR('',#7714,6.5);
#2281=VECTOR('',#7721,10.);
#2282=VECTOR('',#7722,10.);
#2283=VECTOR('',#7733,10.);
#2284=VECTOR('',#7734,10.);
#2285=VECTOR('',#7735,10.);
#2286=VECTOR('',#7738,10.);
#2287=VECTOR('',#7739,10.);
#2288=VECTOR('',#7740,10.);
#2289=VECTOR('',#7743,10.);
#2290=VECTOR('',#7744,10.);
#2291=VECTOR('',#7745,10.);
#2292=VECTOR('',#7748,10.);
#2293=VECTOR('',#7749,10.);
#2294=VECTOR('',#7750,10.);
#2295=VECTOR('',#7753,10.);
#2296=VECTOR('',#7754,10.);
#2297=VECTOR('',#7755,10.);
#2298=VECTOR('',#7758,10.);
#2299=VECTOR('',#7759,10.);
#2300=VECTOR('',#7760,10.);
#2301=VECTOR('',#7763,10.);
#2302=VECTOR('',#7764,10.);
#2303=VECTOR('',#7767,10.);
#2304=VECTOR('',#7770,10.);
#2305=VECTOR('',#7773,10.);
#2306=VECTOR('',#7776,10.);
#2307=VECTOR('',#7779,10.);
#2308=VECTOR('',#7782,10.);
#2309=VECTOR('',#7787,10.);
#2310=VECTOR('',#7790,10.);
#2311=VECTOR('',#7793,10.);
#2312=VECTOR('',#7796,10.);
#2313=VECTOR('',#7799,10.);
#2314=VECTOR('',#7802,10.);
#2315=VECTOR('',#7805,10.);
#2316=VECTOR('',#7808,10.);
#2317=VECTOR('',#7811,10.);
#2318=VECTOR('',#7814,10.);
#2319=VECTOR('',#7819,10.);
#2320=VECTOR('',#7822,10.);
#2321=VECTOR('',#7831,10.);
#2322=VECTOR('',#7834,10.);
#2323=VECTOR('',#7837,10.);
#2324=VECTOR('',#7838,10.);
#2325=VECTOR('',#7839,10.);
#2326=VECTOR('',#7842,10.);
#2327=VECTOR('',#7845,10.);
#2328=VECTOR('',#7848,10.);
#2329=VECTOR('',#7851,10.);
#2330=VECTOR('',#7852,10.);
#2331=VECTOR('',#7853,10.);
#2332=VECTOR('',#7854,10.);
#2333=VECTOR('',#7855,10.);
#2334=VECTOR('',#7858,10.);
#2335=VECTOR('',#7861,10.);
#2336=VECTOR('',#7864,10.);
#2337=VECTOR('',#7865,10.);
#2338=VECTOR('',#7868,10.);
#2339=VECTOR('',#7871,10.);
#2340=VECTOR('',#7874,10.);
#2341=VECTOR('',#7877,10.);
#2342=VECTOR('',#7878,10.);
#2343=VECTOR('',#7879,10.);
#2344=VECTOR('',#7882,10.);
#2345=VECTOR('',#7883,10.);
#2346=VECTOR('',#7886,10.);
#2347=VECTOR('',#7887,10.);
#2348=VECTOR('',#7890,10.);
#2349=VECTOR('',#7893,10.);
#2350=VECTOR('',#7898,10.);
#2351=VECTOR('',#7901,10.);
#2352=VECTOR('',#7908,10.);
#2353=VECTOR('',#7909,10.);
#2354=VECTOR('',#7910,10.);
#2355=VECTOR('',#7911,10.);
#2356=VECTOR('',#7914,10.);
#2357=VECTOR('',#7915,10.);
#2358=VECTOR('',#7916,10.);
#2359=VECTOR('',#7919,10.);
#2360=VECTOR('',#7920,10.);
#2361=VECTOR('',#7921,10.);
#2362=VECTOR('',#7924,10.);
#2363=VECTOR('',#7925,10.);
#2364=VECTOR('',#7934,10.);
#2365=VECTOR('',#7935,10.);
#2366=VECTOR('',#7936,10.);
#2367=VECTOR('',#7937,10.);
#2368=VECTOR('',#7944,10.);
#2369=VECTOR('',#7947,10.);
#2370=VECTOR('',#7948,10.);
#2371=VECTOR('',#7949,10.);
#2372=VECTOR('',#7952,10.);
#2373=VECTOR('',#7953,10.);
#2374=VERTEX_POINT('',#8015);
#2375=VERTEX_POINT('',#8016);
#2376=VERTEX_POINT('',#8018);
#2377=VERTEX_POINT('',#8020);
#2378=VERTEX_POINT('',#8024);
#2379=VERTEX_POINT('',#8026);
#2380=VERTEX_POINT('',#8030);
#2381=VERTEX_POINT('',#8032);
#2382=VERTEX_POINT('',#8039);
#2383=VERTEX_POINT('',#8040);
#2384=VERTEX_POINT('',#8042);
#2385=VERTEX_POINT('',#8044);
#2386=VERTEX_POINT('',#8048);
#2387=VERTEX_POINT('',#8050);
#2388=VERTEX_POINT('',#8054);
#2389=VERTEX_POINT('',#8056);
#2390=VERTEX_POINT('',#8066);
#2391=VERTEX_POINT('',#8067);
#2392=VERTEX_POINT('',#8069);
#2393=VERTEX_POINT('',#8071);
#2394=VERTEX_POINT('',#8075);
#2395=VERTEX_POINT('',#8076);
#2396=VERTEX_POINT('',#8078);
#2397=VERTEX_POINT('',#8080);
#2398=VERTEX_POINT('',#8091);
#2399=VERTEX_POINT('',#8092);
#2400=VERTEX_POINT('',#8094);
#2401=VERTEX_POINT('',#8096);
#2402=VERTEX_POINT('',#8100);
#2403=VERTEX_POINT('',#8102);
#2404=VERTEX_POINT('',#8106);
#2405=VERTEX_POINT('',#8108);
#2406=VERTEX_POINT('',#8118);
#2407=VERTEX_POINT('',#8119);
#2408=VERTEX_POINT('',#8121);
#2409=VERTEX_POINT('',#8123);
#2410=VERTEX_POINT('',#8127);
#2411=VERTEX_POINT('',#8129);
#2412=VERTEX_POINT('',#8133);
#2413=VERTEX_POINT('',#8135);
#2414=VERTEX_POINT('',#8142);
#2415=VERTEX_POINT('',#8143);
#2416=VERTEX_POINT('',#8145);
#2417=VERTEX_POINT('',#8147);
#2418=VERTEX_POINT('',#8151);
#2419=VERTEX_POINT('',#8153);
#2420=VERTEX_POINT('',#8157);
#2421=VERTEX_POINT('',#8159);
#2422=VERTEX_POINT('',#8167);
#2423=VERTEX_POINT('',#8168);
#2424=VERTEX_POINT('',#8170);
#2425=VERTEX_POINT('',#8172);
#2426=VERTEX_POINT('',#8176);
#2427=VERTEX_POINT('',#8178);
#2428=VERTEX_POINT('',#8182);
#2429=VERTEX_POINT('',#8186);
#2430=VERTEX_POINT('',#8195);
#2431=VERTEX_POINT('',#8197);
#2432=VERTEX_POINT('',#8201);
#2433=VERTEX_POINT('',#8202);
#2434=VERTEX_POINT('',#8204);
#2435=VERTEX_POINT('',#8206);
#2436=VERTEX_POINT('',#8210);
#2437=VERTEX_POINT('',#8212);
#2438=VERTEX_POINT('',#8216);
#2439=VERTEX_POINT('',#8220);
#2440=VERTEX_POINT('',#8226);
#2441=VERTEX_POINT('',#8227);
#2442=VERTEX_POINT('',#8229);
#2443=VERTEX_POINT('',#8231);
#2444=VERTEX_POINT('',#8235);
#2445=VERTEX_POINT('',#8236);
#2446=VERTEX_POINT('',#8238);
#2447=VERTEX_POINT('',#8240);
#2448=VERTEX_POINT('',#8253);
#2449=VERTEX_POINT('',#8254);
#2450=VERTEX_POINT('',#8256);
#2451=VERTEX_POINT('',#8258);
#2452=VERTEX_POINT('',#8262);
#2453=VERTEX_POINT('',#8264);
#2454=VERTEX_POINT('',#8268);
#2455=VERTEX_POINT('',#8270);
#2456=VERTEX_POINT('',#8277);
#2457=VERTEX_POINT('',#8278);
#2458=VERTEX_POINT('',#8280);
#2459=VERTEX_POINT('',#8282);
#2460=VERTEX_POINT('',#8286);
#2461=VERTEX_POINT('',#8288);
#2462=VERTEX_POINT('',#8292);
#2463=VERTEX_POINT('',#8294);
#2464=VERTEX_POINT('',#8304);
#2465=VERTEX_POINT('',#8306);
#2466=VERTEX_POINT('',#8310);
#2467=VERTEX_POINT('',#8312);
#2468=VERTEX_POINT('',#8316);
#2469=VERTEX_POINT('',#8317);
#2470=VERTEX_POINT('',#8319);
#2471=VERTEX_POINT('',#8321);
#2472=VERTEX_POINT('',#8325);
#2473=VERTEX_POINT('',#8327);
#2474=VERTEX_POINT('',#8337);
#2475=VERTEX_POINT('',#8338);
#2476=VERTEX_POINT('',#8340);
#2477=VERTEX_POINT('',#8342);
#2478=VERTEX_POINT('',#8346);
#2479=VERTEX_POINT('',#8348);
#2480=VERTEX_POINT('',#8352);
#2481=VERTEX_POINT('',#8354);
#2482=VERTEX_POINT('',#8358);
#2483=VERTEX_POINT('',#8360);
#2484=VERTEX_POINT('',#8364);
#2485=VERTEX_POINT('',#8366);
#2486=VERTEX_POINT('',#8370);
#2487=VERTEX_POINT('',#8372);
#2488=VERTEX_POINT('',#8376);
#2489=VERTEX_POINT('',#8378);
#2490=VERTEX_POINT('',#8388);
#2491=VERTEX_POINT('',#8389);
#2492=VERTEX_POINT('',#8391);
#2493=VERTEX_POINT('',#8393);
#2494=VERTEX_POINT('',#8397);
#2495=VERTEX_POINT('',#8399);
#2496=VERTEX_POINT('',#8403);
#2497=VERTEX_POINT('',#8405);
#2498=VERTEX_POINT('',#8409);
#2499=VERTEX_POINT('',#8411);
#2500=VERTEX_POINT('',#8415);
#2501=VERTEX_POINT('',#8417);
#2502=VERTEX_POINT('',#8425);
#2503=VERTEX_POINT('',#8427);
#2504=VERTEX_POINT('',#8431);
#2505=VERTEX_POINT('',#8433);
#2506=VERTEX_POINT('',#8437);
#2507=VERTEX_POINT('',#8439);
#2508=VERTEX_POINT('',#8443);
#2509=VERTEX_POINT('',#8445);
#2510=VERTEX_POINT('',#8453);
#2511=VERTEX_POINT('',#8455);
#2512=VERTEX_POINT('',#8459);
#2513=VERTEX_POINT('',#8461);
#2514=VERTEX_POINT('',#8465);
#2515=VERTEX_POINT('',#8467);
#2516=VERTEX_POINT('',#8471);
#2517=VERTEX_POINT('',#8473);
#2518=VERTEX_POINT('',#8481);
#2519=VERTEX_POINT('',#8483);
#2520=VERTEX_POINT('',#8487);
#2521=VERTEX_POINT('',#8489);
#2522=VERTEX_POINT('',#8493);
#2523=VERTEX_POINT('',#8495);
#2524=VERTEX_POINT('',#8499);
#2525=VERTEX_POINT('',#8501);
#2526=VERTEX_POINT('',#8509);
#2527=VERTEX_POINT('',#8511);
#2528=VERTEX_POINT('',#8515);
#2529=VERTEX_POINT('',#8517);
#2530=VERTEX_POINT('',#8521);
#2531=VERTEX_POINT('',#8523);
#2532=VERTEX_POINT('',#8527);
#2533=VERTEX_POINT('',#8529);
#2534=VERTEX_POINT('',#8537);
#2535=VERTEX_POINT('',#8539);
#2536=VERTEX_POINT('',#8543);
#2537=VERTEX_POINT('',#8545);
#2538=VERTEX_POINT('',#8549);
#2539=VERTEX_POINT('',#8551);
#2540=VERTEX_POINT('',#8555);
#2541=VERTEX_POINT('',#8557);
#2542=VERTEX_POINT('',#8565);
#2543=VERTEX_POINT('',#8567);
#2544=VERTEX_POINT('',#8571);
#2545=VERTEX_POINT('',#8573);
#2546=VERTEX_POINT('',#8577);
#2547=VERTEX_POINT('',#8579);
#2548=VERTEX_POINT('',#8583);
#2549=VERTEX_POINT('',#8585);
#2550=VERTEX_POINT('',#8593);
#2551=VERTEX_POINT('',#8595);
#2552=VERTEX_POINT('',#8599);
#2553=VERTEX_POINT('',#8601);
#2554=VERTEX_POINT('',#8605);
#2555=VERTEX_POINT('',#8607);
#2556=VERTEX_POINT('',#8611);
#2557=VERTEX_POINT('',#8613);
#2558=VERTEX_POINT('',#8621);
#2559=VERTEX_POINT('',#8623);
#2560=VERTEX_POINT('',#8627);
#2561=VERTEX_POINT('',#8629);
#2562=VERTEX_POINT('',#8633);
#2563=VERTEX_POINT('',#8635);
#2564=VERTEX_POINT('',#8639);
#2565=VERTEX_POINT('',#8641);
#2566=VERTEX_POINT('',#8649);
#2567=VERTEX_POINT('',#8651);
#2568=VERTEX_POINT('',#8655);
#2569=VERTEX_POINT('',#8657);
#2570=VERTEX_POINT('',#8661);
#2571=VERTEX_POINT('',#8663);
#2572=VERTEX_POINT('',#8667);
#2573=VERTEX_POINT('',#8669);
#2574=VERTEX_POINT('',#8677);
#2575=VERTEX_POINT('',#8679);
#2576=VERTEX_POINT('',#8683);
#2577=VERTEX_POINT('',#8685);
#2578=VERTEX_POINT('',#8689);
#2579=VERTEX_POINT('',#8691);
#2580=VERTEX_POINT('',#8695);
#2581=VERTEX_POINT('',#8697);
#2582=VERTEX_POINT('',#8705);
#2583=VERTEX_POINT('',#8707);
#2584=VERTEX_POINT('',#8711);
#2585=VERTEX_POINT('',#8713);
#2586=VERTEX_POINT('',#8717);
#2587=VERTEX_POINT('',#8719);
#2588=VERTEX_POINT('',#8723);
#2589=VERTEX_POINT('',#8725);
#2590=VERTEX_POINT('',#8733);
#2591=VERTEX_POINT('',#8735);
#2592=VERTEX_POINT('',#8739);
#2593=VERTEX_POINT('',#8741);
#2594=VERTEX_POINT('',#8745);
#2595=VERTEX_POINT('',#8747);
#2596=VERTEX_POINT('',#8751);
#2597=VERTEX_POINT('',#8753);
#2598=VERTEX_POINT('',#8761);
#2599=VERTEX_POINT('',#8763);
#2600=VERTEX_POINT('',#8767);
#2601=VERTEX_POINT('',#8769);
#2602=VERTEX_POINT('',#8773);
#2603=VERTEX_POINT('',#8775);
#2604=VERTEX_POINT('',#8779);
#2605=VERTEX_POINT('',#8781);
#2606=VERTEX_POINT('',#8789);
#2607=VERTEX_POINT('',#8791);
#2608=VERTEX_POINT('',#8795);
#2609=VERTEX_POINT('',#8797);
#2610=VERTEX_POINT('',#8801);
#2611=VERTEX_POINT('',#8803);
#2612=VERTEX_POINT('',#8807);
#2613=VERTEX_POINT('',#8809);
#2614=VERTEX_POINT('',#8817);
#2615=VERTEX_POINT('',#8819);
#2616=VERTEX_POINT('',#8823);
#2617=VERTEX_POINT('',#8825);
#2618=VERTEX_POINT('',#8829);
#2619=VERTEX_POINT('',#8831);
#2620=VERTEX_POINT('',#8835);
#2621=VERTEX_POINT('',#8837);
#2622=VERTEX_POINT('',#8845);
#2623=VERTEX_POINT('',#8847);
#2624=VERTEX_POINT('',#8851);
#2625=VERTEX_POINT('',#8853);
#2626=VERTEX_POINT('',#8857);
#2627=VERTEX_POINT('',#8859);
#2628=VERTEX_POINT('',#8863);
#2629=VERTEX_POINT('',#8865);
#2630=VERTEX_POINT('',#8873);
#2631=VERTEX_POINT('',#8875);
#2632=VERTEX_POINT('',#8879);
#2633=VERTEX_POINT('',#8881);
#2634=VERTEX_POINT('',#8885);
#2635=VERTEX_POINT('',#8887);
#2636=VERTEX_POINT('',#8891);
#2637=VERTEX_POINT('',#8893);
#2638=VERTEX_POINT('',#8901);
#2639=VERTEX_POINT('',#8903);
#2640=VERTEX_POINT('',#8907);
#2641=VERTEX_POINT('',#8909);
#2642=VERTEX_POINT('',#8913);
#2643=VERTEX_POINT('',#8915);
#2644=VERTEX_POINT('',#8919);
#2645=VERTEX_POINT('',#8921);
#2646=VERTEX_POINT('',#8929);
#2647=VERTEX_POINT('',#8931);
#2648=VERTEX_POINT('',#8935);
#2649=VERTEX_POINT('',#8937);
#2650=VERTEX_POINT('',#8941);
#2651=VERTEX_POINT('',#8943);
#2652=VERTEX_POINT('',#8947);
#2653=VERTEX_POINT('',#8949);
#2654=VERTEX_POINT('',#8957);
#2655=VERTEX_POINT('',#8959);
#2656=VERTEX_POINT('',#8963);
#2657=VERTEX_POINT('',#8965);
#2658=VERTEX_POINT('',#8969);
#2659=VERTEX_POINT('',#8971);
#2660=VERTEX_POINT('',#8975);
#2661=VERTEX_POINT('',#8977);
#2662=VERTEX_POINT('',#8985);
#2663=VERTEX_POINT('',#8987);
#2664=VERTEX_POINT('',#8991);
#2665=VERTEX_POINT('',#8993);
#2666=VERTEX_POINT('',#8997);
#2667=VERTEX_POINT('',#8999);
#2668=VERTEX_POINT('',#9003);
#2669=VERTEX_POINT('',#9005);
#2670=VERTEX_POINT('',#9013);
#2671=VERTEX_POINT('',#9015);
#2672=VERTEX_POINT('',#9019);
#2673=VERTEX_POINT('',#9021);
#2674=VERTEX_POINT('',#9025);
#2675=VERTEX_POINT('',#9027);
#2676=VERTEX_POINT('',#9031);
#2677=VERTEX_POINT('',#9033);
#2678=VERTEX_POINT('',#9041);
#2679=VERTEX_POINT('',#9043);
#2680=VERTEX_POINT('',#9047);
#2681=VERTEX_POINT('',#9049);
#2682=VERTEX_POINT('',#9053);
#2683=VERTEX_POINT('',#9055);
#2684=VERTEX_POINT('',#9059);
#2685=VERTEX_POINT('',#9061);
#2686=VERTEX_POINT('',#9069);
#2687=VERTEX_POINT('',#9071);
#2688=VERTEX_POINT('',#9079);
#2689=VERTEX_POINT('',#9081);
#2690=VERTEX_POINT('',#9088);
#2691=VERTEX_POINT('',#9090);
#2692=VERTEX_POINT('',#9097);
#2693=VERTEX_POINT('',#9098);
#2694=VERTEX_POINT('',#9100);
#2695=VERTEX_POINT('',#9102);
#2696=VERTEX_POINT('',#9106);
#2697=VERTEX_POINT('',#9108);
#2698=VERTEX_POINT('',#9112);
#2699=VERTEX_POINT('',#9114);
#2700=VERTEX_POINT('',#9124);
#2701=VERTEX_POINT('',#9125);
#2702=VERTEX_POINT('',#9127);
#2703=VERTEX_POINT('',#9129);
#2704=VERTEX_POINT('',#9133);
#2705=VERTEX_POINT('',#9134);
#2706=VERTEX_POINT('',#9136);
#2707=VERTEX_POINT('',#9138);
#2708=VERTEX_POINT('',#9142);
#2709=VERTEX_POINT('',#9146);
#2710=VERTEX_POINT('',#9150);
#2711=VERTEX_POINT('',#9151);
#2712=VERTEX_POINT('',#9153);
#2713=VERTEX_POINT('',#9155);
#2714=VERTEX_POINT('',#9159);
#2715=VERTEX_POINT('',#9161);
#2716=VERTEX_POINT('',#9163);
#2717=VERTEX_POINT('',#9165);
#2718=VERTEX_POINT('',#9167);
#2719=VERTEX_POINT('',#9169);
#2720=VERTEX_POINT('',#9173);
#2721=VERTEX_POINT('',#9174);
#2722=VERTEX_POINT('',#9176);
#2723=VERTEX_POINT('',#9178);
#2724=VERTEX_POINT('',#9180);
#2725=VERTEX_POINT('',#9182);
#2726=VERTEX_POINT('',#9184);
#2727=VERTEX_POINT('',#9187);
#2728=VERTEX_POINT('',#9189);
#2729=VERTEX_POINT('',#9191);
#2730=VERTEX_POINT('',#9193);
#2731=VERTEX_POINT('',#9195);
#2732=VERTEX_POINT('',#9197);
#2733=VERTEX_POINT('',#9199);
#2734=VERTEX_POINT('',#9201);
#2735=VERTEX_POINT('',#9203);
#2736=VERTEX_POINT('',#9205);
#2737=VERTEX_POINT('',#9208);
#2738=VERTEX_POINT('',#9210);
#2739=VERTEX_POINT('',#9212);
#2740=VERTEX_POINT('',#9214);
#2741=VERTEX_POINT('',#9216);
#2742=VERTEX_POINT('',#9218);
#2743=VERTEX_POINT('',#9220);
#2744=VERTEX_POINT('',#9222);
#2745=VERTEX_POINT('',#9224);
#2746=VERTEX_POINT('',#9226);
#2747=VERTEX_POINT('',#9229);
#2748=VERTEX_POINT('',#9231);
#2749=VERTEX_POINT('',#9233);
#2750=VERTEX_POINT('',#9235);
#2751=VERTEX_POINT('',#9237);
#2752=VERTEX_POINT('',#9240);
#2753=VERTEX_POINT('',#9242);
#2754=VERTEX_POINT('',#9244);
#2755=VERTEX_POINT('',#9246);
#2756=VERTEX_POINT('',#9248);
#2757=VERTEX_POINT('',#9252);
#2758=VERTEX_POINT('',#9253);
#2759=VERTEX_POINT('',#9258);
#2760=VERTEX_POINT('',#9260);
#2761=VERTEX_POINT('',#9262);
#2762=VERTEX_POINT('',#9264);
#2763=VERTEX_POINT('',#9266);
#2764=VERTEX_POINT('',#9268);
#2765=VERTEX_POINT('',#9270);
#2766=VERTEX_POINT('',#9272);
#2767=VERTEX_POINT('',#9288);
#2768=VERTEX_POINT('',#9290);
#2769=VERTEX_POINT('',#9292);
#2770=VERTEX_POINT('',#9294);
#2771=VERTEX_POINT('',#9301);
#2772=VERTEX_POINT('',#9305);
#2773=VERTEX_POINT('',#9309);
#2774=VERTEX_POINT('',#9313);
#2775=VERTEX_POINT('',#9315);
#2776=VERTEX_POINT('',#9318);
#2777=VERTEX_POINT('',#9322);
#2778=VERTEX_POINT('',#9328);
#2779=VERTEX_POINT('',#9329);
#2780=VERTEX_POINT('',#9334);
#2781=VERTEX_POINT('',#9336);
#2782=VERTEX_POINT('',#9344);
#2783=VERTEX_POINT('',#9353);
#2784=VERTEX_POINT('',#9354);
#2785=VERTEX_POINT('',#9359);
#2786=VERTEX_POINT('',#9363);
#2787=VERTEX_POINT('',#9365);
#2788=VERTEX_POINT('',#9381);
#2789=VERTEX_POINT('',#9383);
#2790=VERTEX_POINT('',#9385);
#2791=VERTEX_POINT('',#9388);
#2792=VERTEX_POINT('',#9397);
#2793=VERTEX_POINT('',#9399);
#2794=VERTEX_POINT('',#9404);
#2795=VERTEX_POINT('',#9406);
#2796=VERTEX_POINT('',#9411);
#2797=VERTEX_POINT('',#9454);
#2798=VERTEX_POINT('',#9456);
#2799=VERTEX_POINT('',#9458);
#2800=VERTEX_POINT('',#9460);
#2801=VERTEX_POINT('',#9462);
#2802=VERTEX_POINT('',#9464);
#2803=VERTEX_POINT('',#9466);
#2804=VERTEX_POINT('',#9468);
#2805=VERTEX_POINT('',#9470);
#2806=VERTEX_POINT('',#9472);
#2807=VERTEX_POINT('',#9476);
#2808=VERTEX_POINT('',#9478);
#2809=VERTEX_POINT('',#9480);
#2810=VERTEX_POINT('',#9482);
#2811=VERTEX_POINT('',#9484);
#2812=VERTEX_POINT('',#9486);
#2813=VERTEX_POINT('',#9488);
#2814=VERTEX_POINT('',#9490);
#2815=VERTEX_POINT('',#9492);
#2816=VERTEX_POINT('',#9494);
#2817=VERTEX_POINT('',#9541);
#2818=VERTEX_POINT('',#9542);
#2819=VERTEX_POINT('',#9544);
#2820=VERTEX_POINT('',#9546);
#2821=VERTEX_POINT('',#9550);
#2822=VERTEX_POINT('',#9552);
#2823=VERTEX_POINT('',#9556);
#2824=VERTEX_POINT('',#9558);
#2825=VERTEX_POINT('',#9560);
#2826=VERTEX_POINT('',#9562);
#2827=VERTEX_POINT('',#9564);
#2828=VERTEX_POINT('',#9566);
#2829=VERTEX_POINT('',#9569);
#2830=VERTEX_POINT('',#9570);
#2831=VERTEX_POINT('',#9572);
#2832=VERTEX_POINT('',#9574);
#2833=VERTEX_POINT('',#9578);
#2834=VERTEX_POINT('',#9580);
#2835=VERTEX_POINT('',#9584);
#2836=VERTEX_POINT('',#9588);
#2837=VERTEX_POINT('',#9590);
#2838=VERTEX_POINT('',#9596);
#2839=VERTEX_POINT('',#9597);
#2840=VERTEX_POINT('',#9602);
#2841=VERTEX_POINT('',#9606);
#2842=VERTEX_POINT('',#9614);
#2843=VERTEX_POINT('',#9622);
#2844=VERTEX_POINT('',#9623);
#2845=VERTEX_POINT('',#9625);
#2846=VERTEX_POINT('',#9627);
#2847=VERTEX_POINT('',#9631);
#2848=VERTEX_POINT('',#9633);
#2849=VERTEX_POINT('',#9637);
#2850=VERTEX_POINT('',#9639);
#2851=VERTEX_POINT('',#9649);
#2852=VERTEX_POINT('',#9650);
#2853=VERTEX_POINT('',#9652);
#2854=VERTEX_POINT('',#9654);
#2855=VERTEX_POINT('',#9658);
#2856=VERTEX_POINT('',#9660);
#2857=VERTEX_POINT('',#9664);
#2858=VERTEX_POINT('',#9666);
#2859=EDGE_CURVE('',#2374,#2375,#984,.T.);
#2860=EDGE_CURVE('',#2375,#2376,#985,.T.);
#2861=EDGE_CURVE('',#2377,#2376,#986,.T.);
#2862=EDGE_CURVE('',#2374,#2377,#987,.T.);
#2863=EDGE_CURVE('',#2378,#2374,#988,.T.);
#2864=EDGE_CURVE('',#2379,#2377,#989,.T.);
#2865=EDGE_CURVE('',#2378,#2379,#990,.T.);
#2866=EDGE_CURVE('',#2380,#2378,#991,.T.);
#2867=EDGE_CURVE('',#2381,#2379,#992,.T.);
#2868=EDGE_CURVE('',#2380,#2381,#993,.T.);
#2869=EDGE_CURVE('',#2375,#2380,#994,.T.);
#2870=EDGE_CURVE('',#2376,#2381,#995,.T.);
#2871=EDGE_CURVE('',#2382,#2383,#996,.T.);
#2872=EDGE_CURVE('',#2383,#2384,#997,.T.);
#2873=EDGE_CURVE('',#2385,#2384,#998,.T.);
#2874=EDGE_CURVE('',#2382,#2385,#999,.T.);
#2875=EDGE_CURVE('',#2386,#2382,#1000,.T.);
#2876=EDGE_CURVE('',#2387,#2385,#1001,.T.);
#2877=EDGE_CURVE('',#2386,#2387,#1002,.T.);
#2878=EDGE_CURVE('',#2388,#2386,#1003,.T.);
#2879=EDGE_CURVE('',#2389,#2387,#1004,.T.);
#2880=EDGE_CURVE('',#2388,#2389,#1005,.T.);
#2881=EDGE_CURVE('',#2383,#2388,#1006,.T.);
#2882=EDGE_CURVE('',#2384,#2389,#1007,.T.);
#2883=EDGE_CURVE('',#2390,#2391,#1008,.T.);
#2884=EDGE_CURVE('',#2392,#2390,#1009,.T.);
#2885=EDGE_CURVE('',#2393,#2392,#1010,.T.);
#2886=EDGE_CURVE('',#2391,#2393,#1011,.T.);
#2887=EDGE_CURVE('',#2394,#2395,#1012,.T.);
#2888=EDGE_CURVE('',#2394,#2396,#1013,.T.);
#2889=EDGE_CURVE('',#2396,#2397,#1014,.T.);
#2890=EDGE_CURVE('',#2397,#2395,#1015,.T.);
#2891=EDGE_CURVE('',#2397,#2390,#1016,.T.);
#2892=EDGE_CURVE('',#2395,#2391,#1017,.T.);
#2893=EDGE_CURVE('',#2396,#2392,#1018,.T.);
#2894=EDGE_CURVE('',#2393,#2394,#1019,.T.);
#2895=EDGE_CURVE('',#2398,#2399,#1020,.T.);
#2896=EDGE_CURVE('',#2399,#2400,#1021,.T.);
#2897=EDGE_CURVE('',#2401,#2400,#1022,.T.);
#2898=EDGE_CURVE('',#2398,#2401,#1023,.T.);
#2899=EDGE_CURVE('',#2402,#2398,#1024,.T.);
#2900=EDGE_CURVE('',#2403,#2401,#1025,.T.);
#2901=EDGE_CURVE('',#2402,#2403,#1026,.T.);
#2902=EDGE_CURVE('',#2404,#2402,#1027,.T.);
#2903=EDGE_CURVE('',#2405,#2403,#1028,.T.);
#2904=EDGE_CURVE('',#2404,#2405,#1029,.T.);
#2905=EDGE_CURVE('',#2399,#2404,#1030,.T.);
#2906=EDGE_CURVE('',#2400,#2405,#1031,.T.);
#2907=EDGE_CURVE('',#2406,#2407,#1032,.T.);
#2908=EDGE_CURVE('',#2406,#2408,#1033,.T.);
#2909=EDGE_CURVE('',#2409,#2408,#1034,.T.);
#2910=EDGE_CURVE('',#2407,#2409,#1035,.T.);
#2911=EDGE_CURVE('',#2407,#2410,#1036,.T.);
#2912=EDGE_CURVE('',#2411,#2409,#1037,.T.);
#2913=EDGE_CURVE('',#2410,#2411,#1038,.T.);
#2914=EDGE_CURVE('',#2410,#2412,#1039,.T.);
#2915=EDGE_CURVE('',#2413,#2411,#1040,.T.);
#2916=EDGE_CURVE('',#2412,#2413,#1041,.T.);
#2917=EDGE_CURVE('',#2412,#2406,#1042,.T.);
#2918=EDGE_CURVE('',#2408,#2413,#1043,.T.);
#2919=EDGE_CURVE('',#2414,#2415,#1044,.T.);
#2920=EDGE_CURVE('',#2414,#2416,#1045,.T.);
#2921=EDGE_CURVE('',#2417,#2416,#1046,.T.);
#2922=EDGE_CURVE('',#2415,#2417,#1047,.T.);
#2923=EDGE_CURVE('',#2415,#2418,#1048,.T.);
#2924=EDGE_CURVE('',#2419,#2417,#1049,.T.);
#2925=EDGE_CURVE('',#2418,#2419,#1050,.T.);
#2926=EDGE_CURVE('',#2418,#2420,#1051,.T.);
#2927=EDGE_CURVE('',#2421,#2419,#1052,.T.);
#2928=EDGE_CURVE('',#2420,#2421,#1053,.T.);
#2929=EDGE_CURVE('',#2420,#2414,#1054,.T.);
#2930=EDGE_CURVE('',#2416,#2421,#1055,.T.);
#2931=EDGE_CURVE('',#2422,#2423,#1056,.T.);
#2932=EDGE_CURVE('',#2424,#2422,#1057,.T.);
#2933=EDGE_CURVE('',#2425,#2424,#1058,.T.);
#2934=EDGE_CURVE('',#2423,#2425,#1059,.T.);
#2935=EDGE_CURVE('',#2422,#2426,#1060,.T.);
#2936=EDGE_CURVE('',#2427,#2426,#1061,.T.);
#2937=EDGE_CURVE('',#2424,#2427,#1062,.T.);
#2938=EDGE_CURVE('',#2428,#2427,#1063,.T.);
#2939=EDGE_CURVE('',#2425,#2428,#1064,.T.);
#2940=EDGE_CURVE('',#2429,#2428,#1065,.T.);
#2941=EDGE_CURVE('',#2423,#2429,#1066,.T.);
#2942=EDGE_CURVE('',#2426,#2429,#1067,.T.);
#2943=EDGE_CURVE('',#2430,#2430,#124,.T.);
#2944=EDGE_CURVE('',#2430,#2431,#1068,.T.);
#2945=EDGE_CURVE('',#2431,#2431,#125,.T.);
#2946=EDGE_CURVE('',#2432,#2433,#1069,.F.);
#2947=EDGE_CURVE('',#2434,#2432,#1070,.F.);
#2948=EDGE_CURVE('',#2435,#2434,#1071,.F.);
#2949=EDGE_CURVE('',#2433,#2435,#1072,.F.);
#2950=EDGE_CURVE('',#2433,#2436,#1073,.F.);
#2951=EDGE_CURVE('',#2437,#2436,#1074,.T.);
#2952=EDGE_CURVE('',#2432,#2437,#1075,.T.);
#2953=EDGE_CURVE('',#2435,#2438,#1076,.F.);
#2954=EDGE_CURVE('',#2436,#2438,#1077,.T.);
#2955=EDGE_CURVE('',#2434,#2439,#1078,.F.);
#2956=EDGE_CURVE('',#2438,#2439,#1079,.T.);
#2957=EDGE_CURVE('',#2439,#2437,#1080,.T.);
#2958=EDGE_CURVE('',#2440,#2441,#1081,.T.);
#2959=EDGE_CURVE('',#2442,#2440,#1082,.T.);
#2960=EDGE_CURVE('',#2443,#2442,#1083,.T.);
#2961=EDGE_CURVE('',#2441,#2443,#1084,.T.);
#2962=EDGE_CURVE('',#2444,#2445,#1085,.T.);
#2963=EDGE_CURVE('',#2445,#2446,#1086,.T.);
#2964=EDGE_CURVE('',#2446,#2447,#1087,.T.);
#2965=EDGE_CURVE('',#2447,#2444,#1088,.T.);
#2966=EDGE_CURVE('',#2444,#2440,#1089,.T.);
#2967=EDGE_CURVE('',#2445,#2441,#1090,.T.);
#2968=EDGE_CURVE('',#2446,#2443,#1091,.T.);
#2969=EDGE_CURVE('',#2447,#2442,#1092,.T.);
#2970=EDGE_CURVE('',#2448,#2449,#1093,.T.);
#2971=EDGE_CURVE('',#2449,#2450,#1094,.T.);
#2972=EDGE_CURVE('',#2451,#2450,#1095,.T.);
#2973=EDGE_CURVE('',#2448,#2451,#1096,.T.);
#2974=EDGE_CURVE('',#2452,#2448,#1097,.T.);
#2975=EDGE_CURVE('',#2453,#2451,#1098,.T.);
#2976=EDGE_CURVE('',#2452,#2453,#1099,.T.);
#2977=EDGE_CURVE('',#2454,#2452,#1100,.T.);
#2978=EDGE_CURVE('',#2455,#2453,#1101,.T.);
#2979=EDGE_CURVE('',#2454,#2455,#1102,.T.);
#2980=EDGE_CURVE('',#2449,#2454,#1103,.T.);
#2981=EDGE_CURVE('',#2450,#2455,#1104,.T.);
#2982=EDGE_CURVE('',#2456,#2457,#1105,.T.);
#2983=EDGE_CURVE('',#2457,#2458,#1106,.T.);
#2984=EDGE_CURVE('',#2459,#2458,#1107,.T.);
#2985=EDGE_CURVE('',#2456,#2459,#1108,.T.);
#2986=EDGE_CURVE('',#2460,#2456,#1109,.T.);
#2987=EDGE_CURVE('',#2461,#2459,#1110,.T.);
#2988=EDGE_CURVE('',#2460,#2461,#1111,.T.);
#2989=EDGE_CURVE('',#2462,#2460,#1112,.T.);
#2990=EDGE_CURVE('',#2463,#2461,#1113,.T.);
#2991=EDGE_CURVE('',#2462,#2463,#1114,.T.);
#2992=EDGE_CURVE('',#2457,#2462,#1115,.T.);
#2993=EDGE_CURVE('',#2458,#2463,#1116,.T.);
#2994=EDGE_CURVE('',#2464,#2464,#126,.T.);
#2995=EDGE_CURVE('',#2464,#2465,#1117,.T.);
#2996=EDGE_CURVE('',#2465,#2465,#127,.T.);
#2997=EDGE_CURVE('',#2466,#2466,#128,.T.);
#2998=EDGE_CURVE('',#2466,#2467,#1118,.T.);
#2999=EDGE_CURVE('',#2467,#2467,#129,.T.);
#3000=EDGE_CURVE('',#2468,#2469,#1119,.T.);
#3001=EDGE_CURVE('',#2469,#2470,#1120,.T.);
#3002=EDGE_CURVE('',#2471,#2470,#1121,.T.);
#3003=EDGE_CURVE('',#2468,#2471,#1122,.T.);
#3004=EDGE_CURVE('',#2472,#2468,#1123,.T.);
#3005=EDGE_CURVE('',#2473,#2471,#1124,.T.);
#3006=EDGE_CURVE('',#2472,#2473,#1125,.T.);
#3007=EDGE_CURVE('',#2469,#2472,#1126,.T.);
#3008=EDGE_CURVE('',#2470,#2473,#1127,.T.);
#3009=EDGE_CURVE('',#2474,#2475,#1128,.T.);
#3010=EDGE_CURVE('',#2474,#2476,#1129,.T.);
#3011=EDGE_CURVE('',#2477,#2476,#1130,.T.);
#3012=EDGE_CURVE('',#2475,#2477,#1131,.T.);
#3013=EDGE_CURVE('',#2475,#2478,#1132,.T.);
#3014=EDGE_CURVE('',#2479,#2477,#1133,.T.);
#3015=EDGE_CURVE('',#2478,#2479,#1134,.T.);
#3016=EDGE_CURVE('',#2478,#2480,#1135,.T.);
#3017=EDGE_CURVE('',#2481,#2479,#1136,.T.);
#3018=EDGE_CURVE('',#2480,#2481,#1137,.T.);
#3019=EDGE_CURVE('',#2480,#2482,#1138,.T.);
#3020=EDGE_CURVE('',#2483,#2481,#1139,.T.);
#3021=EDGE_CURVE('',#2482,#2483,#1140,.T.);
#3022=EDGE_CURVE('',#2482,#2484,#1141,.T.);
#3023=EDGE_CURVE('',#2485,#2483,#1142,.T.);
#3024=EDGE_CURVE('',#2484,#2485,#1143,.T.);
#3025=EDGE_CURVE('',#2484,#2486,#1144,.T.);
#3026=EDGE_CURVE('',#2487,#2485,#1145,.T.);
#3027=EDGE_CURVE('',#2486,#2487,#1146,.T.);
#3028=EDGE_CURVE('',#2486,#2488,#1147,.T.);
#3029=EDGE_CURVE('',#2489,#2487,#1148,.T.);
#3030=EDGE_CURVE('',#2488,#2489,#1149,.T.);
#3031=EDGE_CURVE('',#2488,#2474,#1150,.T.);
#3032=EDGE_CURVE('',#2476,#2489,#1151,.T.);
#3033=EDGE_CURVE('',#2490,#2491,#1152,.T.);
#3034=EDGE_CURVE('',#2491,#2492,#1153,.T.);
#3035=EDGE_CURVE('',#2493,#2492,#1154,.T.);
#3036=EDGE_CURVE('',#2490,#2493,#1155,.T.);
#3037=EDGE_CURVE('',#2494,#2490,#1156,.T.);
#3038=EDGE_CURVE('',#2495,#2493,#1157,.T.);
#3039=EDGE_CURVE('',#2494,#2495,#1158,.T.);
#3040=EDGE_CURVE('',#2496,#2494,#1159,.T.);
#3041=EDGE_CURVE('',#2497,#2495,#1160,.T.);
#3042=EDGE_CURVE('',#2496,#2497,#1161,.T.);
#3043=EDGE_CURVE('',#2498,#2496,#1162,.T.);
#3044=EDGE_CURVE('',#2499,#2497,#1163,.T.);
#3045=EDGE_CURVE('',#2498,#2499,#1164,.T.);
#3046=EDGE_CURVE('',#2500,#2498,#130,.T.);
#3047=EDGE_CURVE('',#2501,#2499,#131,.T.);
#3048=EDGE_CURVE('',#2500,#2501,#1165,.T.);
#3049=EDGE_CURVE('',#2496,#2500,#1166,.T.);
#3050=EDGE_CURVE('',#2497,#2501,#1167,.T.);
#3051=EDGE_CURVE('',#2496,#2497,#1168,.T.);
#3052=EDGE_CURVE('',#2502,#2496,#1169,.T.);
#3053=EDGE_CURVE('',#2503,#2497,#1170,.T.);
#3054=EDGE_CURVE('',#2502,#2503,#1171,.T.);
#3055=EDGE_CURVE('',#2504,#2502,#1172,.T.);
#3056=EDGE_CURVE('',#2505,#2503,#1173,.T.);
#3057=EDGE_CURVE('',#2504,#2505,#1174,.T.);
#3058=EDGE_CURVE('',#2506,#2504,#1175,.T.);
#3059=EDGE_CURVE('',#2507,#2505,#1176,.T.);
#3060=EDGE_CURVE('',#2506,#2507,#1177,.T.);
#3061=EDGE_CURVE('',#2508,#2506,#132,.T.);
#3062=EDGE_CURVE('',#2509,#2507,#133,.T.);
#3063=EDGE_CURVE('',#2508,#2509,#1178,.T.);
#3064=EDGE_CURVE('',#2504,#2508,#1179,.T.);
#3065=EDGE_CURVE('',#2505,#2509,#1180,.T.);
#3066=EDGE_CURVE('',#2504,#2505,#1181,.T.);
#3067=EDGE_CURVE('',#2510,#2504,#1182,.T.);
#3068=EDGE_CURVE('',#2511,#2505,#1183,.T.);
#3069=EDGE_CURVE('',#2510,#2511,#1184,.T.);
#3070=EDGE_CURVE('',#2512,#2510,#1185,.T.);
#3071=EDGE_CURVE('',#2513,#2511,#1186,.T.);
#3072=EDGE_CURVE('',#2512,#2513,#1187,.T.);
#3073=EDGE_CURVE('',#2514,#2512,#1188,.T.);
#3074=EDGE_CURVE('',#2515,#2513,#1189,.T.);
#3075=EDGE_CURVE('',#2514,#2515,#1190,.T.);
#3076=EDGE_CURVE('',#2516,#2514,#134,.T.);
#3077=EDGE_CURVE('',#2517,#2515,#135,.T.);
#3078=EDGE_CURVE('',#2516,#2517,#1191,.T.);
#3079=EDGE_CURVE('',#2512,#2516,#1192,.T.);
#3080=EDGE_CURVE('',#2513,#2517,#1193,.T.);
#3081=EDGE_CURVE('',#2512,#2513,#1194,.T.);
#3082=EDGE_CURVE('',#2518,#2512,#1195,.T.);
#3083=EDGE_CURVE('',#2519,#2513,#1196,.T.);
#3084=EDGE_CURVE('',#2518,#2519,#1197,.T.);
#3085=EDGE_CURVE('',#2520,#2518,#1198,.T.);
#3086=EDGE_CURVE('',#2521,#2519,#1199,.T.);
#3087=EDGE_CURVE('',#2520,#2521,#1200,.T.);
#3088=EDGE_CURVE('',#2522,#2520,#1201,.T.);
#3089=EDGE_CURVE('',#2523,#2521,#1202,.T.);
#3090=EDGE_CURVE('',#2522,#2523,#1203,.T.);
#3091=EDGE_CURVE('',#2524,#2522,#136,.T.);
#3092=EDGE_CURVE('',#2525,#2523,#137,.T.);
#3093=EDGE_CURVE('',#2524,#2525,#1204,.T.);
#3094=EDGE_CURVE('',#2520,#2524,#1205,.T.);
#3095=EDGE_CURVE('',#2521,#2525,#1206,.T.);
#3096=EDGE_CURVE('',#2520,#2521,#1207,.T.);
#3097=EDGE_CURVE('',#2526,#2520,#1208,.T.);
#3098=EDGE_CURVE('',#2527,#2521,#1209,.T.);
#3099=EDGE_CURVE('',#2526,#2527,#1210,.T.);
#3100=EDGE_CURVE('',#2528,#2526,#1211,.T.);
#3101=EDGE_CURVE('',#2529,#2527,#1212,.T.);
#3102=EDGE_CURVE('',#2528,#2529,#1213,.T.);
#3103=EDGE_CURVE('',#2530,#2528,#1214,.T.);
#3104=EDGE_CURVE('',#2531,#2529,#1215,.T.);
#3105=EDGE_CURVE('',#2530,#2531,#1216,.T.);
#3106=EDGE_CURVE('',#2532,#2530,#138,.T.);
#3107=EDGE_CURVE('',#2533,#2531,#139,.T.);
#3108=EDGE_CURVE('',#2532,#2533,#1217,.T.);
#3109=EDGE_CURVE('',#2528,#2532,#1218,.T.);
#3110=EDGE_CURVE('',#2529,#2533,#1219,.T.);
#3111=EDGE_CURVE('',#2528,#2529,#1220,.T.);
#3112=EDGE_CURVE('',#2534,#2528,#1221,.T.);
#3113=EDGE_CURVE('',#2535,#2529,#1222,.T.);
#3114=EDGE_CURVE('',#2534,#2535,#1223,.T.);
#3115=EDGE_CURVE('',#2536,#2534,#1224,.T.);
#3116=EDGE_CURVE('',#2537,#2535,#1225,.T.);
#3117=EDGE_CURVE('',#2536,#2537,#1226,.T.);
#3118=EDGE_CURVE('',#2538,#2536,#1227,.T.);
#3119=EDGE_CURVE('',#2539,#2537,#1228,.T.);
#3120=EDGE_CURVE('',#2538,#2539,#1229,.T.);
#3121=EDGE_CURVE('',#2540,#2538,#140,.T.);
#3122=EDGE_CURVE('',#2541,#2539,#141,.T.);
#3123=EDGE_CURVE('',#2540,#2541,#1230,.T.);
#3124=EDGE_CURVE('',#2536,#2540,#1231,.T.);
#3125=EDGE_CURVE('',#2537,#2541,#1232,.T.);
#3126=EDGE_CURVE('',#2536,#2537,#1233,.T.);
#3127=EDGE_CURVE('',#2542,#2536,#1234,.T.);
#3128=EDGE_CURVE('',#2543,#2537,#1235,.T.);
#3129=EDGE_CURVE('',#2542,#2543,#1236,.T.);
#3130=EDGE_CURVE('',#2544,#2542,#1237,.T.);
#3131=EDGE_CURVE('',#2545,#2543,#1238,.T.);
#3132=EDGE_CURVE('',#2544,#2545,#1239,.T.);
#3133=EDGE_CURVE('',#2546,#2544,#1240,.T.);
#3134=EDGE_CURVE('',#2547,#2545,#1241,.T.);
#3135=EDGE_CURVE('',#2546,#2547,#1242,.T.);
#3136=EDGE_CURVE('',#2548,#2546,#142,.T.);
#3137=EDGE_CURVE('',#2549,#2547,#143,.T.);
#3138=EDGE_CURVE('',#2548,#2549,#1243,.T.);
#3139=EDGE_CURVE('',#2544,#2548,#1244,.T.);
#3140=EDGE_CURVE('',#2545,#2549,#1245,.T.);
#3141=EDGE_CURVE('',#2544,#2545,#1246,.T.);
#3142=EDGE_CURVE('',#2550,#2544,#1247,.T.);
#3143=EDGE_CURVE('',#2551,#2545,#1248,.T.);
#3144=EDGE_CURVE('',#2550,#2551,#1249,.T.);
#3145=EDGE_CURVE('',#2552,#2550,#1250,.T.);
#3146=EDGE_CURVE('',#2553,#2551,#1251,.T.);
#3147=EDGE_CURVE('',#2552,#2553,#1252,.T.);
#3148=EDGE_CURVE('',#2554,#2552,#1253,.T.);
#3149=EDGE_CURVE('',#2555,#2553,#1254,.T.);
#3150=EDGE_CURVE('',#2554,#2555,#1255,.T.);
#3151=EDGE_CURVE('',#2556,#2554,#144,.T.);
#3152=EDGE_CURVE('',#2557,#2555,#145,.T.);
#3153=EDGE_CURVE('',#2556,#2557,#1256,.T.);
#3154=EDGE_CURVE('',#2552,#2556,#1257,.T.);
#3155=EDGE_CURVE('',#2553,#2557,#1258,.T.);
#3156=EDGE_CURVE('',#2552,#2553,#1259,.T.);
#3157=EDGE_CURVE('',#2558,#2552,#1260,.T.);
#3158=EDGE_CURVE('',#2559,#2553,#1261,.T.);
#3159=EDGE_CURVE('',#2558,#2559,#1262,.T.);
#3160=EDGE_CURVE('',#2560,#2558,#1263,.T.);
#3161=EDGE_CURVE('',#2561,#2559,#1264,.T.);
#3162=EDGE_CURVE('',#2560,#2561,#1265,.T.);
#3163=EDGE_CURVE('',#2562,#2560,#1266,.T.);
#3164=EDGE_CURVE('',#2563,#2561,#1267,.T.);
#3165=EDGE_CURVE('',#2562,#2563,#1268,.T.);
#3166=EDGE_CURVE('',#2564,#2562,#146,.T.);
#3167=EDGE_CURVE('',#2565,#2563,#147,.T.);
#3168=EDGE_CURVE('',#2564,#2565,#1269,.T.);
#3169=EDGE_CURVE('',#2560,#2564,#1270,.T.);
#3170=EDGE_CURVE('',#2561,#2565,#1271,.T.);
#3171=EDGE_CURVE('',#2560,#2561,#1272,.T.);
#3172=EDGE_CURVE('',#2566,#2560,#1273,.T.);
#3173=EDGE_CURVE('',#2567,#2561,#1274,.T.);
#3174=EDGE_CURVE('',#2566,#2567,#1275,.T.);
#3175=EDGE_CURVE('',#2568,#2566,#1276,.T.);
#3176=EDGE_CURVE('',#2569,#2567,#1277,.T.);
#3177=EDGE_CURVE('',#2568,#2569,#1278,.T.);
#3178=EDGE_CURVE('',#2570,#2568,#1279,.T.);
#3179=EDGE_CURVE('',#2571,#2569,#1280,.T.);
#3180=EDGE_CURVE('',#2570,#2571,#1281,.T.);
#3181=EDGE_CURVE('',#2572,#2570,#148,.T.);
#3182=EDGE_CURVE('',#2573,#2571,#149,.T.);
#3183=EDGE_CURVE('',#2572,#2573,#1282,.T.);
#3184=EDGE_CURVE('',#2568,#2572,#1283,.T.);
#3185=EDGE_CURVE('',#2569,#2573,#1284,.T.);
#3186=EDGE_CURVE('',#2568,#2569,#1285,.T.);
#3187=EDGE_CURVE('',#2574,#2568,#1286,.T.);
#3188=EDGE_CURVE('',#2575,#2569,#1287,.T.);
#3189=EDGE_CURVE('',#2574,#2575,#1288,.T.);
#3190=EDGE_CURVE('',#2576,#2574,#1289,.T.);
#3191=EDGE_CURVE('',#2577,#2575,#1290,.T.);
#3192=EDGE_CURVE('',#2576,#2577,#1291,.T.);
#3193=EDGE_CURVE('',#2578,#2576,#1292,.T.);
#3194=EDGE_CURVE('',#2579,#2577,#1293,.T.);
#3195=EDGE_CURVE('',#2578,#2579,#1294,.T.);
#3196=EDGE_CURVE('',#2580,#2578,#150,.T.);
#3197=EDGE_CURVE('',#2581,#2579,#151,.T.);
#3198=EDGE_CURVE('',#2580,#2581,#1295,.T.);
#3199=EDGE_CURVE('',#2576,#2580,#1296,.T.);
#3200=EDGE_CURVE('',#2577,#2581,#1297,.T.);
#3201=EDGE_CURVE('',#2576,#2577,#1298,.T.);
#3202=EDGE_CURVE('',#2582,#2576,#1299,.T.);
#3203=EDGE_CURVE('',#2583,#2577,#1300,.T.);
#3204=EDGE_CURVE('',#2582,#2583,#1301,.T.);
#3205=EDGE_CURVE('',#2584,#2582,#1302,.T.);
#3206=EDGE_CURVE('',#2585,#2583,#1303,.T.);
#3207=EDGE_CURVE('',#2584,#2585,#1304,.T.);
#3208=EDGE_CURVE('',#2586,#2584,#1305,.T.);
#3209=EDGE_CURVE('',#2587,#2585,#1306,.T.);
#3210=EDGE_CURVE('',#2586,#2587,#1307,.T.);
#3211=EDGE_CURVE('',#2588,#2586,#152,.T.);
#3212=EDGE_CURVE('',#2589,#2587,#153,.T.);
#3213=EDGE_CURVE('',#2588,#2589,#1308,.T.);
#3214=EDGE_CURVE('',#2584,#2588,#1309,.T.);
#3215=EDGE_CURVE('',#2585,#2589,#1310,.T.);
#3216=EDGE_CURVE('',#2584,#2585,#1311,.T.);
#3217=EDGE_CURVE('',#2590,#2584,#1312,.T.);
#3218=EDGE_CURVE('',#2591,#2585,#1313,.T.);
#3219=EDGE_CURVE('',#2590,#2591,#1314,.T.);
#3220=EDGE_CURVE('',#2592,#2590,#1315,.T.);
#3221=EDGE_CURVE('',#2593,#2591,#1316,.T.);
#3222=EDGE_CURVE('',#2592,#2593,#1317,.T.);
#3223=EDGE_CURVE('',#2594,#2592,#1318,.T.);
#3224=EDGE_CURVE('',#2595,#2593,#1319,.T.);
#3225=EDGE_CURVE('',#2594,#2595,#1320,.T.);
#3226=EDGE_CURVE('',#2596,#2594,#154,.T.);
#3227=EDGE_CURVE('',#2597,#2595,#155,.T.);
#3228=EDGE_CURVE('',#2596,#2597,#1321,.T.);
#3229=EDGE_CURVE('',#2592,#2596,#1322,.T.);
#3230=EDGE_CURVE('',#2593,#2597,#1323,.T.);
#3231=EDGE_CURVE('',#2592,#2593,#1324,.T.);
#3232=EDGE_CURVE('',#2598,#2592,#1325,.T.);
#3233=EDGE_CURVE('',#2599,#2593,#1326,.T.);
#3234=EDGE_CURVE('',#2598,#2599,#1327,.T.);
#3235=EDGE_CURVE('',#2600,#2598,#1328,.T.);
#3236=EDGE_CURVE('',#2601,#2599,#1329,.T.);
#3237=EDGE_CURVE('',#2600,#2601,#1330,.T.);
#3238=EDGE_CURVE('',#2602,#2600,#1331,.T.);
#3239=EDGE_CURVE('',#2603,#2601,#1332,.T.);
#3240=EDGE_CURVE('',#2602,#2603,#1333,.T.);
#3241=EDGE_CURVE('',#2604,#2602,#156,.T.);
#3242=EDGE_CURVE('',#2605,#2603,#157,.T.);
#3243=EDGE_CURVE('',#2604,#2605,#1334,.T.);
#3244=EDGE_CURVE('',#2600,#2604,#1335,.T.);
#3245=EDGE_CURVE('',#2601,#2605,#1336,.T.);
#3246=EDGE_CURVE('',#2600,#2601,#1337,.T.);
#3247=EDGE_CURVE('',#2606,#2600,#1338,.T.);
#3248=EDGE_CURVE('',#2607,#2601,#1339,.T.);
#3249=EDGE_CURVE('',#2606,#2607,#1340,.T.);
#3250=EDGE_CURVE('',#2608,#2606,#1341,.T.);
#3251=EDGE_CURVE('',#2609,#2607,#1342,.T.);
#3252=EDGE_CURVE('',#2608,#2609,#1343,.T.);
#3253=EDGE_CURVE('',#2610,#2608,#1344,.T.);
#3254=EDGE_CURVE('',#2611,#2609,#1345,.T.);
#3255=EDGE_CURVE('',#2610,#2611,#1346,.T.);
#3256=EDGE_CURVE('',#2612,#2610,#158,.T.);
#3257=EDGE_CURVE('',#2613,#2611,#159,.T.);
#3258=EDGE_CURVE('',#2612,#2613,#1347,.T.);
#3259=EDGE_CURVE('',#2608,#2612,#1348,.T.);
#3260=EDGE_CURVE('',#2609,#2613,#1349,.T.);
#3261=EDGE_CURVE('',#2608,#2609,#1350,.T.);
#3262=EDGE_CURVE('',#2614,#2608,#1351,.T.);
#3263=EDGE_CURVE('',#2615,#2609,#1352,.T.);
#3264=EDGE_CURVE('',#2614,#2615,#1353,.T.);
#3265=EDGE_CURVE('',#2616,#2614,#1354,.T.);
#3266=EDGE_CURVE('',#2617,#2615,#1355,.T.);
#3267=EDGE_CURVE('',#2616,#2617,#1356,.T.);
#3268=EDGE_CURVE('',#2618,#2616,#1357,.T.);
#3269=EDGE_CURVE('',#2619,#2617,#1358,.T.);
#3270=EDGE_CURVE('',#2618,#2619,#1359,.T.);
#3271=EDGE_CURVE('',#2620,#2618,#160,.T.);
#3272=EDGE_CURVE('',#2621,#2619,#161,.T.);
#3273=EDGE_CURVE('',#2620,#2621,#1360,.T.);
#3274=EDGE_CURVE('',#2616,#2620,#1361,.T.);
#3275=EDGE_CURVE('',#2617,#2621,#1362,.T.);
#3276=EDGE_CURVE('',#2616,#2617,#1363,.T.);
#3277=EDGE_CURVE('',#2622,#2616,#1364,.T.);
#3278=EDGE_CURVE('',#2623,#2617,#1365,.T.);
#3279=EDGE_CURVE('',#2622,#2623,#1366,.T.);
#3280=EDGE_CURVE('',#2624,#2622,#1367,.T.);
#3281=EDGE_CURVE('',#2625,#2623,#1368,.T.);
#3282=EDGE_CURVE('',#2624,#2625,#1369,.T.);
#3283=EDGE_CURVE('',#2626,#2624,#1370,.T.);
#3284=EDGE_CURVE('',#2627,#2625,#1371,.T.);
#3285=EDGE_CURVE('',#2626,#2627,#1372,.T.);
#3286=EDGE_CURVE('',#2628,#2626,#162,.T.);
#3287=EDGE_CURVE('',#2629,#2627,#163,.T.);
#3288=EDGE_CURVE('',#2628,#2629,#1373,.T.);
#3289=EDGE_CURVE('',#2624,#2628,#1374,.T.);
#3290=EDGE_CURVE('',#2625,#2629,#1375,.T.);
#3291=EDGE_CURVE('',#2624,#2625,#1376,.T.);
#3292=EDGE_CURVE('',#2630,#2624,#1377,.T.);
#3293=EDGE_CURVE('',#2631,#2625,#1378,.T.);
#3294=EDGE_CURVE('',#2630,#2631,#1379,.T.);
#3295=EDGE_CURVE('',#2632,#2630,#1380,.T.);
#3296=EDGE_CURVE('',#2633,#2631,#1381,.T.);
#3297=EDGE_CURVE('',#2632,#2633,#1382,.T.);
#3298=EDGE_CURVE('',#2634,#2632,#1383,.T.);
#3299=EDGE_CURVE('',#2635,#2633,#1384,.T.);
#3300=EDGE_CURVE('',#2634,#2635,#1385,.T.);
#3301=EDGE_CURVE('',#2636,#2634,#164,.T.);
#3302=EDGE_CURVE('',#2637,#2635,#165,.T.);
#3303=EDGE_CURVE('',#2636,#2637,#1386,.T.);
#3304=EDGE_CURVE('',#2632,#2636,#1387,.T.);
#3305=EDGE_CURVE('',#2633,#2637,#1388,.T.);
#3306=EDGE_CURVE('',#2632,#2633,#1389,.T.);
#3307=EDGE_CURVE('',#2638,#2632,#1390,.T.);
#3308=EDGE_CURVE('',#2639,#2633,#1391,.T.);
#3309=EDGE_CURVE('',#2638,#2639,#1392,.T.);
#3310=EDGE_CURVE('',#2640,#2638,#1393,.T.);
#3311=EDGE_CURVE('',#2641,#2639,#1394,.T.);
#3312=EDGE_CURVE('',#2640,#2641,#1395,.T.);
#3313=EDGE_CURVE('',#2642,#2640,#1396,.T.);
#3314=EDGE_CURVE('',#2643,#2641,#1397,.T.);
#3315=EDGE_CURVE('',#2642,#2643,#1398,.T.);
#3316=EDGE_CURVE('',#2644,#2642,#166,.T.);
#3317=EDGE_CURVE('',#2645,#2643,#167,.T.);
#3318=EDGE_CURVE('',#2644,#2645,#1399,.T.);
#3319=EDGE_CURVE('',#2640,#2644,#1400,.T.);
#3320=EDGE_CURVE('',#2641,#2645,#1401,.T.);
#3321=EDGE_CURVE('',#2640,#2641,#1402,.T.);
#3322=EDGE_CURVE('',#2646,#2640,#1403,.T.);
#3323=EDGE_CURVE('',#2647,#2641,#1404,.T.);
#3324=EDGE_CURVE('',#2646,#2647,#1405,.T.);
#3325=EDGE_CURVE('',#2648,#2646,#1406,.T.);
#3326=EDGE_CURVE('',#2649,#2647,#1407,.T.);
#3327=EDGE_CURVE('',#2648,#2649,#1408,.T.);
#3328=EDGE_CURVE('',#2650,#2648,#1409,.T.);
#3329=EDGE_CURVE('',#2651,#2649,#1410,.T.);
#3330=EDGE_CURVE('',#2650,#2651,#1411,.T.);
#3331=EDGE_CURVE('',#2652,#2650,#168,.T.);
#3332=EDGE_CURVE('',#2653,#2651,#169,.T.);
#3333=EDGE_CURVE('',#2652,#2653,#1412,.T.);
#3334=EDGE_CURVE('',#2648,#2652,#1413,.T.);
#3335=EDGE_CURVE('',#2649,#2653,#1414,.T.);
#3336=EDGE_CURVE('',#2648,#2649,#1415,.T.);
#3337=EDGE_CURVE('',#2654,#2648,#1416,.T.);
#3338=EDGE_CURVE('',#2655,#2649,#1417,.T.);
#3339=EDGE_CURVE('',#2654,#2655,#1418,.T.);
#3340=EDGE_CURVE('',#2656,#2654,#1419,.T.);
#3341=EDGE_CURVE('',#2657,#2655,#1420,.T.);
#3342=EDGE_CURVE('',#2656,#2657,#1421,.T.);
#3343=EDGE_CURVE('',#2658,#2656,#1422,.T.);
#3344=EDGE_CURVE('',#2659,#2657,#1423,.T.);
#3345=EDGE_CURVE('',#2658,#2659,#1424,.T.);
#3346=EDGE_CURVE('',#2660,#2658,#170,.T.);
#3347=EDGE_CURVE('',#2661,#2659,#171,.T.);
#3348=EDGE_CURVE('',#2660,#2661,#1425,.T.);
#3349=EDGE_CURVE('',#2656,#2660,#1426,.T.);
#3350=EDGE_CURVE('',#2657,#2661,#1427,.T.);
#3351=EDGE_CURVE('',#2656,#2657,#1428,.T.);
#3352=EDGE_CURVE('',#2662,#2656,#1429,.T.);
#3353=EDGE_CURVE('',#2663,#2657,#1430,.T.);
#3354=EDGE_CURVE('',#2662,#2663,#1431,.T.);
#3355=EDGE_CURVE('',#2664,#2662,#1432,.T.);
#3356=EDGE_CURVE('',#2665,#2663,#1433,.T.);
#3357=EDGE_CURVE('',#2664,#2665,#1434,.T.);
#3358=EDGE_CURVE('',#2666,#2664,#1435,.T.);
#3359=EDGE_CURVE('',#2667,#2665,#1436,.T.);
#3360=EDGE_CURVE('',#2666,#2667,#1437,.T.);
#3361=EDGE_CURVE('',#2668,#2666,#172,.T.);
#3362=EDGE_CURVE('',#2669,#2667,#173,.T.);
#3363=EDGE_CURVE('',#2668,#2669,#1438,.T.);
#3364=EDGE_CURVE('',#2664,#2668,#1439,.T.);
#3365=EDGE_CURVE('',#2665,#2669,#1440,.T.);
#3366=EDGE_CURVE('',#2664,#2665,#1441,.T.);
#3367=EDGE_CURVE('',#2670,#2664,#1442,.T.);
#3368=EDGE_CURVE('',#2671,#2665,#1443,.T.);
#3369=EDGE_CURVE('',#2670,#2671,#1444,.T.);
#3370=EDGE_CURVE('',#2672,#2670,#1445,.T.);
#3371=EDGE_CURVE('',#2673,#2671,#1446,.T.);
#3372=EDGE_CURVE('',#2672,#2673,#1447,.T.);
#3373=EDGE_CURVE('',#2674,#2672,#1448,.T.);
#3374=EDGE_CURVE('',#2675,#2673,#1449,.T.);
#3375=EDGE_CURVE('',#2674,#2675,#1450,.T.);
#3376=EDGE_CURVE('',#2676,#2674,#174,.T.);
#3377=EDGE_CURVE('',#2677,#2675,#175,.T.);
#3378=EDGE_CURVE('',#2676,#2677,#1451,.T.);
#3379=EDGE_CURVE('',#2672,#2676,#1452,.T.);
#3380=EDGE_CURVE('',#2673,#2677,#1453,.T.);
#3381=EDGE_CURVE('',#2672,#2673,#1454,.T.);
#3382=EDGE_CURVE('',#2678,#2672,#1455,.T.);
#3383=EDGE_CURVE('',#2679,#2673,#1456,.T.);
#3384=EDGE_CURVE('',#2678,#2679,#1457,.T.);
#3385=EDGE_CURVE('',#2680,#2678,#1458,.T.);
#3386=EDGE_CURVE('',#2681,#2679,#1459,.T.);
#3387=EDGE_CURVE('',#2680,#2681,#1460,.T.);
#3388=EDGE_CURVE('',#2682,#2680,#1461,.T.);
#3389=EDGE_CURVE('',#2683,#2681,#1462,.T.);
#3390=EDGE_CURVE('',#2682,#2683,#1463,.T.);
#3391=EDGE_CURVE('',#2684,#2682,#176,.T.);
#3392=EDGE_CURVE('',#2685,#2683,#177,.T.);
#3393=EDGE_CURVE('',#2684,#2685,#1464,.T.);
#3394=EDGE_CURVE('',#2680,#2684,#1465,.T.);
#3395=EDGE_CURVE('',#2681,#2685,#1466,.T.);
#3396=EDGE_CURVE('',#2680,#2681,#1467,.T.);
#3397=EDGE_CURVE('',#2686,#2680,#1468,.T.);
#3398=EDGE_CURVE('',#2687,#2681,#1469,.T.);
#3399=EDGE_CURVE('',#2686,#2687,#1470,.T.);
#3400=EDGE_CURVE('',#2490,#2686,#1471,.T.);
#3401=EDGE_CURVE('',#2493,#2687,#1472,.T.);
#3402=EDGE_CURVE('',#2490,#2493,#1473,.T.);
#3403=EDGE_CURVE('',#2688,#2490,#1474,.T.);
#3404=EDGE_CURVE('',#2689,#2493,#1475,.T.);
#3405=EDGE_CURVE('',#2688,#2689,#1476,.T.);
#3406=EDGE_CURVE('',#2491,#2688,#178,.T.);
#3407=EDGE_CURVE('',#2492,#2689,#179,.T.);
#3408=EDGE_CURVE('',#2690,#2690,#180,.T.);
#3409=EDGE_CURVE('',#2690,#2691,#1477,.T.);
#3410=EDGE_CURVE('',#2691,#2691,#181,.T.);
#3411=EDGE_CURVE('',#2692,#2693,#1478,.T.);
#3412=EDGE_CURVE('',#2693,#2694,#1479,.T.);
#3413=EDGE_CURVE('',#2695,#2694,#1480,.T.);
#3414=EDGE_CURVE('',#2692,#2695,#1481,.T.);
#3415=EDGE_CURVE('',#2696,#2692,#1482,.T.);
#3416=EDGE_CURVE('',#2697,#2695,#1483,.T.);
#3417=EDGE_CURVE('',#2696,#2697,#1484,.T.);
#3418=EDGE_CURVE('',#2698,#2696,#1485,.T.);
#3419=EDGE_CURVE('',#2699,#2697,#1486,.T.);
#3420=EDGE_CURVE('',#2698,#2699,#1487,.T.);
#3421=EDGE_CURVE('',#2693,#2698,#1488,.T.);
#3422=EDGE_CURVE('',#2694,#2699,#1489,.T.);
#3423=EDGE_CURVE('',#2700,#2701,#1490,.T.);
#3424=EDGE_CURVE('',#2702,#2700,#1491,.T.);
#3425=EDGE_CURVE('',#2703,#2702,#1492,.T.);
#3426=EDGE_CURVE('',#2701,#2703,#1493,.T.);
#3427=EDGE_CURVE('',#2704,#2705,#1494,.T.);
#3428=EDGE_CURVE('',#2706,#2704,#1495,.T.);
#3429=EDGE_CURVE('',#2707,#2706,#1496,.T.);
#3430=EDGE_CURVE('',#2705,#2707,#1497,.T.);
#3431=EDGE_CURVE('',#2708,#2702,#1498,.T.);
#3432=EDGE_CURVE('',#2703,#2708,#1499,.T.);
#3433=EDGE_CURVE('',#2709,#2705,#1500,.T.);
#3434=EDGE_CURVE('',#2704,#2709,#1501,.T.);
#3435=EDGE_CURVE('',#2710,#2711,#182,.T.);
#3436=EDGE_CURVE('',#2711,#2712,#1502,.T.);
#3437=EDGE_CURVE('',#2712,#2713,#183,.T.);
#3438=EDGE_CURVE('',#2713,#2710,#1503,.T.);
#3439=EDGE_CURVE('',#2714,#2711,#1504,.T.);
#3440=EDGE_CURVE('',#2715,#2714,#1505,.T.);
#3441=EDGE_CURVE('',#2716,#2715,#1506,.T.);
#3442=EDGE_CURVE('',#2716,#2717,#1507,.T.);
#3443=EDGE_CURVE('',#2718,#2717,#1508,.T.);
#3444=EDGE_CURVE('',#2719,#2718,#1509,.T.);
#3445=EDGE_CURVE('',#2712,#2719,#1510,.T.);
#3446=EDGE_CURVE('',#2720,#2721,#1511,.T.);
#3447=EDGE_CURVE('',#2721,#2722,#1512,.T.);
#3448=EDGE_CURVE('',#2722,#2723,#1513,.T.);
#3449=EDGE_CURVE('',#2723,#2724,#1514,.T.);
#3450=EDGE_CURVE('',#2725,#2724,#184,.T.);
#3451=EDGE_CURVE('',#2725,#2726,#1515,.T.);
#3452=EDGE_CURVE('',#2718,#2726,#185,.T.);
#3453=EDGE_CURVE('',#2717,#2727,#1516,.T.);
#3454=EDGE_CURVE('',#2727,#2728,#1517,.T.);
#3455=EDGE_CURVE('',#2728,#2729,#1518,.T.);
#3456=EDGE_CURVE('',#2729,#2730,#186,.T.);
#3457=EDGE_CURVE('',#2730,#2731,#1519,.T.);
#3458=EDGE_CURVE('',#2731,#2732,#1520,.T.);
#3459=EDGE_CURVE('',#2732,#2733,#1521,.T.);
#3460=EDGE_CURVE('',#2733,#2734,#187,.T.);
#3461=EDGE_CURVE('',#2734,#2735,#1522,.T.);
#3462=EDGE_CURVE('',#2735,#2736,#1523,.T.);
#3463=EDGE_CURVE('',#2736,#2714,#1524,.T.);
#3464=EDGE_CURVE('',#2710,#2737,#1525,.T.);
#3465=EDGE_CURVE('',#2738,#2737,#188,.T.);
#3466=EDGE_CURVE('',#2738,#2739,#1526,.T.);
#3467=EDGE_CURVE('',#2739,#2740,#1527,.T.);
#3468=EDGE_CURVE('',#2740,#2741,#1528,.T.);
#3469=EDGE_CURVE('',#2741,#2742,#1529,.T.);
#3470=EDGE_CURVE('',#2742,#2743,#189,.T.);
#3471=EDGE_CURVE('',#2743,#2744,#1530,.T.);
#3472=EDGE_CURVE('',#2744,#2745,#1531,.T.);
#3473=EDGE_CURVE('',#2745,#2746,#1532,.T.);
#3474=EDGE_CURVE('',#2746,#2720,#190,.T.);
#3475=EDGE_CURVE('',#2708,#2747,#1533,.T.);
#3476=EDGE_CURVE('',#2748,#2747,#191,.F.);
#3477=EDGE_CURVE('',#2748,#2749,#1534,.T.);
#3478=EDGE_CURVE('',#2750,#2749,#192,.F.);
#3479=EDGE_CURVE('',#2750,#2751,#1535,.T.);
#3480=EDGE_CURVE('',#2751,#2706,#1536,.T.);
#3481=EDGE_CURVE('',#2709,#2752,#1537,.T.);
#3482=EDGE_CURVE('',#2753,#2752,#193,.F.);
#3483=EDGE_CURVE('',#2753,#2754,#1538,.T.);
#3484=EDGE_CURVE('',#2755,#2754,#194,.F.);
#3485=EDGE_CURVE('',#2755,#2756,#1539,.T.);
#3486=EDGE_CURVE('',#2756,#2701,#1540,.T.);
#3487=EDGE_CURVE('',#2757,#2758,#195,.T.);
#3488=EDGE_CURVE('',#2758,#2753,#1541,.T.);
#3489=EDGE_CURVE('',#2752,#2757,#1542,.T.);
#3490=EDGE_CURVE('',#2757,#2759,#1543,.T.);
#3491=EDGE_CURVE('',#2760,#2759,#196,.T.);
#3492=EDGE_CURVE('',#2760,#2761,#1544,.T.);
#3493=EDGE_CURVE('',#2761,#2762,#197,.T.);
#3494=EDGE_CURVE('',#2762,#2763,#1545,.T.);
#3495=EDGE_CURVE('',#2764,#2763,#198,.F.);
#3496=EDGE_CURVE('',#2764,#2765,#1546,.T.);
#3497=EDGE_CURVE('',#2765,#2766,#122,.T.);
#3498=EDGE_CURVE('',#2766,#2767,#1547,.T.);
#3499=EDGE_CURVE('',#2768,#2767,#199,.F.);
#3500=EDGE_CURVE('',#2768,#2769,#1548,.T.);
#3501=EDGE_CURVE('',#2769,#2770,#200,.T.);
#3502=EDGE_CURVE('',#2770,#2758,#1549,.T.);
#3503=EDGE_CURVE('',#2707,#2751,#1550,.T.);
#3504=EDGE_CURVE('',#2759,#2750,#1551,.T.);
#3505=EDGE_CURVE('',#2726,#2771,#1552,.T.);
#3506=EDGE_CURVE('',#2771,#2719,#201,.T.);
#3507=EDGE_CURVE('',#2772,#2725,#1553,.T.);
#3508=EDGE_CURVE('',#2771,#2772,#1554,.T.);
#3509=EDGE_CURVE('',#2724,#2773,#1555,.T.);
#3510=EDGE_CURVE('',#2773,#2772,#202,.T.);
#3511=EDGE_CURVE('',#2774,#2723,#1556,.T.);
#3512=EDGE_CURVE('',#2775,#2774,#1557,.T.);
#3513=EDGE_CURVE('',#2775,#2739,#1558,.T.);
#3514=EDGE_CURVE('',#2776,#2738,#1559,.T.);
#3515=EDGE_CURVE('',#2776,#2773,#1560,.T.);
#3516=EDGE_CURVE('',#2737,#2777,#1561,.T.);
#3517=EDGE_CURVE('',#2777,#2776,#203,.T.);
#3518=EDGE_CURVE('',#2777,#2713,#1562,.T.);
#3519=EDGE_CURVE('',#2778,#2779,#204,.T.);
#3520=EDGE_CURVE('',#2779,#2755,#1563,.T.);
#3521=EDGE_CURVE('',#2754,#2778,#1564,.T.);
#3522=EDGE_CURVE('',#2780,#2779,#1565,.T.);
#3523=EDGE_CURVE('',#2781,#2780,#1566,.T.);
#3524=EDGE_CURVE('',#2747,#2781,#1567,.T.);
#3525=EDGE_CURVE('',#2700,#2756,#1568,.T.);
#3526=EDGE_CURVE('',#2778,#2770,#1569,.T.);
#3527=EDGE_CURVE('',#2770,#2780,#205,.T.);
#3528=EDGE_CURVE('',#2781,#2782,#206,.T.);
#3529=EDGE_CURVE('',#2782,#2748,#1570,.T.);
#3530=EDGE_CURVE('',#2761,#2782,#1571,.T.);
#3531=EDGE_CURVE('',#2749,#2760,#1572,.T.);
#3532=EDGE_CURVE('',#2780,#2761,#207,.T.);
#3533=EDGE_CURVE('',#2783,#2784,#208,.T.);
#3534=EDGE_CURVE('',#2784,#2768,#1573,.T.);
#3535=EDGE_CURVE('',#2767,#2783,#1574,.T.);
#3536=EDGE_CURVE('',#2785,#2784,#1575,.T.);
#3537=EDGE_CURVE('',#2769,#2785,#1576,.T.);
#3538=EDGE_CURVE('',#2783,#2786,#1577,.T.);
#3539=EDGE_CURVE('',#2786,#2787,#123,.T.);
#3540=EDGE_CURVE('',#2787,#2788,#1578,.T.);
#3541=EDGE_CURVE('',#2789,#2788,#209,.T.);
#3542=EDGE_CURVE('',#2789,#2790,#1579,.T.);
#3543=EDGE_CURVE('',#2790,#2785,#210,.T.);
#3544=EDGE_CURVE('',#2791,#2791,#211,.T.);
#3545=EDGE_CURVE('',#2788,#2764,#1580,.T.);
#3546=EDGE_CURVE('',#2763,#2789,#1581,.T.);
#3547=EDGE_CURVE('',#2762,#2790,#1582,.T.);
#3548=EDGE_CURVE('',#2792,#2792,#212,.T.);
#3549=EDGE_CURVE('',#2792,#2793,#1583,.T.);
#3550=EDGE_CURVE('',#2793,#2793,#213,.T.);
#3551=EDGE_CURVE('',#2794,#2794,#214,.T.);
#3552=EDGE_CURVE('',#2794,#2795,#1584,.T.);
#3553=EDGE_CURVE('',#2795,#2795,#215,.T.);
#3554=EDGE_CURVE('',#2796,#2796,#216,.T.);
#3555=EDGE_CURVE('',#2796,#2791,#1585,.T.);
#3556=EDGE_CURVE('',#2765,#2787,#1586,.T.);
#3557=EDGE_CURVE('',#2766,#2786,#1587,.T.);
#3558=EDGE_CURVE('',#2797,#2715,#1588,.T.);
#3559=EDGE_CURVE('',#2798,#2797,#1589,.T.);
#3560=EDGE_CURVE('',#2799,#2798,#1590,.T.);
#3561=EDGE_CURVE('',#2799,#2800,#217,.T.);
#3562=EDGE_CURVE('',#2800,#2801,#1591,.T.);
#3563=EDGE_CURVE('',#2802,#2801,#1592,.T.);
#3564=EDGE_CURVE('',#2803,#2802,#1593,.T.);
#3565=EDGE_CURVE('',#2803,#2804,#218,.T.);
#3566=EDGE_CURVE('',#2804,#2805,#1594,.T.);
#3567=EDGE_CURVE('',#2806,#2805,#1595,.T.);
#3568=EDGE_CURVE('',#2806,#2716,#1596,.T.);
#3569=EDGE_CURVE('',#2807,#2774,#1597,.T.);
#3570=EDGE_CURVE('',#2807,#2808,#1598,.T.);
#3571=EDGE_CURVE('',#2809,#2808,#1599,.T.);
#3572=EDGE_CURVE('',#2809,#2810,#219,.T.);
#3573=EDGE_CURVE('',#2810,#2811,#1600,.T.);
#3574=EDGE_CURVE('',#2811,#2812,#1601,.T.);
#3575=EDGE_CURVE('',#2813,#2812,#1602,.T.);
#3576=EDGE_CURVE('',#2813,#2814,#220,.T.);
#3577=EDGE_CURVE('',#2814,#2815,#1603,.T.);
#3578=EDGE_CURVE('',#2815,#2816,#1604,.T.);
#3579=EDGE_CURVE('',#2816,#2775,#1605,.T.);
#3580=EDGE_CURVE('',#2809,#2720,#1606,.T.);
#3581=EDGE_CURVE('',#2810,#2746,#1607,.T.);
#3582=EDGE_CURVE('',#2811,#2745,#1608,.T.);
#3583=EDGE_CURVE('',#2812,#2744,#1609,.T.);
#3584=EDGE_CURVE('',#2813,#2743,#1610,.T.);
#3585=EDGE_CURVE('',#2814,#2742,#1611,.T.);
#3586=EDGE_CURVE('',#2815,#2741,#1612,.T.);
#3587=EDGE_CURVE('',#2816,#2740,#1613,.T.);
#3588=EDGE_CURVE('',#2797,#2736,#1614,.T.);
#3589=EDGE_CURVE('',#2798,#2735,#1615,.T.);
#3590=EDGE_CURVE('',#2799,#2734,#1616,.T.);
#3591=EDGE_CURVE('',#2800,#2733,#1617,.T.);
#3592=EDGE_CURVE('',#2801,#2732,#1618,.T.);
#3593=EDGE_CURVE('',#2802,#2731,#1619,.T.);
#3594=EDGE_CURVE('',#2803,#2730,#1620,.T.);
#3595=EDGE_CURVE('',#2804,#2729,#1621,.T.);
#3596=EDGE_CURVE('',#2805,#2728,#1622,.T.);
#3597=EDGE_CURVE('',#2806,#2727,#1623,.T.);
#3598=EDGE_CURVE('',#2807,#2722,#1624,.T.);
#3599=EDGE_CURVE('',#2808,#2721,#1625,.T.);
#3600=EDGE_CURVE('',#2817,#2818,#221,.T.);
#3601=EDGE_CURVE('',#2818,#2819,#1626,.T.);
#3602=EDGE_CURVE('',#2819,#2820,#222,.T.);
#3603=EDGE_CURVE('',#2820,#2817,#1627,.T.);
#3604=EDGE_CURVE('',#2821,#2818,#1628,.T.);
#3605=EDGE_CURVE('',#2822,#2821,#1629,.T.);
#3606=EDGE_CURVE('',#2822,#2819,#1630,.T.);
#3607=EDGE_CURVE('',#2817,#2823,#1631,.T.);
#3608=EDGE_CURVE('',#2823,#2824,#223,.T.);
#3609=EDGE_CURVE('',#2824,#2825,#1632,.T.);
#3610=EDGE_CURVE('',#2826,#2825,#224,.T.);
#3611=EDGE_CURVE('',#2826,#2827,#1633,.T.);
#3612=EDGE_CURVE('',#2828,#2827,#225,.T.);
#3613=EDGE_CURVE('',#2828,#2821,#1634,.T.);
#3614=EDGE_CURVE('',#2829,#2830,#1635,.T.);
#3615=EDGE_CURVE('',#2830,#2831,#1636,.T.);
#3616=EDGE_CURVE('',#2831,#2832,#1637,.T.);
#3617=EDGE_CURVE('',#2832,#2829,#1638,.T.);
#3618=EDGE_CURVE('',#2825,#2833,#1639,.T.);
#3619=EDGE_CURVE('',#2833,#2834,#226,.T.);
#3620=EDGE_CURVE('',#2834,#2826,#1640,.T.);
#3621=EDGE_CURVE('',#2835,#2824,#1641,.T.);
#3622=EDGE_CURVE('',#2833,#2835,#1642,.T.);
#3623=EDGE_CURVE('',#2827,#2836,#1643,.T.);
#3624=EDGE_CURVE('',#2836,#2837,#227,.T.);
#3625=EDGE_CURVE('',#2837,#2828,#1644,.T.);
#3626=EDGE_CURVE('',#2837,#2822,#1645,.T.);
#3627=EDGE_CURVE('',#2838,#2839,#1646,.T.);
#3628=EDGE_CURVE('',#2839,#2829,#1647,.T.);
#3629=EDGE_CURVE('',#2838,#2832,#1648,.T.);
#3630=EDGE_CURVE('',#2840,#2838,#1649,.T.);
#3631=EDGE_CURVE('',#2840,#2831,#1650,.T.);
#3632=EDGE_CURVE('',#2841,#2840,#1651,.T.);
#3633=EDGE_CURVE('',#2841,#2830,#1652,.T.);
#3634=EDGE_CURVE('',#2839,#2841,#1653,.T.);
#3635=EDGE_CURVE('',#2836,#2834,#1654,.T.);
#3636=EDGE_CURVE('',#2842,#2835,#228,.T.);
#3637=EDGE_CURVE('',#2842,#2823,#1655,.T.);
#3638=EDGE_CURVE('',#2842,#2820,#1656,.T.);
#3639=EDGE_CURVE('',#2843,#2844,#1657,.T.);
#3640=EDGE_CURVE('',#2844,#2845,#1658,.T.);
#3641=EDGE_CURVE('',#2846,#2845,#1659,.T.);
#3642=EDGE_CURVE('',#2843,#2846,#1660,.T.);
#3643=EDGE_CURVE('',#2847,#2843,#1661,.T.);
#3644=EDGE_CURVE('',#2848,#2846,#1662,.T.);
#3645=EDGE_CURVE('',#2847,#2848,#1663,.T.);
#3646=EDGE_CURVE('',#2849,#2847,#1664,.T.);
#3647=EDGE_CURVE('',#2850,#2848,#1665,.T.);
#3648=EDGE_CURVE('',#2849,#2850,#1666,.T.);
#3649=EDGE_CURVE('',#2844,#2849,#1667,.T.);
#3650=EDGE_CURVE('',#2845,#2850,#1668,.T.);
#3651=EDGE_CURVE('',#2851,#2852,#1669,.T.);
#3652=EDGE_CURVE('',#2851,#2853,#1670,.T.);
#3653=EDGE_CURVE('',#2854,#2853,#1671,.T.);
#3654=EDGE_CURVE('',#2852,#2854,#1672,.T.);
#3655=EDGE_CURVE('',#2852,#2855,#229,.T.);
#3656=EDGE_CURVE('',#2856,#2854,#230,.T.);
#3657=EDGE_CURVE('',#2855,#2856,#1673,.T.);
#3658=EDGE_CURVE('',#2855,#2857,#1674,.T.);
#3659=EDGE_CURVE('',#2858,#2856,#1675,.T.);
#3660=EDGE_CURVE('',#2857,#2858,#1676,.T.);
#3661=EDGE_CURVE('',#2857,#2851,#1677,.T.);
#3662=EDGE_CURVE('',#2853,#2858,#1678,.T.);
#3663=ORIENTED_EDGE('',*,*,#2859,.T.);
#3664=ORIENTED_EDGE('',*,*,#2860,.T.);
#3665=ORIENTED_EDGE('',*,*,#2861,.F.);
#3666=ORIENTED_EDGE('',*,*,#2862,.F.);
#3667=ORIENTED_EDGE('',*,*,#2863,.T.);
#3668=ORIENTED_EDGE('',*,*,#2862,.T.);
#3669=ORIENTED_EDGE('',*,*,#2864,.F.);
#3670=ORIENTED_EDGE('',*,*,#2865,.F.);
#3671=ORIENTED_EDGE('',*,*,#2866,.T.);
#3672=ORIENTED_EDGE('',*,*,#2865,.T.);
#3673=ORIENTED_EDGE('',*,*,#2867,.F.);
#3674=ORIENTED_EDGE('',*,*,#2868,.F.);
#3675=ORIENTED_EDGE('',*,*,#2869,.T.);
#3676=ORIENTED_EDGE('',*,*,#2868,.T.);
#3677=ORIENTED_EDGE('',*,*,#2870,.F.);
#3678=ORIENTED_EDGE('',*,*,#2860,.F.);
#3679=ORIENTED_EDGE('',*,*,#2871,.T.);
#3680=ORIENTED_EDGE('',*,*,#2872,.T.);
#3681=ORIENTED_EDGE('',*,*,#2873,.F.);
#3682=ORIENTED_EDGE('',*,*,#2874,.F.);
#3683=ORIENTED_EDGE('',*,*,#2875,.T.);
#3684=ORIENTED_EDGE('',*,*,#2874,.T.);
#3685=ORIENTED_EDGE('',*,*,#2876,.F.);
#3686=ORIENTED_EDGE('',*,*,#2877,.F.);
#3687=ORIENTED_EDGE('',*,*,#2878,.T.);
#3688=ORIENTED_EDGE('',*,*,#2877,.T.);
#3689=ORIENTED_EDGE('',*,*,#2879,.F.);
#3690=ORIENTED_EDGE('',*,*,#2880,.F.);
#3691=ORIENTED_EDGE('',*,*,#2881,.T.);
#3692=ORIENTED_EDGE('',*,*,#2880,.T.);
#3693=ORIENTED_EDGE('',*,*,#2882,.F.);
#3694=ORIENTED_EDGE('',*,*,#2872,.F.);
#3695=ORIENTED_EDGE('',*,*,#2882,.T.);
#3696=ORIENTED_EDGE('',*,*,#2879,.T.);
#3697=ORIENTED_EDGE('',*,*,#2876,.T.);
#3698=ORIENTED_EDGE('',*,*,#2873,.T.);
#3699=ORIENTED_EDGE('',*,*,#2870,.T.);
#3700=ORIENTED_EDGE('',*,*,#2867,.T.);
#3701=ORIENTED_EDGE('',*,*,#2864,.T.);
#3702=ORIENTED_EDGE('',*,*,#2861,.T.);
#3703=ORIENTED_EDGE('',*,*,#2881,.F.);
#3704=ORIENTED_EDGE('',*,*,#2871,.F.);
#3705=ORIENTED_EDGE('',*,*,#2875,.F.);
#3706=ORIENTED_EDGE('',*,*,#2878,.F.);
#3707=ORIENTED_EDGE('',*,*,#2869,.F.);
#3708=ORIENTED_EDGE('',*,*,#2859,.F.);
#3709=ORIENTED_EDGE('',*,*,#2863,.F.);
#3710=ORIENTED_EDGE('',*,*,#2866,.F.);
#3711=ORIENTED_EDGE('',*,*,#2883,.F.);
#3712=ORIENTED_EDGE('',*,*,#2884,.F.);
#3713=ORIENTED_EDGE('',*,*,#2885,.F.);
#3714=ORIENTED_EDGE('',*,*,#2886,.F.);
#3715=ORIENTED_EDGE('',*,*,#2887,.F.);
#3716=ORIENTED_EDGE('',*,*,#2888,.T.);
#3717=ORIENTED_EDGE('',*,*,#2889,.T.);
#3718=ORIENTED_EDGE('',*,*,#2890,.T.);
#3719=ORIENTED_EDGE('',*,*,#2890,.F.);
#3720=ORIENTED_EDGE('',*,*,#2891,.T.);
#3721=ORIENTED_EDGE('',*,*,#2883,.T.);
#3722=ORIENTED_EDGE('',*,*,#2892,.F.);
#3723=ORIENTED_EDGE('',*,*,#2889,.F.);
#3724=ORIENTED_EDGE('',*,*,#2893,.T.);
#3725=ORIENTED_EDGE('',*,*,#2884,.T.);
#3726=ORIENTED_EDGE('',*,*,#2891,.F.);
#3727=ORIENTED_EDGE('',*,*,#2894,.F.);
#3728=ORIENTED_EDGE('',*,*,#2885,.T.);
#3729=ORIENTED_EDGE('',*,*,#2893,.F.);
#3730=ORIENTED_EDGE('',*,*,#2888,.F.);
#3731=ORIENTED_EDGE('',*,*,#2895,.T.);
#3732=ORIENTED_EDGE('',*,*,#2896,.T.);
#3733=ORIENTED_EDGE('',*,*,#2897,.F.);
#3734=ORIENTED_EDGE('',*,*,#2898,.F.);
#3735=ORIENTED_EDGE('',*,*,#2899,.T.);
#3736=ORIENTED_EDGE('',*,*,#2898,.T.);
#3737=ORIENTED_EDGE('',*,*,#2900,.F.);
#3738=ORIENTED_EDGE('',*,*,#2901,.F.);
#3739=ORIENTED_EDGE('',*,*,#2902,.T.);
#3740=ORIENTED_EDGE('',*,*,#2901,.T.);
#3741=ORIENTED_EDGE('',*,*,#2903,.F.);
#3742=ORIENTED_EDGE('',*,*,#2904,.F.);
#3743=ORIENTED_EDGE('',*,*,#2905,.T.);
#3744=ORIENTED_EDGE('',*,*,#2904,.T.);
#3745=ORIENTED_EDGE('',*,*,#2906,.F.);
#3746=ORIENTED_EDGE('',*,*,#2896,.F.);
#3747=ORIENTED_EDGE('',*,*,#2886,.T.);
#3748=ORIENTED_EDGE('',*,*,#2894,.T.);
#3749=ORIENTED_EDGE('',*,*,#2887,.T.);
#3750=ORIENTED_EDGE('',*,*,#2892,.T.);
#3751=ORIENTED_EDGE('',*,*,#2906,.T.);
#3752=ORIENTED_EDGE('',*,*,#2903,.T.);
#3753=ORIENTED_EDGE('',*,*,#2900,.T.);
#3754=ORIENTED_EDGE('',*,*,#2897,.T.);
#3755=ORIENTED_EDGE('',*,*,#2905,.F.);
#3756=ORIENTED_EDGE('',*,*,#2895,.F.);
#3757=ORIENTED_EDGE('',*,*,#2899,.F.);
#3758=ORIENTED_EDGE('',*,*,#2902,.F.);
#3759=ORIENTED_EDGE('',*,*,#2907,.F.);
#3760=ORIENTED_EDGE('',*,*,#2908,.T.);
#3761=ORIENTED_EDGE('',*,*,#2909,.F.);
#3762=ORIENTED_EDGE('',*,*,#2910,.F.);
#3763=ORIENTED_EDGE('',*,*,#2911,.F.);
#3764=ORIENTED_EDGE('',*,*,#2910,.T.);
#3765=ORIENTED_EDGE('',*,*,#2912,.F.);
#3766=ORIENTED_EDGE('',*,*,#2913,.F.);
#3767=ORIENTED_EDGE('',*,*,#2914,.F.);
#3768=ORIENTED_EDGE('',*,*,#2913,.T.);
#3769=ORIENTED_EDGE('',*,*,#2915,.F.);
#3770=ORIENTED_EDGE('',*,*,#2916,.F.);
#3771=ORIENTED_EDGE('',*,*,#2917,.F.);
#3772=ORIENTED_EDGE('',*,*,#2916,.T.);
#3773=ORIENTED_EDGE('',*,*,#2918,.F.);
#3774=ORIENTED_EDGE('',*,*,#2908,.F.);
#3775=ORIENTED_EDGE('',*,*,#2919,.F.);
#3776=ORIENTED_EDGE('',*,*,#2920,.T.);
#3777=ORIENTED_EDGE('',*,*,#2921,.F.);
#3778=ORIENTED_EDGE('',*,*,#2922,.F.);
#3779=ORIENTED_EDGE('',*,*,#2923,.F.);
#3780=ORIENTED_EDGE('',*,*,#2922,.T.);
#3781=ORIENTED_EDGE('',*,*,#2924,.F.);
#3782=ORIENTED_EDGE('',*,*,#2925,.F.);
#3783=ORIENTED_EDGE('',*,*,#2926,.F.);
#3784=ORIENTED_EDGE('',*,*,#2925,.T.);
#3785=ORIENTED_EDGE('',*,*,#2927,.F.);
#3786=ORIENTED_EDGE('',*,*,#2928,.F.);
#3787=ORIENTED_EDGE('',*,*,#2929,.F.);
#3788=ORIENTED_EDGE('',*,*,#2928,.T.);
#3789=ORIENTED_EDGE('',*,*,#2930,.F.);
#3790=ORIENTED_EDGE('',*,*,#2920,.F.);
#3791=ORIENTED_EDGE('',*,*,#2930,.T.);
#3792=ORIENTED_EDGE('',*,*,#2927,.T.);
#3793=ORIENTED_EDGE('',*,*,#2924,.T.);
#3794=ORIENTED_EDGE('',*,*,#2921,.T.);
#3795=ORIENTED_EDGE('',*,*,#2918,.T.);
#3796=ORIENTED_EDGE('',*,*,#2915,.T.);
#3797=ORIENTED_EDGE('',*,*,#2912,.T.);
#3798=ORIENTED_EDGE('',*,*,#2909,.T.);
#3799=ORIENTED_EDGE('',*,*,#2931,.F.);
#3800=ORIENTED_EDGE('',*,*,#2932,.F.);
#3801=ORIENTED_EDGE('',*,*,#2933,.F.);
#3802=ORIENTED_EDGE('',*,*,#2934,.F.);
#3803=ORIENTED_EDGE('',*,*,#2919,.T.);
#3804=ORIENTED_EDGE('',*,*,#2923,.T.);
#3805=ORIENTED_EDGE('',*,*,#2926,.T.);
#3806=ORIENTED_EDGE('',*,*,#2929,.T.);
#3807=ORIENTED_EDGE('',*,*,#2932,.T.);
#3808=ORIENTED_EDGE('',*,*,#2935,.T.);
#3809=ORIENTED_EDGE('',*,*,#2936,.F.);
#3810=ORIENTED_EDGE('',*,*,#2937,.F.);
#3811=ORIENTED_EDGE('',*,*,#2933,.T.);
#3812=ORIENTED_EDGE('',*,*,#2937,.T.);
#3813=ORIENTED_EDGE('',*,*,#2938,.F.);
#3814=ORIENTED_EDGE('',*,*,#2939,.F.);
#3815=ORIENTED_EDGE('',*,*,#2934,.T.);
#3816=ORIENTED_EDGE('',*,*,#2939,.T.);
#3817=ORIENTED_EDGE('',*,*,#2940,.F.);
#3818=ORIENTED_EDGE('',*,*,#2941,.F.);
#3819=ORIENTED_EDGE('',*,*,#2931,.T.);
#3820=ORIENTED_EDGE('',*,*,#2941,.T.);
#3821=ORIENTED_EDGE('',*,*,#2942,.F.);
#3822=ORIENTED_EDGE('',*,*,#2935,.F.);
#3823=ORIENTED_EDGE('',*,*,#2942,.T.);
#3824=ORIENTED_EDGE('',*,*,#2940,.T.);
#3825=ORIENTED_EDGE('',*,*,#2938,.T.);
#3826=ORIENTED_EDGE('',*,*,#2936,.T.);
#3827=ORIENTED_EDGE('',*,*,#2907,.T.);
#3828=ORIENTED_EDGE('',*,*,#2911,.T.);
#3829=ORIENTED_EDGE('',*,*,#2914,.T.);
#3830=ORIENTED_EDGE('',*,*,#2917,.T.);
#3831=ORIENTED_EDGE('',*,*,#2943,.F.);
#3832=ORIENTED_EDGE('',*,*,#2944,.T.);
#3833=ORIENTED_EDGE('',*,*,#2945,.F.);
#3834=ORIENTED_EDGE('',*,*,#2944,.F.);
#3835=ORIENTED_EDGE('',*,*,#2946,.F.);
#3836=ORIENTED_EDGE('',*,*,#2947,.F.);
#3837=ORIENTED_EDGE('',*,*,#2948,.F.);
#3838=ORIENTED_EDGE('',*,*,#2949,.F.);
#3839=ORIENTED_EDGE('',*,*,#2943,.T.);
#3840=ORIENTED_EDGE('',*,*,#2946,.T.);
#3841=ORIENTED_EDGE('',*,*,#2950,.T.);
#3842=ORIENTED_EDGE('',*,*,#2951,.F.);
#3843=ORIENTED_EDGE('',*,*,#2952,.F.);
#3844=ORIENTED_EDGE('',*,*,#2949,.T.);
#3845=ORIENTED_EDGE('',*,*,#2953,.T.);
#3846=ORIENTED_EDGE('',*,*,#2954,.F.);
#3847=ORIENTED_EDGE('',*,*,#2950,.F.);
#3848=ORIENTED_EDGE('',*,*,#2948,.T.);
#3849=ORIENTED_EDGE('',*,*,#2955,.T.);
#3850=ORIENTED_EDGE('',*,*,#2956,.F.);
#3851=ORIENTED_EDGE('',*,*,#2953,.F.);
#3852=ORIENTED_EDGE('',*,*,#2947,.T.);
#3853=ORIENTED_EDGE('',*,*,#2952,.T.);
#3854=ORIENTED_EDGE('',*,*,#2957,.F.);
#3855=ORIENTED_EDGE('',*,*,#2955,.F.);
#3856=ORIENTED_EDGE('',*,*,#2958,.F.);
#3857=ORIENTED_EDGE('',*,*,#2959,.F.);
#3858=ORIENTED_EDGE('',*,*,#2960,.F.);
#3859=ORIENTED_EDGE('',*,*,#2961,.F.);
#3860=ORIENTED_EDGE('',*,*,#2951,.T.);
#3861=ORIENTED_EDGE('',*,*,#2954,.T.);
#3862=ORIENTED_EDGE('',*,*,#2956,.T.);
#3863=ORIENTED_EDGE('',*,*,#2957,.T.);
#3864=ORIENTED_EDGE('',*,*,#2962,.T.);
#3865=ORIENTED_EDGE('',*,*,#2963,.T.);
#3866=ORIENTED_EDGE('',*,*,#2964,.T.);
#3867=ORIENTED_EDGE('',*,*,#2965,.T.);
#3868=ORIENTED_EDGE('',*,*,#2945,.T.);
#3869=ORIENTED_EDGE('',*,*,#2962,.F.);
#3870=ORIENTED_EDGE('',*,*,#2966,.T.);
#3871=ORIENTED_EDGE('',*,*,#2958,.T.);
#3872=ORIENTED_EDGE('',*,*,#2967,.F.);
#3873=ORIENTED_EDGE('',*,*,#2963,.F.);
#3874=ORIENTED_EDGE('',*,*,#2967,.T.);
#3875=ORIENTED_EDGE('',*,*,#2961,.T.);
#3876=ORIENTED_EDGE('',*,*,#2968,.F.);
#3877=ORIENTED_EDGE('',*,*,#2964,.F.);
#3878=ORIENTED_EDGE('',*,*,#2968,.T.);
#3879=ORIENTED_EDGE('',*,*,#2960,.T.);
#3880=ORIENTED_EDGE('',*,*,#2969,.F.);
#3881=ORIENTED_EDGE('',*,*,#2965,.F.);
#3882=ORIENTED_EDGE('',*,*,#2969,.T.);
#3883=ORIENTED_EDGE('',*,*,#2959,.T.);
#3884=ORIENTED_EDGE('',*,*,#2966,.F.);
#3885=ORIENTED_EDGE('',*,*,#2970,.T.);
#3886=ORIENTED_EDGE('',*,*,#2971,.T.);
#3887=ORIENTED_EDGE('',*,*,#2972,.F.);
#3888=ORIENTED_EDGE('',*,*,#2973,.F.);
#3889=ORIENTED_EDGE('',*,*,#2974,.T.);
#3890=ORIENTED_EDGE('',*,*,#2973,.T.);
#3891=ORIENTED_EDGE('',*,*,#2975,.F.);
#3892=ORIENTED_EDGE('',*,*,#2976,.F.);
#3893=ORIENTED_EDGE('',*,*,#2977,.T.);
#3894=ORIENTED_EDGE('',*,*,#2976,.T.);
#3895=ORIENTED_EDGE('',*,*,#2978,.F.);
#3896=ORIENTED_EDGE('',*,*,#2979,.F.);
#3897=ORIENTED_EDGE('',*,*,#2980,.T.);
#3898=ORIENTED_EDGE('',*,*,#2979,.T.);
#3899=ORIENTED_EDGE('',*,*,#2981,.F.);
#3900=ORIENTED_EDGE('',*,*,#2971,.F.);
#3901=ORIENTED_EDGE('',*,*,#2982,.T.);
#3902=ORIENTED_EDGE('',*,*,#2983,.T.);
#3903=ORIENTED_EDGE('',*,*,#2984,.F.);
#3904=ORIENTED_EDGE('',*,*,#2985,.F.);
#3905=ORIENTED_EDGE('',*,*,#2986,.T.);
#3906=ORIENTED_EDGE('',*,*,#2985,.T.);
#3907=ORIENTED_EDGE('',*,*,#2987,.F.);
#3908=ORIENTED_EDGE('',*,*,#2988,.F.);
#3909=ORIENTED_EDGE('',*,*,#2989,.T.);
#3910=ORIENTED_EDGE('',*,*,#2988,.T.);
#3911=ORIENTED_EDGE('',*,*,#2990,.F.);
#3912=ORIENTED_EDGE('',*,*,#2991,.F.);
#3913=ORIENTED_EDGE('',*,*,#2992,.T.);
#3914=ORIENTED_EDGE('',*,*,#2991,.T.);
#3915=ORIENTED_EDGE('',*,*,#2993,.F.);
#3916=ORIENTED_EDGE('',*,*,#2983,.F.);
#3917=ORIENTED_EDGE('',*,*,#2993,.T.);
#3918=ORIENTED_EDGE('',*,*,#2990,.T.);
#3919=ORIENTED_EDGE('',*,*,#2987,.T.);
#3920=ORIENTED_EDGE('',*,*,#2984,.T.);
#3921=ORIENTED_EDGE('',*,*,#2981,.T.);
#3922=ORIENTED_EDGE('',*,*,#2978,.T.);
#3923=ORIENTED_EDGE('',*,*,#2975,.T.);
#3924=ORIENTED_EDGE('',*,*,#2972,.T.);
#3925=ORIENTED_EDGE('',*,*,#2992,.F.);
#3926=ORIENTED_EDGE('',*,*,#2982,.F.);
#3927=ORIENTED_EDGE('',*,*,#2986,.F.);
#3928=ORIENTED_EDGE('',*,*,#2989,.F.);
#3929=ORIENTED_EDGE('',*,*,#2980,.F.);
#3930=ORIENTED_EDGE('',*,*,#2970,.F.);
#3931=ORIENTED_EDGE('',*,*,#2974,.F.);
#3932=ORIENTED_EDGE('',*,*,#2977,.F.);
#3933=ORIENTED_EDGE('',*,*,#2994,.F.);
#3934=ORIENTED_EDGE('',*,*,#2995,.T.);
#3935=ORIENTED_EDGE('',*,*,#2996,.F.);
#3936=ORIENTED_EDGE('',*,*,#2995,.F.);
#3937=ORIENTED_EDGE('',*,*,#2997,.F.);
#3938=ORIENTED_EDGE('',*,*,#2998,.T.);
#3939=ORIENTED_EDGE('',*,*,#2999,.F.);
#3940=ORIENTED_EDGE('',*,*,#2998,.F.);
#3941=ORIENTED_EDGE('',*,*,#3000,.T.);
#3942=ORIENTED_EDGE('',*,*,#3001,.T.);
#3943=ORIENTED_EDGE('',*,*,#3002,.F.);
#3944=ORIENTED_EDGE('',*,*,#3003,.F.);
#3945=ORIENTED_EDGE('',*,*,#3004,.T.);
#3946=ORIENTED_EDGE('',*,*,#3003,.T.);
#3947=ORIENTED_EDGE('',*,*,#3005,.F.);
#3948=ORIENTED_EDGE('',*,*,#3006,.F.);
#3949=ORIENTED_EDGE('',*,*,#3007,.T.);
#3950=ORIENTED_EDGE('',*,*,#3006,.T.);
#3951=ORIENTED_EDGE('',*,*,#3008,.F.);
#3952=ORIENTED_EDGE('',*,*,#3001,.F.);
#3953=ORIENTED_EDGE('',*,*,#3008,.T.);
#3954=ORIENTED_EDGE('',*,*,#3005,.T.);
#3955=ORIENTED_EDGE('',*,*,#3002,.T.);
#3956=ORIENTED_EDGE('',*,*,#2996,.T.);
#3957=ORIENTED_EDGE('',*,*,#2999,.T.);
#3958=ORIENTED_EDGE('',*,*,#3007,.F.);
#3959=ORIENTED_EDGE('',*,*,#3000,.F.);
#3960=ORIENTED_EDGE('',*,*,#3004,.F.);
#3961=ORIENTED_EDGE('',*,*,#2994,.T.);
#3962=ORIENTED_EDGE('',*,*,#2997,.T.);
#3963=ORIENTED_EDGE('',*,*,#3009,.F.);
#3964=ORIENTED_EDGE('',*,*,#3010,.T.);
#3965=ORIENTED_EDGE('',*,*,#3011,.F.);
#3966=ORIENTED_EDGE('',*,*,#3012,.F.);
#3967=ORIENTED_EDGE('',*,*,#3013,.F.);
#3968=ORIENTED_EDGE('',*,*,#3012,.T.);
#3969=ORIENTED_EDGE('',*,*,#3014,.F.);
#3970=ORIENTED_EDGE('',*,*,#3015,.F.);
#3971=ORIENTED_EDGE('',*,*,#3016,.F.);
#3972=ORIENTED_EDGE('',*,*,#3015,.T.);
#3973=ORIENTED_EDGE('',*,*,#3017,.F.);
#3974=ORIENTED_EDGE('',*,*,#3018,.F.);
#3975=ORIENTED_EDGE('',*,*,#3019,.F.);
#3976=ORIENTED_EDGE('',*,*,#3018,.T.);
#3977=ORIENTED_EDGE('',*,*,#3020,.F.);
#3978=ORIENTED_EDGE('',*,*,#3021,.F.);
#3979=ORIENTED_EDGE('',*,*,#3022,.F.);
#3980=ORIENTED_EDGE('',*,*,#3021,.T.);
#3981=ORIENTED_EDGE('',*,*,#3023,.F.);
#3982=ORIENTED_EDGE('',*,*,#3024,.F.);
#3983=ORIENTED_EDGE('',*,*,#3025,.F.);
#3984=ORIENTED_EDGE('',*,*,#3024,.T.);
#3985=ORIENTED_EDGE('',*,*,#3026,.F.);
#3986=ORIENTED_EDGE('',*,*,#3027,.F.);
#3987=ORIENTED_EDGE('',*,*,#3028,.F.);
#3988=ORIENTED_EDGE('',*,*,#3027,.T.);
#3989=ORIENTED_EDGE('',*,*,#3029,.F.);
#3990=ORIENTED_EDGE('',*,*,#3030,.F.);
#3991=ORIENTED_EDGE('',*,*,#3031,.F.);
#3992=ORIENTED_EDGE('',*,*,#3030,.T.);
#3993=ORIENTED_EDGE('',*,*,#3032,.F.);
#3994=ORIENTED_EDGE('',*,*,#3010,.F.);
#3995=ORIENTED_EDGE('',*,*,#3032,.T.);
#3996=ORIENTED_EDGE('',*,*,#3029,.T.);
#3997=ORIENTED_EDGE('',*,*,#3026,.T.);
#3998=ORIENTED_EDGE('',*,*,#3023,.T.);
#3999=ORIENTED_EDGE('',*,*,#3020,.T.);
#4000=ORIENTED_EDGE('',*,*,#3017,.T.);
#4001=ORIENTED_EDGE('',*,*,#3014,.T.);
#4002=ORIENTED_EDGE('',*,*,#3011,.T.);
#4003=ORIENTED_EDGE('',*,*,#3031,.T.);
#4004=ORIENTED_EDGE('',*,*,#3009,.T.);
#4005=ORIENTED_EDGE('',*,*,#3013,.T.);
#4006=ORIENTED_EDGE('',*,*,#3016,.T.);
#4007=ORIENTED_EDGE('',*,*,#3019,.T.);
#4008=ORIENTED_EDGE('',*,*,#3022,.T.);
#4009=ORIENTED_EDGE('',*,*,#3025,.T.);
#4010=ORIENTED_EDGE('',*,*,#3028,.T.);
#4011=ORIENTED_EDGE('',*,*,#3033,.T.);
#4012=ORIENTED_EDGE('',*,*,#3034,.T.);
#4013=ORIENTED_EDGE('',*,*,#3035,.F.);
#4014=ORIENTED_EDGE('',*,*,#3036,.F.);
#4015=ORIENTED_EDGE('',*,*,#3037,.T.);
#4016=ORIENTED_EDGE('',*,*,#3036,.T.);
#4017=ORIENTED_EDGE('',*,*,#3038,.F.);
#4018=ORIENTED_EDGE('',*,*,#3039,.F.);
#4019=ORIENTED_EDGE('',*,*,#3040,.T.);
#4020=ORIENTED_EDGE('',*,*,#3039,.T.);
#4021=ORIENTED_EDGE('',*,*,#3041,.F.);
#4022=ORIENTED_EDGE('',*,*,#3042,.F.);
#4023=ORIENTED_EDGE('',*,*,#3043,.T.);
#4024=ORIENTED_EDGE('',*,*,#3042,.T.);
#4025=ORIENTED_EDGE('',*,*,#3044,.F.);
#4026=ORIENTED_EDGE('',*,*,#3045,.F.);
#4027=ORIENTED_EDGE('',*,*,#3046,.T.);
#4028=ORIENTED_EDGE('',*,*,#3045,.T.);
#4029=ORIENTED_EDGE('',*,*,#3047,.F.);
#4030=ORIENTED_EDGE('',*,*,#3048,.F.);
#4031=ORIENTED_EDGE('',*,*,#3049,.T.);
#4032=ORIENTED_EDGE('',*,*,#3048,.T.);
#4033=ORIENTED_EDGE('',*,*,#3050,.F.);
#4034=ORIENTED_EDGE('',*,*,#3051,.F.);
#4035=ORIENTED_EDGE('',*,*,#3052,.T.);
#4036=ORIENTED_EDGE('',*,*,#3051,.T.);
#4037=ORIENTED_EDGE('',*,*,#3053,.F.);
#4038=ORIENTED_EDGE('',*,*,#3054,.F.);
#4039=ORIENTED_EDGE('',*,*,#3055,.T.);
#4040=ORIENTED_EDGE('',*,*,#3054,.T.);
#4041=ORIENTED_EDGE('',*,*,#3056,.F.);
#4042=ORIENTED_EDGE('',*,*,#3057,.F.);
#4043=ORIENTED_EDGE('',*,*,#3058,.T.);
#4044=ORIENTED_EDGE('',*,*,#3057,.T.);
#4045=ORIENTED_EDGE('',*,*,#3059,.F.);
#4046=ORIENTED_EDGE('',*,*,#3060,.F.);
#4047=ORIENTED_EDGE('',*,*,#3061,.T.);
#4048=ORIENTED_EDGE('',*,*,#3060,.T.);
#4049=ORIENTED_EDGE('',*,*,#3062,.F.);
#4050=ORIENTED_EDGE('',*,*,#3063,.F.);
#4051=ORIENTED_EDGE('',*,*,#3064,.T.);
#4052=ORIENTED_EDGE('',*,*,#3063,.T.);
#4053=ORIENTED_EDGE('',*,*,#3065,.F.);
#4054=ORIENTED_EDGE('',*,*,#3066,.F.);
#4055=ORIENTED_EDGE('',*,*,#3067,.T.);
#4056=ORIENTED_EDGE('',*,*,#3066,.T.);
#4057=ORIENTED_EDGE('',*,*,#3068,.F.);
#4058=ORIENTED_EDGE('',*,*,#3069,.F.);
#4059=ORIENTED_EDGE('',*,*,#3070,.T.);
#4060=ORIENTED_EDGE('',*,*,#3069,.T.);
#4061=ORIENTED_EDGE('',*,*,#3071,.F.);
#4062=ORIENTED_EDGE('',*,*,#3072,.F.);
#4063=ORIENTED_EDGE('',*,*,#3073,.T.);
#4064=ORIENTED_EDGE('',*,*,#3072,.T.);
#4065=ORIENTED_EDGE('',*,*,#3074,.F.);
#4066=ORIENTED_EDGE('',*,*,#3075,.F.);
#4067=ORIENTED_EDGE('',*,*,#3076,.T.);
#4068=ORIENTED_EDGE('',*,*,#3075,.T.);
#4069=ORIENTED_EDGE('',*,*,#3077,.F.);
#4070=ORIENTED_EDGE('',*,*,#3078,.F.);
#4071=ORIENTED_EDGE('',*,*,#3079,.T.);
#4072=ORIENTED_EDGE('',*,*,#3078,.T.);
#4073=ORIENTED_EDGE('',*,*,#3080,.F.);
#4074=ORIENTED_EDGE('',*,*,#3081,.F.);
#4075=ORIENTED_EDGE('',*,*,#3082,.T.);
#4076=ORIENTED_EDGE('',*,*,#3081,.T.);
#4077=ORIENTED_EDGE('',*,*,#3083,.F.);
#4078=ORIENTED_EDGE('',*,*,#3084,.F.);
#4079=ORIENTED_EDGE('',*,*,#3085,.T.);
#4080=ORIENTED_EDGE('',*,*,#3084,.T.);
#4081=ORIENTED_EDGE('',*,*,#3086,.F.);
#4082=ORIENTED_EDGE('',*,*,#3087,.F.);
#4083=ORIENTED_EDGE('',*,*,#3088,.T.);
#4084=ORIENTED_EDGE('',*,*,#3087,.T.);
#4085=ORIENTED_EDGE('',*,*,#3089,.F.);
#4086=ORIENTED_EDGE('',*,*,#3090,.F.);
#4087=ORIENTED_EDGE('',*,*,#3091,.T.);
#4088=ORIENTED_EDGE('',*,*,#3090,.T.);
#4089=ORIENTED_EDGE('',*,*,#3092,.F.);
#4090=ORIENTED_EDGE('',*,*,#3093,.F.);
#4091=ORIENTED_EDGE('',*,*,#3094,.T.);
#4092=ORIENTED_EDGE('',*,*,#3093,.T.);
#4093=ORIENTED_EDGE('',*,*,#3095,.F.);
#4094=ORIENTED_EDGE('',*,*,#3096,.F.);
#4095=ORIENTED_EDGE('',*,*,#3097,.T.);
#4096=ORIENTED_EDGE('',*,*,#3096,.T.);
#4097=ORIENTED_EDGE('',*,*,#3098,.F.);
#4098=ORIENTED_EDGE('',*,*,#3099,.F.);
#4099=ORIENTED_EDGE('',*,*,#3100,.T.);
#4100=ORIENTED_EDGE('',*,*,#3099,.T.);
#4101=ORIENTED_EDGE('',*,*,#3101,.F.);
#4102=ORIENTED_EDGE('',*,*,#3102,.F.);
#4103=ORIENTED_EDGE('',*,*,#3103,.T.);
#4104=ORIENTED_EDGE('',*,*,#3102,.T.);
#4105=ORIENTED_EDGE('',*,*,#3104,.F.);
#4106=ORIENTED_EDGE('',*,*,#3105,.F.);
#4107=ORIENTED_EDGE('',*,*,#3106,.T.);
#4108=ORIENTED_EDGE('',*,*,#3105,.T.);
#4109=ORIENTED_EDGE('',*,*,#3107,.F.);
#4110=ORIENTED_EDGE('',*,*,#3108,.F.);
#4111=ORIENTED_EDGE('',*,*,#3109,.T.);
#4112=ORIENTED_EDGE('',*,*,#3108,.T.);
#4113=ORIENTED_EDGE('',*,*,#3110,.F.);
#4114=ORIENTED_EDGE('',*,*,#3111,.F.);
#4115=ORIENTED_EDGE('',*,*,#3112,.T.);
#4116=ORIENTED_EDGE('',*,*,#3111,.T.);
#4117=ORIENTED_EDGE('',*,*,#3113,.F.);
#4118=ORIENTED_EDGE('',*,*,#3114,.F.);
#4119=ORIENTED_EDGE('',*,*,#3115,.T.);
#4120=ORIENTED_EDGE('',*,*,#3114,.T.);
#4121=ORIENTED_EDGE('',*,*,#3116,.F.);
#4122=ORIENTED_EDGE('',*,*,#3117,.F.);
#4123=ORIENTED_EDGE('',*,*,#3118,.T.);
#4124=ORIENTED_EDGE('',*,*,#3117,.T.);
#4125=ORIENTED_EDGE('',*,*,#3119,.F.);
#4126=ORIENTED_EDGE('',*,*,#3120,.F.);
#4127=ORIENTED_EDGE('',*,*,#3121,.T.);
#4128=ORIENTED_EDGE('',*,*,#3120,.T.);
#4129=ORIENTED_EDGE('',*,*,#3122,.F.);
#4130=ORIENTED_EDGE('',*,*,#3123,.F.);
#4131=ORIENTED_EDGE('',*,*,#3124,.T.);
#4132=ORIENTED_EDGE('',*,*,#3123,.T.);
#4133=ORIENTED_EDGE('',*,*,#3125,.F.);
#4134=ORIENTED_EDGE('',*,*,#3126,.F.);
#4135=ORIENTED_EDGE('',*,*,#3127,.T.);
#4136=ORIENTED_EDGE('',*,*,#3126,.T.);
#4137=ORIENTED_EDGE('',*,*,#3128,.F.);
#4138=ORIENTED_EDGE('',*,*,#3129,.F.);
#4139=ORIENTED_EDGE('',*,*,#3130,.T.);
#4140=ORIENTED_EDGE('',*,*,#3129,.T.);
#4141=ORIENTED_EDGE('',*,*,#3131,.F.);
#4142=ORIENTED_EDGE('',*,*,#3132,.F.);
#4143=ORIENTED_EDGE('',*,*,#3133,.T.);
#4144=ORIENTED_EDGE('',*,*,#3132,.T.);
#4145=ORIENTED_EDGE('',*,*,#3134,.F.);
#4146=ORIENTED_EDGE('',*,*,#3135,.F.);
#4147=ORIENTED_EDGE('',*,*,#3136,.T.);
#4148=ORIENTED_EDGE('',*,*,#3135,.T.);
#4149=ORIENTED_EDGE('',*,*,#3137,.F.);
#4150=ORIENTED_EDGE('',*,*,#3138,.F.);
#4151=ORIENTED_EDGE('',*,*,#3139,.T.);
#4152=ORIENTED_EDGE('',*,*,#3138,.T.);
#4153=ORIENTED_EDGE('',*,*,#3140,.F.);
#4154=ORIENTED_EDGE('',*,*,#3141,.F.);
#4155=ORIENTED_EDGE('',*,*,#3142,.T.);
#4156=ORIENTED_EDGE('',*,*,#3141,.T.);
#4157=ORIENTED_EDGE('',*,*,#3143,.F.);
#4158=ORIENTED_EDGE('',*,*,#3144,.F.);
#4159=ORIENTED_EDGE('',*,*,#3145,.T.);
#4160=ORIENTED_EDGE('',*,*,#3144,.T.);
#4161=ORIENTED_EDGE('',*,*,#3146,.F.);
#4162=ORIENTED_EDGE('',*,*,#3147,.F.);
#4163=ORIENTED_EDGE('',*,*,#3148,.T.);
#4164=ORIENTED_EDGE('',*,*,#3147,.T.);
#4165=ORIENTED_EDGE('',*,*,#3149,.F.);
#4166=ORIENTED_EDGE('',*,*,#3150,.F.);
#4167=ORIENTED_EDGE('',*,*,#3151,.T.);
#4168=ORIENTED_EDGE('',*,*,#3150,.T.);
#4169=ORIENTED_EDGE('',*,*,#3152,.F.);
#4170=ORIENTED_EDGE('',*,*,#3153,.F.);
#4171=ORIENTED_EDGE('',*,*,#3154,.T.);
#4172=ORIENTED_EDGE('',*,*,#3153,.T.);
#4173=ORIENTED_EDGE('',*,*,#3155,.F.);
#4174=ORIENTED_EDGE('',*,*,#3156,.F.);
#4175=ORIENTED_EDGE('',*,*,#3157,.T.);
#4176=ORIENTED_EDGE('',*,*,#3156,.T.);
#4177=ORIENTED_EDGE('',*,*,#3158,.F.);
#4178=ORIENTED_EDGE('',*,*,#3159,.F.);
#4179=ORIENTED_EDGE('',*,*,#3160,.T.);
#4180=ORIENTED_EDGE('',*,*,#3159,.T.);
#4181=ORIENTED_EDGE('',*,*,#3161,.F.);
#4182=ORIENTED_EDGE('',*,*,#3162,.F.);
#4183=ORIENTED_EDGE('',*,*,#3163,.T.);
#4184=ORIENTED_EDGE('',*,*,#3162,.T.);
#4185=ORIENTED_EDGE('',*,*,#3164,.F.);
#4186=ORIENTED_EDGE('',*,*,#3165,.F.);
#4187=ORIENTED_EDGE('',*,*,#3166,.T.);
#4188=ORIENTED_EDGE('',*,*,#3165,.T.);
#4189=ORIENTED_EDGE('',*,*,#3167,.F.);
#4190=ORIENTED_EDGE('',*,*,#3168,.F.);
#4191=ORIENTED_EDGE('',*,*,#3169,.T.);
#4192=ORIENTED_EDGE('',*,*,#3168,.T.);
#4193=ORIENTED_EDGE('',*,*,#3170,.F.);
#4194=ORIENTED_EDGE('',*,*,#3171,.F.);
#4195=ORIENTED_EDGE('',*,*,#3172,.T.);
#4196=ORIENTED_EDGE('',*,*,#3171,.T.);
#4197=ORIENTED_EDGE('',*,*,#3173,.F.);
#4198=ORIENTED_EDGE('',*,*,#3174,.F.);
#4199=ORIENTED_EDGE('',*,*,#3175,.T.);
#4200=ORIENTED_EDGE('',*,*,#3174,.T.);
#4201=ORIENTED_EDGE('',*,*,#3176,.F.);
#4202=ORIENTED_EDGE('',*,*,#3177,.F.);
#4203=ORIENTED_EDGE('',*,*,#3178,.T.);
#4204=ORIENTED_EDGE('',*,*,#3177,.T.);
#4205=ORIENTED_EDGE('',*,*,#3179,.F.);
#4206=ORIENTED_EDGE('',*,*,#3180,.F.);
#4207=ORIENTED_EDGE('',*,*,#3181,.T.);
#4208=ORIENTED_EDGE('',*,*,#3180,.T.);
#4209=ORIENTED_EDGE('',*,*,#3182,.F.);
#4210=ORIENTED_EDGE('',*,*,#3183,.F.);
#4211=ORIENTED_EDGE('',*,*,#3184,.T.);
#4212=ORIENTED_EDGE('',*,*,#3183,.T.);
#4213=ORIENTED_EDGE('',*,*,#3185,.F.);
#4214=ORIENTED_EDGE('',*,*,#3186,.F.);
#4215=ORIENTED_EDGE('',*,*,#3187,.T.);
#4216=ORIENTED_EDGE('',*,*,#3186,.T.);
#4217=ORIENTED_EDGE('',*,*,#3188,.F.);
#4218=ORIENTED_EDGE('',*,*,#3189,.F.);
#4219=ORIENTED_EDGE('',*,*,#3190,.T.);
#4220=ORIENTED_EDGE('',*,*,#3189,.T.);
#4221=ORIENTED_EDGE('',*,*,#3191,.F.);
#4222=ORIENTED_EDGE('',*,*,#3192,.F.);
#4223=ORIENTED_EDGE('',*,*,#3193,.T.);
#4224=ORIENTED_EDGE('',*,*,#3192,.T.);
#4225=ORIENTED_EDGE('',*,*,#3194,.F.);
#4226=ORIENTED_EDGE('',*,*,#3195,.F.);
#4227=ORIENTED_EDGE('',*,*,#3196,.T.);
#4228=ORIENTED_EDGE('',*,*,#3195,.T.);
#4229=ORIENTED_EDGE('',*,*,#3197,.F.);
#4230=ORIENTED_EDGE('',*,*,#3198,.F.);
#4231=ORIENTED_EDGE('',*,*,#3199,.T.);
#4232=ORIENTED_EDGE('',*,*,#3198,.T.);
#4233=ORIENTED_EDGE('',*,*,#3200,.F.);
#4234=ORIENTED_EDGE('',*,*,#3201,.F.);
#4235=ORIENTED_EDGE('',*,*,#3202,.T.);
#4236=ORIENTED_EDGE('',*,*,#3201,.T.);
#4237=ORIENTED_EDGE('',*,*,#3203,.F.);
#4238=ORIENTED_EDGE('',*,*,#3204,.F.);
#4239=ORIENTED_EDGE('',*,*,#3205,.T.);
#4240=ORIENTED_EDGE('',*,*,#3204,.T.);
#4241=ORIENTED_EDGE('',*,*,#3206,.F.);
#4242=ORIENTED_EDGE('',*,*,#3207,.F.);
#4243=ORIENTED_EDGE('',*,*,#3208,.T.);
#4244=ORIENTED_EDGE('',*,*,#3207,.T.);
#4245=ORIENTED_EDGE('',*,*,#3209,.F.);
#4246=ORIENTED_EDGE('',*,*,#3210,.F.);
#4247=ORIENTED_EDGE('',*,*,#3211,.T.);
#4248=ORIENTED_EDGE('',*,*,#3210,.T.);
#4249=ORIENTED_EDGE('',*,*,#3212,.F.);
#4250=ORIENTED_EDGE('',*,*,#3213,.F.);
#4251=ORIENTED_EDGE('',*,*,#3214,.T.);
#4252=ORIENTED_EDGE('',*,*,#3213,.T.);
#4253=ORIENTED_EDGE('',*,*,#3215,.F.);
#4254=ORIENTED_EDGE('',*,*,#3216,.F.);
#4255=ORIENTED_EDGE('',*,*,#3217,.T.);
#4256=ORIENTED_EDGE('',*,*,#3216,.T.);
#4257=ORIENTED_EDGE('',*,*,#3218,.F.);
#4258=ORIENTED_EDGE('',*,*,#3219,.F.);
#4259=ORIENTED_EDGE('',*,*,#3220,.T.);
#4260=ORIENTED_EDGE('',*,*,#3219,.T.);
#4261=ORIENTED_EDGE('',*,*,#3221,.F.);
#4262=ORIENTED_EDGE('',*,*,#3222,.F.);
#4263=ORIENTED_EDGE('',*,*,#3223,.T.);
#4264=ORIENTED_EDGE('',*,*,#3222,.T.);
#4265=ORIENTED_EDGE('',*,*,#3224,.F.);
#4266=ORIENTED_EDGE('',*,*,#3225,.F.);
#4267=ORIENTED_EDGE('',*,*,#3226,.T.);
#4268=ORIENTED_EDGE('',*,*,#3225,.T.);
#4269=ORIENTED_EDGE('',*,*,#3227,.F.);
#4270=ORIENTED_EDGE('',*,*,#3228,.F.);
#4271=ORIENTED_EDGE('',*,*,#3229,.T.);
#4272=ORIENTED_EDGE('',*,*,#3228,.T.);
#4273=ORIENTED_EDGE('',*,*,#3230,.F.);
#4274=ORIENTED_EDGE('',*,*,#3231,.F.);
#4275=ORIENTED_EDGE('',*,*,#3232,.T.);
#4276=ORIENTED_EDGE('',*,*,#3231,.T.);
#4277=ORIENTED_EDGE('',*,*,#3233,.F.);
#4278=ORIENTED_EDGE('',*,*,#3234,.F.);
#4279=ORIENTED_EDGE('',*,*,#3235,.T.);
#4280=ORIENTED_EDGE('',*,*,#3234,.T.);
#4281=ORIENTED_EDGE('',*,*,#3236,.F.);
#4282=ORIENTED_EDGE('',*,*,#3237,.F.);
#4283=ORIENTED_EDGE('',*,*,#3238,.T.);
#4284=ORIENTED_EDGE('',*,*,#3237,.T.);
#4285=ORIENTED_EDGE('',*,*,#3239,.F.);
#4286=ORIENTED_EDGE('',*,*,#3240,.F.);
#4287=ORIENTED_EDGE('',*,*,#3241,.T.);
#4288=ORIENTED_EDGE('',*,*,#3240,.T.);
#4289=ORIENTED_EDGE('',*,*,#3242,.F.);
#4290=ORIENTED_EDGE('',*,*,#3243,.F.);
#4291=ORIENTED_EDGE('',*,*,#3244,.T.);
#4292=ORIENTED_EDGE('',*,*,#3243,.T.);
#4293=ORIENTED_EDGE('',*,*,#3245,.F.);
#4294=ORIENTED_EDGE('',*,*,#3246,.F.);
#4295=ORIENTED_EDGE('',*,*,#3247,.T.);
#4296=ORIENTED_EDGE('',*,*,#3246,.T.);
#4297=ORIENTED_EDGE('',*,*,#3248,.F.);
#4298=ORIENTED_EDGE('',*,*,#3249,.F.);
#4299=ORIENTED_EDGE('',*,*,#3250,.T.);
#4300=ORIENTED_EDGE('',*,*,#3249,.T.);
#4301=ORIENTED_EDGE('',*,*,#3251,.F.);
#4302=ORIENTED_EDGE('',*,*,#3252,.F.);
#4303=ORIENTED_EDGE('',*,*,#3253,.T.);
#4304=ORIENTED_EDGE('',*,*,#3252,.T.);
#4305=ORIENTED_EDGE('',*,*,#3254,.F.);
#4306=ORIENTED_EDGE('',*,*,#3255,.F.);
#4307=ORIENTED_EDGE('',*,*,#3256,.T.);
#4308=ORIENTED_EDGE('',*,*,#3255,.T.);
#4309=ORIENTED_EDGE('',*,*,#3257,.F.);
#4310=ORIENTED_EDGE('',*,*,#3258,.F.);
#4311=ORIENTED_EDGE('',*,*,#3259,.T.);
#4312=ORIENTED_EDGE('',*,*,#3258,.T.);
#4313=ORIENTED_EDGE('',*,*,#3260,.F.);
#4314=ORIENTED_EDGE('',*,*,#3261,.F.);
#4315=ORIENTED_EDGE('',*,*,#3262,.T.);
#4316=ORIENTED_EDGE('',*,*,#3261,.T.);
#4317=ORIENTED_EDGE('',*,*,#3263,.F.);
#4318=ORIENTED_EDGE('',*,*,#3264,.F.);
#4319=ORIENTED_EDGE('',*,*,#3265,.T.);
#4320=ORIENTED_EDGE('',*,*,#3264,.T.);
#4321=ORIENTED_EDGE('',*,*,#3266,.F.);
#4322=ORIENTED_EDGE('',*,*,#3267,.F.);
#4323=ORIENTED_EDGE('',*,*,#3268,.T.);
#4324=ORIENTED_EDGE('',*,*,#3267,.T.);
#4325=ORIENTED_EDGE('',*,*,#3269,.F.);
#4326=ORIENTED_EDGE('',*,*,#3270,.F.);
#4327=ORIENTED_EDGE('',*,*,#3271,.T.);
#4328=ORIENTED_EDGE('',*,*,#3270,.T.);
#4329=ORIENTED_EDGE('',*,*,#3272,.F.);
#4330=ORIENTED_EDGE('',*,*,#3273,.F.);
#4331=ORIENTED_EDGE('',*,*,#3274,.T.);
#4332=ORIENTED_EDGE('',*,*,#3273,.T.);
#4333=ORIENTED_EDGE('',*,*,#3275,.F.);
#4334=ORIENTED_EDGE('',*,*,#3276,.F.);
#4335=ORIENTED_EDGE('',*,*,#3277,.T.);
#4336=ORIENTED_EDGE('',*,*,#3276,.T.);
#4337=ORIENTED_EDGE('',*,*,#3278,.F.);
#4338=ORIENTED_EDGE('',*,*,#3279,.F.);
#4339=ORIENTED_EDGE('',*,*,#3280,.T.);
#4340=ORIENTED_EDGE('',*,*,#3279,.T.);
#4341=ORIENTED_EDGE('',*,*,#3281,.F.);
#4342=ORIENTED_EDGE('',*,*,#3282,.F.);
#4343=ORIENTED_EDGE('',*,*,#3283,.T.);
#4344=ORIENTED_EDGE('',*,*,#3282,.T.);
#4345=ORIENTED_EDGE('',*,*,#3284,.F.);
#4346=ORIENTED_EDGE('',*,*,#3285,.F.);
#4347=ORIENTED_EDGE('',*,*,#3286,.T.);
#4348=ORIENTED_EDGE('',*,*,#3285,.T.);
#4349=ORIENTED_EDGE('',*,*,#3287,.F.);
#4350=ORIENTED_EDGE('',*,*,#3288,.F.);
#4351=ORIENTED_EDGE('',*,*,#3289,.T.);
#4352=ORIENTED_EDGE('',*,*,#3288,.T.);
#4353=ORIENTED_EDGE('',*,*,#3290,.F.);
#4354=ORIENTED_EDGE('',*,*,#3291,.F.);
#4355=ORIENTED_EDGE('',*,*,#3292,.T.);
#4356=ORIENTED_EDGE('',*,*,#3291,.T.);
#4357=ORIENTED_EDGE('',*,*,#3293,.F.);
#4358=ORIENTED_EDGE('',*,*,#3294,.F.);
#4359=ORIENTED_EDGE('',*,*,#3295,.T.);
#4360=ORIENTED_EDGE('',*,*,#3294,.T.);
#4361=ORIENTED_EDGE('',*,*,#3296,.F.);
#4362=ORIENTED_EDGE('',*,*,#3297,.F.);
#4363=ORIENTED_EDGE('',*,*,#3298,.T.);
#4364=ORIENTED_EDGE('',*,*,#3297,.T.);
#4365=ORIENTED_EDGE('',*,*,#3299,.F.);
#4366=ORIENTED_EDGE('',*,*,#3300,.F.);
#4367=ORIENTED_EDGE('',*,*,#3301,.T.);
#4368=ORIENTED_EDGE('',*,*,#3300,.T.);
#4369=ORIENTED_EDGE('',*,*,#3302,.F.);
#4370=ORIENTED_EDGE('',*,*,#3303,.F.);
#4371=ORIENTED_EDGE('',*,*,#3304,.T.);
#4372=ORIENTED_EDGE('',*,*,#3303,.T.);
#4373=ORIENTED_EDGE('',*,*,#3305,.F.);
#4374=ORIENTED_EDGE('',*,*,#3306,.F.);
#4375=ORIENTED_EDGE('',*,*,#3307,.T.);
#4376=ORIENTED_EDGE('',*,*,#3306,.T.);
#4377=ORIENTED_EDGE('',*,*,#3308,.F.);
#4378=ORIENTED_EDGE('',*,*,#3309,.F.);
#4379=ORIENTED_EDGE('',*,*,#3310,.T.);
#4380=ORIENTED_EDGE('',*,*,#3309,.T.);
#4381=ORIENTED_EDGE('',*,*,#3311,.F.);
#4382=ORIENTED_EDGE('',*,*,#3312,.F.);
#4383=ORIENTED_EDGE('',*,*,#3313,.T.);
#4384=ORIENTED_EDGE('',*,*,#3312,.T.);
#4385=ORIENTED_EDGE('',*,*,#3314,.F.);
#4386=ORIENTED_EDGE('',*,*,#3315,.F.);
#4387=ORIENTED_EDGE('',*,*,#3316,.T.);
#4388=ORIENTED_EDGE('',*,*,#3315,.T.);
#4389=ORIENTED_EDGE('',*,*,#3317,.F.);
#4390=ORIENTED_EDGE('',*,*,#3318,.F.);
#4391=ORIENTED_EDGE('',*,*,#3319,.T.);
#4392=ORIENTED_EDGE('',*,*,#3318,.T.);
#4393=ORIENTED_EDGE('',*,*,#3320,.F.);
#4394=ORIENTED_EDGE('',*,*,#3321,.F.);
#4395=ORIENTED_EDGE('',*,*,#3322,.T.);
#4396=ORIENTED_EDGE('',*,*,#3321,.T.);
#4397=ORIENTED_EDGE('',*,*,#3323,.F.);
#4398=ORIENTED_EDGE('',*,*,#3324,.F.);
#4399=ORIENTED_EDGE('',*,*,#3325,.T.);
#4400=ORIENTED_EDGE('',*,*,#3324,.T.);
#4401=ORIENTED_EDGE('',*,*,#3326,.F.);
#4402=ORIENTED_EDGE('',*,*,#3327,.F.);
#4403=ORIENTED_EDGE('',*,*,#3328,.T.);
#4404=ORIENTED_EDGE('',*,*,#3327,.T.);
#4405=ORIENTED_EDGE('',*,*,#3329,.F.);
#4406=ORIENTED_EDGE('',*,*,#3330,.F.);
#4407=ORIENTED_EDGE('',*,*,#3331,.T.);
#4408=ORIENTED_EDGE('',*,*,#3330,.T.);
#4409=ORIENTED_EDGE('',*,*,#3332,.F.);
#4410=ORIENTED_EDGE('',*,*,#3333,.F.);
#4411=ORIENTED_EDGE('',*,*,#3334,.T.);
#4412=ORIENTED_EDGE('',*,*,#3333,.T.);
#4413=ORIENTED_EDGE('',*,*,#3335,.F.);
#4414=ORIENTED_EDGE('',*,*,#3336,.F.);
#4415=ORIENTED_EDGE('',*,*,#3337,.T.);
#4416=ORIENTED_EDGE('',*,*,#3336,.T.);
#4417=ORIENTED_EDGE('',*,*,#3338,.F.);
#4418=ORIENTED_EDGE('',*,*,#3339,.F.);
#4419=ORIENTED_EDGE('',*,*,#3340,.T.);
#4420=ORIENTED_EDGE('',*,*,#3339,.T.);
#4421=ORIENTED_EDGE('',*,*,#3341,.F.);
#4422=ORIENTED_EDGE('',*,*,#3342,.F.);
#4423=ORIENTED_EDGE('',*,*,#3343,.T.);
#4424=ORIENTED_EDGE('',*,*,#3342,.T.);
#4425=ORIENTED_EDGE('',*,*,#3344,.F.);
#4426=ORIENTED_EDGE('',*,*,#3345,.F.);
#4427=ORIENTED_EDGE('',*,*,#3346,.T.);
#4428=ORIENTED_EDGE('',*,*,#3345,.T.);
#4429=ORIENTED_EDGE('',*,*,#3347,.F.);
#4430=ORIENTED_EDGE('',*,*,#3348,.F.);
#4431=ORIENTED_EDGE('',*,*,#3349,.T.);
#4432=ORIENTED_EDGE('',*,*,#3348,.T.);
#4433=ORIENTED_EDGE('',*,*,#3350,.F.);
#4434=ORIENTED_EDGE('',*,*,#3351,.F.);
#4435=ORIENTED_EDGE('',*,*,#3352,.T.);
#4436=ORIENTED_EDGE('',*,*,#3351,.T.);
#4437=ORIENTED_EDGE('',*,*,#3353,.F.);
#4438=ORIENTED_EDGE('',*,*,#3354,.F.);
#4439=ORIENTED_EDGE('',*,*,#3355,.T.);
#4440=ORIENTED_EDGE('',*,*,#3354,.T.);
#4441=ORIENTED_EDGE('',*,*,#3356,.F.);
#4442=ORIENTED_EDGE('',*,*,#3357,.F.);
#4443=ORIENTED_EDGE('',*,*,#3358,.T.);
#4444=ORIENTED_EDGE('',*,*,#3357,.T.);
#4445=ORIENTED_EDGE('',*,*,#3359,.F.);
#4446=ORIENTED_EDGE('',*,*,#3360,.F.);
#4447=ORIENTED_EDGE('',*,*,#3361,.T.);
#4448=ORIENTED_EDGE('',*,*,#3360,.T.);
#4449=ORIENTED_EDGE('',*,*,#3362,.F.);
#4450=ORIENTED_EDGE('',*,*,#3363,.F.);
#4451=ORIENTED_EDGE('',*,*,#3364,.T.);
#4452=ORIENTED_EDGE('',*,*,#3363,.T.);
#4453=ORIENTED_EDGE('',*,*,#3365,.F.);
#4454=ORIENTED_EDGE('',*,*,#3366,.F.);
#4455=ORIENTED_EDGE('',*,*,#3367,.T.);
#4456=ORIENTED_EDGE('',*,*,#3366,.T.);
#4457=ORIENTED_EDGE('',*,*,#3368,.F.);
#4458=ORIENTED_EDGE('',*,*,#3369,.F.);
#4459=ORIENTED_EDGE('',*,*,#3370,.T.);
#4460=ORIENTED_EDGE('',*,*,#3369,.T.);
#4461=ORIENTED_EDGE('',*,*,#3371,.F.);
#4462=ORIENTED_EDGE('',*,*,#3372,.F.);
#4463=ORIENTED_EDGE('',*,*,#3373,.T.);
#4464=ORIENTED_EDGE('',*,*,#3372,.T.);
#4465=ORIENTED_EDGE('',*,*,#3374,.F.);
#4466=ORIENTED_EDGE('',*,*,#3375,.F.);
#4467=ORIENTED_EDGE('',*,*,#3376,.T.);
#4468=ORIENTED_EDGE('',*,*,#3375,.T.);
#4469=ORIENTED_EDGE('',*,*,#3377,.F.);
#4470=ORIENTED_EDGE('',*,*,#3378,.F.);
#4471=ORIENTED_EDGE('',*,*,#3379,.T.);
#4472=ORIENTED_EDGE('',*,*,#3378,.T.);
#4473=ORIENTED_EDGE('',*,*,#3380,.F.);
#4474=ORIENTED_EDGE('',*,*,#3381,.F.);
#4475=ORIENTED_EDGE('',*,*,#3382,.T.);
#4476=ORIENTED_EDGE('',*,*,#3381,.T.);
#4477=ORIENTED_EDGE('',*,*,#3383,.F.);
#4478=ORIENTED_EDGE('',*,*,#3384,.F.);
#4479=ORIENTED_EDGE('',*,*,#3385,.T.);
#4480=ORIENTED_EDGE('',*,*,#3384,.T.);
#4481=ORIENTED_EDGE('',*,*,#3386,.F.);
#4482=ORIENTED_EDGE('',*,*,#3387,.F.);
#4483=ORIENTED_EDGE('',*,*,#3388,.T.);
#4484=ORIENTED_EDGE('',*,*,#3387,.T.);
#4485=ORIENTED_EDGE('',*,*,#3389,.F.);
#4486=ORIENTED_EDGE('',*,*,#3390,.F.);
#4487=ORIENTED_EDGE('',*,*,#3391,.T.);
#4488=ORIENTED_EDGE('',*,*,#3390,.T.);
#4489=ORIENTED_EDGE('',*,*,#3392,.F.);
#4490=ORIENTED_EDGE('',*,*,#3393,.F.);
#4491=ORIENTED_EDGE('',*,*,#3394,.T.);
#4492=ORIENTED_EDGE('',*,*,#3393,.T.);
#4493=ORIENTED_EDGE('',*,*,#3395,.F.);
#4494=ORIENTED_EDGE('',*,*,#3396,.F.);
#4495=ORIENTED_EDGE('',*,*,#3397,.T.);
#4496=ORIENTED_EDGE('',*,*,#3396,.T.);
#4497=ORIENTED_EDGE('',*,*,#3398,.F.);
#4498=ORIENTED_EDGE('',*,*,#3399,.F.);
#4499=ORIENTED_EDGE('',*,*,#3400,.T.);
#4500=ORIENTED_EDGE('',*,*,#3399,.T.);
#4501=ORIENTED_EDGE('',*,*,#3401,.F.);
#4502=ORIENTED_EDGE('',*,*,#3402,.F.);
#4503=ORIENTED_EDGE('',*,*,#3403,.T.);
#4504=ORIENTED_EDGE('',*,*,#3402,.T.);
#4505=ORIENTED_EDGE('',*,*,#3404,.F.);
#4506=ORIENTED_EDGE('',*,*,#3405,.F.);
#4507=ORIENTED_EDGE('',*,*,#3406,.T.);
#4508=ORIENTED_EDGE('',*,*,#3405,.T.);
#4509=ORIENTED_EDGE('',*,*,#3407,.F.);
#4510=ORIENTED_EDGE('',*,*,#3034,.F.);
#4511=ORIENTED_EDGE('',*,*,#3408,.F.);
#4512=ORIENTED_EDGE('',*,*,#3409,.T.);
#4513=ORIENTED_EDGE('',*,*,#3410,.T.);
#4514=ORIENTED_EDGE('',*,*,#3409,.F.);
#4515=ORIENTED_EDGE('',*,*,#3408,.T.);
#4516=ORIENTED_EDGE('',*,*,#3407,.T.);
#4517=ORIENTED_EDGE('',*,*,#3404,.T.);
#4518=ORIENTED_EDGE('',*,*,#3401,.T.);
#4519=ORIENTED_EDGE('',*,*,#3398,.T.);
#4520=ORIENTED_EDGE('',*,*,#3395,.T.);
#4521=ORIENTED_EDGE('',*,*,#3392,.T.);
#4522=ORIENTED_EDGE('',*,*,#3389,.T.);
#4523=ORIENTED_EDGE('',*,*,#3386,.T.);
#4524=ORIENTED_EDGE('',*,*,#3383,.T.);
#4525=ORIENTED_EDGE('',*,*,#3380,.T.);
#4526=ORIENTED_EDGE('',*,*,#3377,.T.);
#4527=ORIENTED_EDGE('',*,*,#3374,.T.);
#4528=ORIENTED_EDGE('',*,*,#3371,.T.);
#4529=ORIENTED_EDGE('',*,*,#3368,.T.);
#4530=ORIENTED_EDGE('',*,*,#3365,.T.);
#4531=ORIENTED_EDGE('',*,*,#3362,.T.);
#4532=ORIENTED_EDGE('',*,*,#3359,.T.);
#4533=ORIENTED_EDGE('',*,*,#3356,.T.);
#4534=ORIENTED_EDGE('',*,*,#3353,.T.);
#4535=ORIENTED_EDGE('',*,*,#3350,.T.);
#4536=ORIENTED_EDGE('',*,*,#3347,.T.);
#4537=ORIENTED_EDGE('',*,*,#3344,.T.);
#4538=ORIENTED_EDGE('',*,*,#3341,.T.);
#4539=ORIENTED_EDGE('',*,*,#3338,.T.);
#4540=ORIENTED_EDGE('',*,*,#3335,.T.);
#4541=ORIENTED_EDGE('',*,*,#3332,.T.);
#4542=ORIENTED_EDGE('',*,*,#3329,.T.);
#4543=ORIENTED_EDGE('',*,*,#3326,.T.);
#4544=ORIENTED_EDGE('',*,*,#3323,.T.);
#4545=ORIENTED_EDGE('',*,*,#3320,.T.);
#4546=ORIENTED_EDGE('',*,*,#3317,.T.);
#4547=ORIENTED_EDGE('',*,*,#3314,.T.);
#4548=ORIENTED_EDGE('',*,*,#3311,.T.);
#4549=ORIENTED_EDGE('',*,*,#3308,.T.);
#4550=ORIENTED_EDGE('',*,*,#3305,.T.);
#4551=ORIENTED_EDGE('',*,*,#3302,.T.);
#4552=ORIENTED_EDGE('',*,*,#3299,.T.);
#4553=ORIENTED_EDGE('',*,*,#3296,.T.);
#4554=ORIENTED_EDGE('',*,*,#3293,.T.);
#4555=ORIENTED_EDGE('',*,*,#3290,.T.);
#4556=ORIENTED_EDGE('',*,*,#3287,.T.);
#4557=ORIENTED_EDGE('',*,*,#3284,.T.);
#4558=ORIENTED_EDGE('',*,*,#3281,.T.);
#4559=ORIENTED_EDGE('',*,*,#3278,.T.);
#4560=ORIENTED_EDGE('',*,*,#3275,.T.);
#4561=ORIENTED_EDGE('',*,*,#3272,.T.);
#4562=ORIENTED_EDGE('',*,*,#3269,.T.);
#4563=ORIENTED_EDGE('',*,*,#3266,.T.);
#4564=ORIENTED_EDGE('',*,*,#3263,.T.);
#4565=ORIENTED_EDGE('',*,*,#3260,.T.);
#4566=ORIENTED_EDGE('',*,*,#3257,.T.);
#4567=ORIENTED_EDGE('',*,*,#3254,.T.);
#4568=ORIENTED_EDGE('',*,*,#3251,.T.);
#4569=ORIENTED_EDGE('',*,*,#3248,.T.);
#4570=ORIENTED_EDGE('',*,*,#3245,.T.);
#4571=ORIENTED_EDGE('',*,*,#3242,.T.);
#4572=ORIENTED_EDGE('',*,*,#3239,.T.);
#4573=ORIENTED_EDGE('',*,*,#3236,.T.);
#4574=ORIENTED_EDGE('',*,*,#3233,.T.);
#4575=ORIENTED_EDGE('',*,*,#3230,.T.);
#4576=ORIENTED_EDGE('',*,*,#3227,.T.);
#4577=ORIENTED_EDGE('',*,*,#3224,.T.);
#4578=ORIENTED_EDGE('',*,*,#3221,.T.);
#4579=ORIENTED_EDGE('',*,*,#3218,.T.);
#4580=ORIENTED_EDGE('',*,*,#3215,.T.);
#4581=ORIENTED_EDGE('',*,*,#3212,.T.);
#4582=ORIENTED_EDGE('',*,*,#3209,.T.);
#4583=ORIENTED_EDGE('',*,*,#3206,.T.);
#4584=ORIENTED_EDGE('',*,*,#3203,.T.);
#4585=ORIENTED_EDGE('',*,*,#3200,.T.);
#4586=ORIENTED_EDGE('',*,*,#3197,.T.);
#4587=ORIENTED_EDGE('',*,*,#3194,.T.);
#4588=ORIENTED_EDGE('',*,*,#3191,.T.);
#4589=ORIENTED_EDGE('',*,*,#3188,.T.);
#4590=ORIENTED_EDGE('',*,*,#3185,.T.);
#4591=ORIENTED_EDGE('',*,*,#3182,.T.);
#4592=ORIENTED_EDGE('',*,*,#3179,.T.);
#4593=ORIENTED_EDGE('',*,*,#3176,.T.);
#4594=ORIENTED_EDGE('',*,*,#3173,.T.);
#4595=ORIENTED_EDGE('',*,*,#3170,.T.);
#4596=ORIENTED_EDGE('',*,*,#3167,.T.);
#4597=ORIENTED_EDGE('',*,*,#3164,.T.);
#4598=ORIENTED_EDGE('',*,*,#3161,.T.);
#4599=ORIENTED_EDGE('',*,*,#3158,.T.);
#4600=ORIENTED_EDGE('',*,*,#3155,.T.);
#4601=ORIENTED_EDGE('',*,*,#3152,.T.);
#4602=ORIENTED_EDGE('',*,*,#3149,.T.);
#4603=ORIENTED_EDGE('',*,*,#3146,.T.);
#4604=ORIENTED_EDGE('',*,*,#3143,.T.);
#4605=ORIENTED_EDGE('',*,*,#3140,.T.);
#4606=ORIENTED_EDGE('',*,*,#3137,.T.);
#4607=ORIENTED_EDGE('',*,*,#3134,.T.);
#4608=ORIENTED_EDGE('',*,*,#3131,.T.);
#4609=ORIENTED_EDGE('',*,*,#3128,.T.);
#4610=ORIENTED_EDGE('',*,*,#3125,.T.);
#4611=ORIENTED_EDGE('',*,*,#3122,.T.);
#4612=ORIENTED_EDGE('',*,*,#3119,.T.);
#4613=ORIENTED_EDGE('',*,*,#3116,.T.);
#4614=ORIENTED_EDGE('',*,*,#3113,.T.);
#4615=ORIENTED_EDGE('',*,*,#3110,.T.);
#4616=ORIENTED_EDGE('',*,*,#3107,.T.);
#4617=ORIENTED_EDGE('',*,*,#3104,.T.);
#4618=ORIENTED_EDGE('',*,*,#3101,.T.);
#4619=ORIENTED_EDGE('',*,*,#3098,.T.);
#4620=ORIENTED_EDGE('',*,*,#3095,.T.);
#4621=ORIENTED_EDGE('',*,*,#3092,.T.);
#4622=ORIENTED_EDGE('',*,*,#3089,.T.);
#4623=ORIENTED_EDGE('',*,*,#3086,.T.);
#4624=ORIENTED_EDGE('',*,*,#3083,.T.);
#4625=ORIENTED_EDGE('',*,*,#3080,.T.);
#4626=ORIENTED_EDGE('',*,*,#3077,.T.);
#4627=ORIENTED_EDGE('',*,*,#3074,.T.);
#4628=ORIENTED_EDGE('',*,*,#3071,.T.);
#4629=ORIENTED_EDGE('',*,*,#3068,.T.);
#4630=ORIENTED_EDGE('',*,*,#3065,.T.);
#4631=ORIENTED_EDGE('',*,*,#3062,.T.);
#4632=ORIENTED_EDGE('',*,*,#3059,.T.);
#4633=ORIENTED_EDGE('',*,*,#3056,.T.);
#4634=ORIENTED_EDGE('',*,*,#3053,.T.);
#4635=ORIENTED_EDGE('',*,*,#3050,.T.);
#4636=ORIENTED_EDGE('',*,*,#3047,.T.);
#4637=ORIENTED_EDGE('',*,*,#3044,.T.);
#4638=ORIENTED_EDGE('',*,*,#3041,.T.);
#4639=ORIENTED_EDGE('',*,*,#3038,.T.);
#4640=ORIENTED_EDGE('',*,*,#3035,.T.);
#4641=ORIENTED_EDGE('',*,*,#3410,.F.);
#4642=ORIENTED_EDGE('',*,*,#3406,.F.);
#4643=ORIENTED_EDGE('',*,*,#3033,.F.);
#4644=ORIENTED_EDGE('',*,*,#3037,.F.);
#4645=ORIENTED_EDGE('',*,*,#3040,.F.);
#4646=ORIENTED_EDGE('',*,*,#3043,.F.);
#4647=ORIENTED_EDGE('',*,*,#3046,.F.);
#4648=ORIENTED_EDGE('',*,*,#3049,.F.);
#4649=ORIENTED_EDGE('',*,*,#3052,.F.);
#4650=ORIENTED_EDGE('',*,*,#3055,.F.);
#4651=ORIENTED_EDGE('',*,*,#3058,.F.);
#4652=ORIENTED_EDGE('',*,*,#3061,.F.);
#4653=ORIENTED_EDGE('',*,*,#3064,.F.);
#4654=ORIENTED_EDGE('',*,*,#3067,.F.);
#4655=ORIENTED_EDGE('',*,*,#3070,.F.);
#4656=ORIENTED_EDGE('',*,*,#3073,.F.);
#4657=ORIENTED_EDGE('',*,*,#3076,.F.);
#4658=ORIENTED_EDGE('',*,*,#3079,.F.);
#4659=ORIENTED_EDGE('',*,*,#3082,.F.);
#4660=ORIENTED_EDGE('',*,*,#3085,.F.);
#4661=ORIENTED_EDGE('',*,*,#3088,.F.);
#4662=ORIENTED_EDGE('',*,*,#3091,.F.);
#4663=ORIENTED_EDGE('',*,*,#3094,.F.);
#4664=ORIENTED_EDGE('',*,*,#3097,.F.);
#4665=ORIENTED_EDGE('',*,*,#3100,.F.);
#4666=ORIENTED_EDGE('',*,*,#3103,.F.);
#4667=ORIENTED_EDGE('',*,*,#3106,.F.);
#4668=ORIENTED_EDGE('',*,*,#3109,.F.);
#4669=ORIENTED_EDGE('',*,*,#3112,.F.);
#4670=ORIENTED_EDGE('',*,*,#3115,.F.);
#4671=ORIENTED_EDGE('',*,*,#3118,.F.);
#4672=ORIENTED_EDGE('',*,*,#3121,.F.);
#4673=ORIENTED_EDGE('',*,*,#3124,.F.);
#4674=ORIENTED_EDGE('',*,*,#3127,.F.);
#4675=ORIENTED_EDGE('',*,*,#3130,.F.);
#4676=ORIENTED_EDGE('',*,*,#3133,.F.);
#4677=ORIENTED_EDGE('',*,*,#3136,.F.);
#4678=ORIENTED_EDGE('',*,*,#3139,.F.);
#4679=ORIENTED_EDGE('',*,*,#3142,.F.);
#4680=ORIENTED_EDGE('',*,*,#3145,.F.);
#4681=ORIENTED_EDGE('',*,*,#3148,.F.);
#4682=ORIENTED_EDGE('',*,*,#3151,.F.);
#4683=ORIENTED_EDGE('',*,*,#3154,.F.);
#4684=ORIENTED_EDGE('',*,*,#3157,.F.);
#4685=ORIENTED_EDGE('',*,*,#3160,.F.);
#4686=ORIENTED_EDGE('',*,*,#3163,.F.);
#4687=ORIENTED_EDGE('',*,*,#3166,.F.);
#4688=ORIENTED_EDGE('',*,*,#3169,.F.);
#4689=ORIENTED_EDGE('',*,*,#3172,.F.);
#4690=ORIENTED_EDGE('',*,*,#3175,.F.);
#4691=ORIENTED_EDGE('',*,*,#3178,.F.);
#4692=ORIENTED_EDGE('',*,*,#3181,.F.);
#4693=ORIENTED_EDGE('',*,*,#3184,.F.);
#4694=ORIENTED_EDGE('',*,*,#3187,.F.);
#4695=ORIENTED_EDGE('',*,*,#3190,.F.);
#4696=ORIENTED_EDGE('',*,*,#3193,.F.);
#4697=ORIENTED_EDGE('',*,*,#3196,.F.);
#4698=ORIENTED_EDGE('',*,*,#3199,.F.);
#4699=ORIENTED_EDGE('',*,*,#3202,.F.);
#4700=ORIENTED_EDGE('',*,*,#3205,.F.);
#4701=ORIENTED_EDGE('',*,*,#3208,.F.);
#4702=ORIENTED_EDGE('',*,*,#3211,.F.);
#4703=ORIENTED_EDGE('',*,*,#3214,.F.);
#4704=ORIENTED_EDGE('',*,*,#3217,.F.);
#4705=ORIENTED_EDGE('',*,*,#3220,.F.);
#4706=ORIENTED_EDGE('',*,*,#3223,.F.);
#4707=ORIENTED_EDGE('',*,*,#3226,.F.);
#4708=ORIENTED_EDGE('',*,*,#3229,.F.);
#4709=ORIENTED_EDGE('',*,*,#3232,.F.);
#4710=ORIENTED_EDGE('',*,*,#3235,.F.);
#4711=ORIENTED_EDGE('',*,*,#3238,.F.);
#4712=ORIENTED_EDGE('',*,*,#3241,.F.);
#4713=ORIENTED_EDGE('',*,*,#3244,.F.);
#4714=ORIENTED_EDGE('',*,*,#3247,.F.);
#4715=ORIENTED_EDGE('',*,*,#3250,.F.);
#4716=ORIENTED_EDGE('',*,*,#3253,.F.);
#4717=ORIENTED_EDGE('',*,*,#3256,.F.);
#4718=ORIENTED_EDGE('',*,*,#3259,.F.);
#4719=ORIENTED_EDGE('',*,*,#3262,.F.);
#4720=ORIENTED_EDGE('',*,*,#3265,.F.);
#4721=ORIENTED_EDGE('',*,*,#3268,.F.);
#4722=ORIENTED_EDGE('',*,*,#3271,.F.);
#4723=ORIENTED_EDGE('',*,*,#3274,.F.);
#4724=ORIENTED_EDGE('',*,*,#3277,.F.);
#4725=ORIENTED_EDGE('',*,*,#3280,.F.);
#4726=ORIENTED_EDGE('',*,*,#3283,.F.);
#4727=ORIENTED_EDGE('',*,*,#3286,.F.);
#4728=ORIENTED_EDGE('',*,*,#3289,.F.);
#4729=ORIENTED_EDGE('',*,*,#3292,.F.);
#4730=ORIENTED_EDGE('',*,*,#3295,.F.);
#4731=ORIENTED_EDGE('',*,*,#3298,.F.);
#4732=ORIENTED_EDGE('',*,*,#3301,.F.);
#4733=ORIENTED_EDGE('',*,*,#3304,.F.);
#4734=ORIENTED_EDGE('',*,*,#3307,.F.);
#4735=ORIENTED_EDGE('',*,*,#3310,.F.);
#4736=ORIENTED_EDGE('',*,*,#3313,.F.);
#4737=ORIENTED_EDGE('',*,*,#3316,.F.);
#4738=ORIENTED_EDGE('',*,*,#3319,.F.);
#4739=ORIENTED_EDGE('',*,*,#3322,.F.);
#4740=ORIENTED_EDGE('',*,*,#3325,.F.);
#4741=ORIENTED_EDGE('',*,*,#3328,.F.);
#4742=ORIENTED_EDGE('',*,*,#3331,.F.);
#4743=ORIENTED_EDGE('',*,*,#3334,.F.);
#4744=ORIENTED_EDGE('',*,*,#3337,.F.);
#4745=ORIENTED_EDGE('',*,*,#3340,.F.);
#4746=ORIENTED_EDGE('',*,*,#3343,.F.);
#4747=ORIENTED_EDGE('',*,*,#3346,.F.);
#4748=ORIENTED_EDGE('',*,*,#3349,.F.);
#4749=ORIENTED_EDGE('',*,*,#3352,.F.);
#4750=ORIENTED_EDGE('',*,*,#3355,.F.);
#4751=ORIENTED_EDGE('',*,*,#3358,.F.);
#4752=ORIENTED_EDGE('',*,*,#3361,.F.);
#4753=ORIENTED_EDGE('',*,*,#3364,.F.);
#4754=ORIENTED_EDGE('',*,*,#3367,.F.);
#4755=ORIENTED_EDGE('',*,*,#3370,.F.);
#4756=ORIENTED_EDGE('',*,*,#3373,.F.);
#4757=ORIENTED_EDGE('',*,*,#3376,.F.);
#4758=ORIENTED_EDGE('',*,*,#3379,.F.);
#4759=ORIENTED_EDGE('',*,*,#3382,.F.);
#4760=ORIENTED_EDGE('',*,*,#3385,.F.);
#4761=ORIENTED_EDGE('',*,*,#3388,.F.);
#4762=ORIENTED_EDGE('',*,*,#3391,.F.);
#4763=ORIENTED_EDGE('',*,*,#3394,.F.);
#4764=ORIENTED_EDGE('',*,*,#3397,.F.);
#4765=ORIENTED_EDGE('',*,*,#3400,.F.);
#4766=ORIENTED_EDGE('',*,*,#3403,.F.);
#4767=ORIENTED_EDGE('',*,*,#3411,.T.);
#4768=ORIENTED_EDGE('',*,*,#3412,.T.);
#4769=ORIENTED_EDGE('',*,*,#3413,.F.);
#4770=ORIENTED_EDGE('',*,*,#3414,.F.);
#4771=ORIENTED_EDGE('',*,*,#3415,.T.);
#4772=ORIENTED_EDGE('',*,*,#3414,.T.);
#4773=ORIENTED_EDGE('',*,*,#3416,.F.);
#4774=ORIENTED_EDGE('',*,*,#3417,.F.);
#4775=ORIENTED_EDGE('',*,*,#3418,.T.);
#4776=ORIENTED_EDGE('',*,*,#3417,.T.);
#4777=ORIENTED_EDGE('',*,*,#3419,.F.);
#4778=ORIENTED_EDGE('',*,*,#3420,.F.);
#4779=ORIENTED_EDGE('',*,*,#3421,.T.);
#4780=ORIENTED_EDGE('',*,*,#3420,.T.);
#4781=ORIENTED_EDGE('',*,*,#3422,.F.);
#4782=ORIENTED_EDGE('',*,*,#3412,.F.);
#4783=ORIENTED_EDGE('',*,*,#3422,.T.);
#4784=ORIENTED_EDGE('',*,*,#3419,.T.);
#4785=ORIENTED_EDGE('',*,*,#3416,.T.);
#4786=ORIENTED_EDGE('',*,*,#3413,.T.);
#4787=ORIENTED_EDGE('',*,*,#3421,.F.);
#4788=ORIENTED_EDGE('',*,*,#3411,.F.);
#4789=ORIENTED_EDGE('',*,*,#3415,.F.);
#4790=ORIENTED_EDGE('',*,*,#3418,.F.);
#4791=ORIENTED_EDGE('',*,*,#3423,.F.);
#4792=ORIENTED_EDGE('',*,*,#3424,.F.);
#4793=ORIENTED_EDGE('',*,*,#3425,.F.);
#4794=ORIENTED_EDGE('',*,*,#3426,.F.);
#4795=ORIENTED_EDGE('',*,*,#3427,.F.);
#4796=ORIENTED_EDGE('',*,*,#3428,.F.);
#4797=ORIENTED_EDGE('',*,*,#3429,.F.);
#4798=ORIENTED_EDGE('',*,*,#3430,.F.);
#4799=ORIENTED_EDGE('',*,*,#3425,.T.);
#4800=ORIENTED_EDGE('',*,*,#3431,.F.);
#4801=ORIENTED_EDGE('',*,*,#3432,.F.);
#4802=ORIENTED_EDGE('',*,*,#3427,.T.);
#4803=ORIENTED_EDGE('',*,*,#3433,.F.);
#4804=ORIENTED_EDGE('',*,*,#3434,.F.);
#4805=ORIENTED_EDGE('',*,*,#3435,.T.);
#4806=ORIENTED_EDGE('',*,*,#3436,.T.);
#4807=ORIENTED_EDGE('',*,*,#3437,.T.);
#4808=ORIENTED_EDGE('',*,*,#3438,.T.);
#4809=ORIENTED_EDGE('',*,*,#3436,.F.);
#4810=ORIENTED_EDGE('',*,*,#3439,.F.);
#4811=ORIENTED_EDGE('',*,*,#3440,.F.);
#4812=ORIENTED_EDGE('',*,*,#3441,.F.);
#4813=ORIENTED_EDGE('',*,*,#3442,.T.);
#4814=ORIENTED_EDGE('',*,*,#3443,.F.);
#4815=ORIENTED_EDGE('',*,*,#3444,.F.);
#4816=ORIENTED_EDGE('',*,*,#3445,.F.);
#4817=ORIENTED_EDGE('',*,*,#3446,.T.);
#4818=ORIENTED_EDGE('',*,*,#3447,.T.);
#4819=ORIENTED_EDGE('',*,*,#3448,.T.);
#4820=ORIENTED_EDGE('',*,*,#3449,.T.);
#4821=ORIENTED_EDGE('',*,*,#3450,.F.);
#4822=ORIENTED_EDGE('',*,*,#3451,.T.);
#4823=ORIENTED_EDGE('',*,*,#3452,.F.);
#4824=ORIENTED_EDGE('',*,*,#3443,.T.);
#4825=ORIENTED_EDGE('',*,*,#3453,.T.);
#4826=ORIENTED_EDGE('',*,*,#3454,.T.);
#4827=ORIENTED_EDGE('',*,*,#3455,.T.);
#4828=ORIENTED_EDGE('',*,*,#3456,.T.);
#4829=ORIENTED_EDGE('',*,*,#3457,.T.);
#4830=ORIENTED_EDGE('',*,*,#3458,.T.);
#4831=ORIENTED_EDGE('',*,*,#3459,.T.);
#4832=ORIENTED_EDGE('',*,*,#3460,.T.);
#4833=ORIENTED_EDGE('',*,*,#3461,.T.);
#4834=ORIENTED_EDGE('',*,*,#3462,.T.);
#4835=ORIENTED_EDGE('',*,*,#3463,.T.);
#4836=ORIENTED_EDGE('',*,*,#3439,.T.);
#4837=ORIENTED_EDGE('',*,*,#3435,.F.);
#4838=ORIENTED_EDGE('',*,*,#3464,.T.);
#4839=ORIENTED_EDGE('',*,*,#3465,.F.);
#4840=ORIENTED_EDGE('',*,*,#3466,.T.);
#4841=ORIENTED_EDGE('',*,*,#3467,.T.);
#4842=ORIENTED_EDGE('',*,*,#3468,.T.);
#4843=ORIENTED_EDGE('',*,*,#3469,.T.);
#4844=ORIENTED_EDGE('',*,*,#3470,.T.);
#4845=ORIENTED_EDGE('',*,*,#3471,.T.);
#4846=ORIENTED_EDGE('',*,*,#3472,.T.);
#4847=ORIENTED_EDGE('',*,*,#3473,.T.);
#4848=ORIENTED_EDGE('',*,*,#3474,.T.);
#4849=ORIENTED_EDGE('',*,*,#3426,.T.);
#4850=ORIENTED_EDGE('',*,*,#3432,.T.);
#4851=ORIENTED_EDGE('',*,*,#3475,.T.);
#4852=ORIENTED_EDGE('',*,*,#3476,.F.);
#4853=ORIENTED_EDGE('',*,*,#3477,.T.);
#4854=ORIENTED_EDGE('',*,*,#3478,.F.);
#4855=ORIENTED_EDGE('',*,*,#3479,.T.);
#4856=ORIENTED_EDGE('',*,*,#3480,.T.);
#4857=ORIENTED_EDGE('',*,*,#3428,.T.);
#4858=ORIENTED_EDGE('',*,*,#3434,.T.);
#4859=ORIENTED_EDGE('',*,*,#3481,.T.);
#4860=ORIENTED_EDGE('',*,*,#3482,.F.);
#4861=ORIENTED_EDGE('',*,*,#3483,.T.);
#4862=ORIENTED_EDGE('',*,*,#3484,.F.);
#4863=ORIENTED_EDGE('',*,*,#3485,.T.);
#4864=ORIENTED_EDGE('',*,*,#3486,.T.);
#4865=ORIENTED_EDGE('',*,*,#3487,.T.);
#4866=ORIENTED_EDGE('',*,*,#3488,.T.);
#4867=ORIENTED_EDGE('',*,*,#3482,.T.);
#4868=ORIENTED_EDGE('',*,*,#3489,.T.);
#4869=ORIENTED_EDGE('',*,*,#3487,.F.);
#4870=ORIENTED_EDGE('',*,*,#3490,.T.);
#4871=ORIENTED_EDGE('',*,*,#3491,.F.);
#4872=ORIENTED_EDGE('',*,*,#3492,.T.);
#4873=ORIENTED_EDGE('',*,*,#3493,.T.);
#4874=ORIENTED_EDGE('',*,*,#3494,.T.);
#4875=ORIENTED_EDGE('',*,*,#3495,.F.);
#4876=ORIENTED_EDGE('',*,*,#3496,.T.);
#4877=ORIENTED_EDGE('',*,*,#3497,.T.);
#4878=ORIENTED_EDGE('',*,*,#3498,.T.);
#4879=ORIENTED_EDGE('',*,*,#3499,.F.);
#4880=ORIENTED_EDGE('',*,*,#3500,.T.);
#4881=ORIENTED_EDGE('',*,*,#3501,.T.);
#4882=ORIENTED_EDGE('',*,*,#3502,.T.);
#4883=ORIENTED_EDGE('',*,*,#3489,.F.);
#4884=ORIENTED_EDGE('',*,*,#3481,.F.);
#4885=ORIENTED_EDGE('',*,*,#3433,.T.);
#4886=ORIENTED_EDGE('',*,*,#3430,.T.);
#4887=ORIENTED_EDGE('',*,*,#3503,.T.);
#4888=ORIENTED_EDGE('',*,*,#3479,.F.);
#4889=ORIENTED_EDGE('',*,*,#3504,.F.);
#4890=ORIENTED_EDGE('',*,*,#3490,.F.);
#4891=ORIENTED_EDGE('',*,*,#3452,.T.);
#4892=ORIENTED_EDGE('',*,*,#3505,.T.);
#4893=ORIENTED_EDGE('',*,*,#3506,.T.);
#4894=ORIENTED_EDGE('',*,*,#3444,.T.);
#4895=ORIENTED_EDGE('',*,*,#3505,.F.);
#4896=ORIENTED_EDGE('',*,*,#3451,.F.);
#4897=ORIENTED_EDGE('',*,*,#3507,.F.);
#4898=ORIENTED_EDGE('',*,*,#3508,.F.);
#4899=ORIENTED_EDGE('',*,*,#3450,.T.);
#4900=ORIENTED_EDGE('',*,*,#3509,.T.);
#4901=ORIENTED_EDGE('',*,*,#3510,.T.);
#4902=ORIENTED_EDGE('',*,*,#3507,.T.);
#4903=ORIENTED_EDGE('',*,*,#3509,.F.);
#4904=ORIENTED_EDGE('',*,*,#3449,.F.);
#4905=ORIENTED_EDGE('',*,*,#3511,.F.);
#4906=ORIENTED_EDGE('',*,*,#3512,.F.);
#4907=ORIENTED_EDGE('',*,*,#3513,.T.);
#4908=ORIENTED_EDGE('',*,*,#3466,.F.);
#4909=ORIENTED_EDGE('',*,*,#3514,.F.);
#4910=ORIENTED_EDGE('',*,*,#3515,.T.);
#4911=ORIENTED_EDGE('',*,*,#3465,.T.);
#4912=ORIENTED_EDGE('',*,*,#3516,.T.);
#4913=ORIENTED_EDGE('',*,*,#3517,.T.);
#4914=ORIENTED_EDGE('',*,*,#3514,.T.);
#4915=ORIENTED_EDGE('',*,*,#3438,.F.);
#4916=ORIENTED_EDGE('',*,*,#3518,.F.);
#4917=ORIENTED_EDGE('',*,*,#3516,.F.);
#4918=ORIENTED_EDGE('',*,*,#3464,.F.);
#4919=ORIENTED_EDGE('',*,*,#3519,.T.);
#4920=ORIENTED_EDGE('',*,*,#3520,.T.);
#4921=ORIENTED_EDGE('',*,*,#3484,.T.);
#4922=ORIENTED_EDGE('',*,*,#3521,.T.);
#4923=ORIENTED_EDGE('',*,*,#3520,.F.);
#4924=ORIENTED_EDGE('',*,*,#3522,.F.);
#4925=ORIENTED_EDGE('',*,*,#3523,.F.);
#4926=ORIENTED_EDGE('',*,*,#3524,.F.);
#4927=ORIENTED_EDGE('',*,*,#3475,.F.);
#4928=ORIENTED_EDGE('',*,*,#3431,.T.);
#4929=ORIENTED_EDGE('',*,*,#3424,.T.);
#4930=ORIENTED_EDGE('',*,*,#3525,.T.);
#4931=ORIENTED_EDGE('',*,*,#3485,.F.);
#4932=ORIENTED_EDGE('',*,*,#3519,.F.);
#4933=ORIENTED_EDGE('',*,*,#3526,.T.);
#4934=ORIENTED_EDGE('',*,*,#3527,.T.);
#4935=ORIENTED_EDGE('',*,*,#3522,.T.);
#4936=ORIENTED_EDGE('',*,*,#3528,.T.);
#4937=ORIENTED_EDGE('',*,*,#3529,.T.);
#4938=ORIENTED_EDGE('',*,*,#3476,.T.);
#4939=ORIENTED_EDGE('',*,*,#3524,.T.);
#4940=ORIENTED_EDGE('',*,*,#3529,.F.);
#4941=ORIENTED_EDGE('',*,*,#3530,.F.);
#4942=ORIENTED_EDGE('',*,*,#3492,.F.);
#4943=ORIENTED_EDGE('',*,*,#3531,.F.);
#4944=ORIENTED_EDGE('',*,*,#3477,.F.);
#4945=ORIENTED_EDGE('',*,*,#3528,.F.);
#4946=ORIENTED_EDGE('',*,*,#3523,.T.);
#4947=ORIENTED_EDGE('',*,*,#3532,.T.);
#4948=ORIENTED_EDGE('',*,*,#3530,.T.);
#4949=ORIENTED_EDGE('',*,*,#3533,.T.);
#4950=ORIENTED_EDGE('',*,*,#3534,.T.);
#4951=ORIENTED_EDGE('',*,*,#3499,.T.);
#4952=ORIENTED_EDGE('',*,*,#3535,.T.);
#4953=ORIENTED_EDGE('',*,*,#3534,.F.);
#4954=ORIENTED_EDGE('',*,*,#3536,.F.);
#4955=ORIENTED_EDGE('',*,*,#3537,.F.);
#4956=ORIENTED_EDGE('',*,*,#3500,.F.);
#4957=ORIENTED_EDGE('',*,*,#3533,.F.);
#4958=ORIENTED_EDGE('',*,*,#3538,.T.);
#4959=ORIENTED_EDGE('',*,*,#3539,.T.);
#4960=ORIENTED_EDGE('',*,*,#3540,.T.);
#4961=ORIENTED_EDGE('',*,*,#3541,.F.);
#4962=ORIENTED_EDGE('',*,*,#3542,.T.);
#4963=ORIENTED_EDGE('',*,*,#3543,.T.);
#4964=ORIENTED_EDGE('',*,*,#3536,.T.);
#4965=ORIENTED_EDGE('',*,*,#3544,.T.);
#4966=ORIENTED_EDGE('',*,*,#3541,.T.);
#4967=ORIENTED_EDGE('',*,*,#3545,.T.);
#4968=ORIENTED_EDGE('',*,*,#3495,.T.);
#4969=ORIENTED_EDGE('',*,*,#3546,.T.);
#4970=ORIENTED_EDGE('',*,*,#3546,.F.);
#4971=ORIENTED_EDGE('',*,*,#3494,.F.);
#4972=ORIENTED_EDGE('',*,*,#3547,.T.);
#4973=ORIENTED_EDGE('',*,*,#3542,.F.);
#4974=ORIENTED_EDGE('',*,*,#3491,.T.);
#4975=ORIENTED_EDGE('',*,*,#3504,.T.);
#4976=ORIENTED_EDGE('',*,*,#3478,.T.);
#4977=ORIENTED_EDGE('',*,*,#3531,.T.);
#4978=ORIENTED_EDGE('',*,*,#3548,.F.);
#4979=ORIENTED_EDGE('',*,*,#3549,.T.);
#4980=ORIENTED_EDGE('',*,*,#3550,.F.);
#4981=ORIENTED_EDGE('',*,*,#3549,.F.);
#4982=ORIENTED_EDGE('',*,*,#3548,.T.);
#4983=ORIENTED_EDGE('',*,*,#3551,.F.);
#4984=ORIENTED_EDGE('',*,*,#3552,.T.);
#4985=ORIENTED_EDGE('',*,*,#3553,.F.);
#4986=ORIENTED_EDGE('',*,*,#3552,.F.);
#4987=ORIENTED_EDGE('',*,*,#3551,.T.);
#4988=ORIENTED_EDGE('',*,*,#3550,.T.);
#4989=ORIENTED_EDGE('',*,*,#3554,.F.);
#4990=ORIENTED_EDGE('',*,*,#3555,.T.);
#4991=ORIENTED_EDGE('',*,*,#3544,.F.);
#4992=ORIENTED_EDGE('',*,*,#3555,.F.);
#4993=ORIENTED_EDGE('',*,*,#3554,.T.);
#4994=ORIENTED_EDGE('',*,*,#3553,.T.);
#4995=ORIENTED_EDGE('',*,*,#3493,.F.);
#4996=ORIENTED_EDGE('',*,*,#3532,.F.);
#4997=ORIENTED_EDGE('',*,*,#3527,.F.);
#4998=ORIENTED_EDGE('',*,*,#3501,.F.);
#4999=ORIENTED_EDGE('',*,*,#3537,.T.);
#5000=ORIENTED_EDGE('',*,*,#3543,.F.);
#5001=ORIENTED_EDGE('',*,*,#3547,.F.);
#5002=ORIENTED_EDGE('',*,*,#3545,.F.);
#5003=ORIENTED_EDGE('',*,*,#3540,.F.);
#5004=ORIENTED_EDGE('',*,*,#3556,.F.);
#5005=ORIENTED_EDGE('',*,*,#3496,.F.);
#5006=ORIENTED_EDGE('',*,*,#3497,.F.);
#5007=ORIENTED_EDGE('',*,*,#3556,.T.);
#5008=ORIENTED_EDGE('',*,*,#3539,.F.);
#5009=ORIENTED_EDGE('',*,*,#3557,.F.);
#5010=ORIENTED_EDGE('',*,*,#3535,.F.);
#5011=ORIENTED_EDGE('',*,*,#3498,.F.);
#5012=ORIENTED_EDGE('',*,*,#3557,.T.);
#5013=ORIENTED_EDGE('',*,*,#3538,.F.);
#5014=ORIENTED_EDGE('',*,*,#3429,.T.);
#5015=ORIENTED_EDGE('',*,*,#3480,.F.);
#5016=ORIENTED_EDGE('',*,*,#3503,.F.);
#5017=ORIENTED_EDGE('',*,*,#3423,.T.);
#5018=ORIENTED_EDGE('',*,*,#3486,.F.);
#5019=ORIENTED_EDGE('',*,*,#3525,.F.);
#5020=ORIENTED_EDGE('',*,*,#3488,.F.);
#5021=ORIENTED_EDGE('',*,*,#3502,.F.);
#5022=ORIENTED_EDGE('',*,*,#3526,.F.);
#5023=ORIENTED_EDGE('',*,*,#3521,.F.);
#5024=ORIENTED_EDGE('',*,*,#3483,.F.);
#5025=ORIENTED_EDGE('',*,*,#3441,.T.);
#5026=ORIENTED_EDGE('',*,*,#3558,.F.);
#5027=ORIENTED_EDGE('',*,*,#3559,.F.);
#5028=ORIENTED_EDGE('',*,*,#3560,.F.);
#5029=ORIENTED_EDGE('',*,*,#3561,.T.);
#5030=ORIENTED_EDGE('',*,*,#3562,.T.);
#5031=ORIENTED_EDGE('',*,*,#3563,.F.);
#5032=ORIENTED_EDGE('',*,*,#3564,.F.);
#5033=ORIENTED_EDGE('',*,*,#3565,.T.);
#5034=ORIENTED_EDGE('',*,*,#3566,.T.);
#5035=ORIENTED_EDGE('',*,*,#3567,.F.);
#5036=ORIENTED_EDGE('',*,*,#3568,.T.);
#5037=ORIENTED_EDGE('',*,*,#3512,.T.);
#5038=ORIENTED_EDGE('',*,*,#3569,.F.);
#5039=ORIENTED_EDGE('',*,*,#3570,.T.);
#5040=ORIENTED_EDGE('',*,*,#3571,.F.);
#5041=ORIENTED_EDGE('',*,*,#3572,.T.);
#5042=ORIENTED_EDGE('',*,*,#3573,.T.);
#5043=ORIENTED_EDGE('',*,*,#3574,.T.);
#5044=ORIENTED_EDGE('',*,*,#3575,.F.);
#5045=ORIENTED_EDGE('',*,*,#3576,.T.);
#5046=ORIENTED_EDGE('',*,*,#3577,.T.);
#5047=ORIENTED_EDGE('',*,*,#3578,.T.);
#5048=ORIENTED_EDGE('',*,*,#3579,.T.);
#5049=ORIENTED_EDGE('',*,*,#3572,.F.);
#5050=ORIENTED_EDGE('',*,*,#3580,.T.);
#5051=ORIENTED_EDGE('',*,*,#3474,.F.);
#5052=ORIENTED_EDGE('',*,*,#3581,.F.);
#5053=ORIENTED_EDGE('',*,*,#3573,.F.);
#5054=ORIENTED_EDGE('',*,*,#3581,.T.);
#5055=ORIENTED_EDGE('',*,*,#3473,.F.);
#5056=ORIENTED_EDGE('',*,*,#3582,.F.);
#5057=ORIENTED_EDGE('',*,*,#3574,.F.);
#5058=ORIENTED_EDGE('',*,*,#3582,.T.);
#5059=ORIENTED_EDGE('',*,*,#3472,.F.);
#5060=ORIENTED_EDGE('',*,*,#3583,.F.);
#5061=ORIENTED_EDGE('',*,*,#3575,.T.);
#5062=ORIENTED_EDGE('',*,*,#3583,.T.);
#5063=ORIENTED_EDGE('',*,*,#3471,.F.);
#5064=ORIENTED_EDGE('',*,*,#3584,.F.);
#5065=ORIENTED_EDGE('',*,*,#3576,.F.);
#5066=ORIENTED_EDGE('',*,*,#3584,.T.);
#5067=ORIENTED_EDGE('',*,*,#3470,.F.);
#5068=ORIENTED_EDGE('',*,*,#3585,.F.);
#5069=ORIENTED_EDGE('',*,*,#3577,.F.);
#5070=ORIENTED_EDGE('',*,*,#3585,.T.);
#5071=ORIENTED_EDGE('',*,*,#3469,.F.);
#5072=ORIENTED_EDGE('',*,*,#3586,.F.);
#5073=ORIENTED_EDGE('',*,*,#3578,.F.);
#5074=ORIENTED_EDGE('',*,*,#3586,.T.);
#5075=ORIENTED_EDGE('',*,*,#3468,.F.);
#5076=ORIENTED_EDGE('',*,*,#3587,.F.);
#5077=ORIENTED_EDGE('',*,*,#3579,.F.);
#5078=ORIENTED_EDGE('',*,*,#3587,.T.);
#5079=ORIENTED_EDGE('',*,*,#3467,.F.);
#5080=ORIENTED_EDGE('',*,*,#3513,.F.);
#5081=ORIENTED_EDGE('',*,*,#3558,.T.);
#5082=ORIENTED_EDGE('',*,*,#3440,.T.);
#5083=ORIENTED_EDGE('',*,*,#3463,.F.);
#5084=ORIENTED_EDGE('',*,*,#3588,.F.);
#5085=ORIENTED_EDGE('',*,*,#3559,.T.);
#5086=ORIENTED_EDGE('',*,*,#3588,.T.);
#5087=ORIENTED_EDGE('',*,*,#3462,.F.);
#5088=ORIENTED_EDGE('',*,*,#3589,.F.);
#5089=ORIENTED_EDGE('',*,*,#3560,.T.);
#5090=ORIENTED_EDGE('',*,*,#3589,.T.);
#5091=ORIENTED_EDGE('',*,*,#3461,.F.);
#5092=ORIENTED_EDGE('',*,*,#3590,.F.);
#5093=ORIENTED_EDGE('',*,*,#3561,.F.);
#5094=ORIENTED_EDGE('',*,*,#3590,.T.);
#5095=ORIENTED_EDGE('',*,*,#3460,.F.);
#5096=ORIENTED_EDGE('',*,*,#3591,.F.);
#5097=ORIENTED_EDGE('',*,*,#3562,.F.);
#5098=ORIENTED_EDGE('',*,*,#3591,.T.);
#5099=ORIENTED_EDGE('',*,*,#3459,.F.);
#5100=ORIENTED_EDGE('',*,*,#3592,.F.);
#5101=ORIENTED_EDGE('',*,*,#3563,.T.);
#5102=ORIENTED_EDGE('',*,*,#3592,.T.);
#5103=ORIENTED_EDGE('',*,*,#3458,.F.);
#5104=ORIENTED_EDGE('',*,*,#3593,.F.);
#5105=ORIENTED_EDGE('',*,*,#3564,.T.);
#5106=ORIENTED_EDGE('',*,*,#3593,.T.);
#5107=ORIENTED_EDGE('',*,*,#3457,.F.);
#5108=ORIENTED_EDGE('',*,*,#3594,.F.);
#5109=ORIENTED_EDGE('',*,*,#3565,.F.);
#5110=ORIENTED_EDGE('',*,*,#3594,.T.);
#5111=ORIENTED_EDGE('',*,*,#3456,.F.);
#5112=ORIENTED_EDGE('',*,*,#3595,.F.);
#5113=ORIENTED_EDGE('',*,*,#3566,.F.);
#5114=ORIENTED_EDGE('',*,*,#3595,.T.);
#5115=ORIENTED_EDGE('',*,*,#3455,.F.);
#5116=ORIENTED_EDGE('',*,*,#3596,.F.);
#5117=ORIENTED_EDGE('',*,*,#3567,.T.);
#5118=ORIENTED_EDGE('',*,*,#3596,.T.);
#5119=ORIENTED_EDGE('',*,*,#3454,.F.);
#5120=ORIENTED_EDGE('',*,*,#3597,.F.);
#5121=ORIENTED_EDGE('',*,*,#3568,.F.);
#5122=ORIENTED_EDGE('',*,*,#3597,.T.);
#5123=ORIENTED_EDGE('',*,*,#3453,.F.);
#5124=ORIENTED_EDGE('',*,*,#3442,.F.);
#5125=ORIENTED_EDGE('',*,*,#3569,.T.);
#5126=ORIENTED_EDGE('',*,*,#3511,.T.);
#5127=ORIENTED_EDGE('',*,*,#3448,.F.);
#5128=ORIENTED_EDGE('',*,*,#3598,.F.);
#5129=ORIENTED_EDGE('',*,*,#3570,.F.);
#5130=ORIENTED_EDGE('',*,*,#3598,.T.);
#5131=ORIENTED_EDGE('',*,*,#3447,.F.);
#5132=ORIENTED_EDGE('',*,*,#3599,.F.);
#5133=ORIENTED_EDGE('',*,*,#3571,.T.);
#5134=ORIENTED_EDGE('',*,*,#3599,.T.);
#5135=ORIENTED_EDGE('',*,*,#3446,.F.);
#5136=ORIENTED_EDGE('',*,*,#3580,.F.);
#5137=ORIENTED_EDGE('',*,*,#3437,.F.);
#5138=ORIENTED_EDGE('',*,*,#3445,.T.);
#5139=ORIENTED_EDGE('',*,*,#3506,.F.);
#5140=ORIENTED_EDGE('',*,*,#3508,.T.);
#5141=ORIENTED_EDGE('',*,*,#3510,.F.);
#5142=ORIENTED_EDGE('',*,*,#3515,.F.);
#5143=ORIENTED_EDGE('',*,*,#3517,.F.);
#5144=ORIENTED_EDGE('',*,*,#3518,.T.);
#5145=ORIENTED_EDGE('',*,*,#3600,.T.);
#5146=ORIENTED_EDGE('',*,*,#3601,.T.);
#5147=ORIENTED_EDGE('',*,*,#3602,.T.);
#5148=ORIENTED_EDGE('',*,*,#3603,.T.);
#5149=ORIENTED_EDGE('',*,*,#3601,.F.);
#5150=ORIENTED_EDGE('',*,*,#3604,.F.);
#5151=ORIENTED_EDGE('',*,*,#3605,.F.);
#5152=ORIENTED_EDGE('',*,*,#3606,.T.);
#5153=ORIENTED_EDGE('',*,*,#3600,.F.);
#5154=ORIENTED_EDGE('',*,*,#3607,.T.);
#5155=ORIENTED_EDGE('',*,*,#3608,.T.);
#5156=ORIENTED_EDGE('',*,*,#3609,.T.);
#5157=ORIENTED_EDGE('',*,*,#3610,.F.);
#5158=ORIENTED_EDGE('',*,*,#3611,.T.);
#5159=ORIENTED_EDGE('',*,*,#3612,.F.);
#5160=ORIENTED_EDGE('',*,*,#3613,.T.);
#5161=ORIENTED_EDGE('',*,*,#3604,.T.);
#5162=ORIENTED_EDGE('',*,*,#3614,.T.);
#5163=ORIENTED_EDGE('',*,*,#3615,.T.);
#5164=ORIENTED_EDGE('',*,*,#3616,.T.);
#5165=ORIENTED_EDGE('',*,*,#3617,.T.);
#5166=ORIENTED_EDGE('',*,*,#3610,.T.);
#5167=ORIENTED_EDGE('',*,*,#3618,.T.);
#5168=ORIENTED_EDGE('',*,*,#3619,.T.);
#5169=ORIENTED_EDGE('',*,*,#3620,.T.);
#5170=ORIENTED_EDGE('',*,*,#3618,.F.);
#5171=ORIENTED_EDGE('',*,*,#3609,.F.);
#5172=ORIENTED_EDGE('',*,*,#3621,.F.);
#5173=ORIENTED_EDGE('',*,*,#3622,.F.);
#5174=ORIENTED_EDGE('',*,*,#3612,.T.);
#5175=ORIENTED_EDGE('',*,*,#3623,.T.);
#5176=ORIENTED_EDGE('',*,*,#3624,.T.);
#5177=ORIENTED_EDGE('',*,*,#3625,.T.);
#5178=ORIENTED_EDGE('',*,*,#3625,.F.);
#5179=ORIENTED_EDGE('',*,*,#3626,.T.);
#5180=ORIENTED_EDGE('',*,*,#3605,.T.);
#5181=ORIENTED_EDGE('',*,*,#3613,.F.);
#5182=ORIENTED_EDGE('',*,*,#3627,.T.);
#5183=ORIENTED_EDGE('',*,*,#3628,.T.);
#5184=ORIENTED_EDGE('',*,*,#3617,.F.);
#5185=ORIENTED_EDGE('',*,*,#3629,.F.);
#5186=ORIENTED_EDGE('',*,*,#3630,.T.);
#5187=ORIENTED_EDGE('',*,*,#3629,.T.);
#5188=ORIENTED_EDGE('',*,*,#3616,.F.);
#5189=ORIENTED_EDGE('',*,*,#3631,.F.);
#5190=ORIENTED_EDGE('',*,*,#3632,.T.);
#5191=ORIENTED_EDGE('',*,*,#3631,.T.);
#5192=ORIENTED_EDGE('',*,*,#3615,.F.);
#5193=ORIENTED_EDGE('',*,*,#3633,.F.);
#5194=ORIENTED_EDGE('',*,*,#3634,.T.);
#5195=ORIENTED_EDGE('',*,*,#3633,.T.);
#5196=ORIENTED_EDGE('',*,*,#3614,.F.);
#5197=ORIENTED_EDGE('',*,*,#3628,.F.);
#5198=ORIENTED_EDGE('',*,*,#3620,.F.);
#5199=ORIENTED_EDGE('',*,*,#3635,.F.);
#5200=ORIENTED_EDGE('',*,*,#3623,.F.);
#5201=ORIENTED_EDGE('',*,*,#3611,.F.);
#5202=ORIENTED_EDGE('',*,*,#3636,.T.);
#5203=ORIENTED_EDGE('',*,*,#3621,.T.);
#5204=ORIENTED_EDGE('',*,*,#3608,.F.);
#5205=ORIENTED_EDGE('',*,*,#3637,.F.);
#5206=ORIENTED_EDGE('',*,*,#3603,.F.);
#5207=ORIENTED_EDGE('',*,*,#3638,.F.);
#5208=ORIENTED_EDGE('',*,*,#3637,.T.);
#5209=ORIENTED_EDGE('',*,*,#3607,.F.);
#5210=ORIENTED_EDGE('',*,*,#3602,.F.);
#5211=ORIENTED_EDGE('',*,*,#3606,.F.);
#5212=ORIENTED_EDGE('',*,*,#3626,.F.);
#5213=ORIENTED_EDGE('',*,*,#3624,.F.);
#5214=ORIENTED_EDGE('',*,*,#3635,.T.);
#5215=ORIENTED_EDGE('',*,*,#3619,.F.);
#5216=ORIENTED_EDGE('',*,*,#3622,.T.);
#5217=ORIENTED_EDGE('',*,*,#3636,.F.);
#5218=ORIENTED_EDGE('',*,*,#3638,.T.);
#5219=ORIENTED_EDGE('',*,*,#3634,.F.);
#5220=ORIENTED_EDGE('',*,*,#3627,.F.);
#5221=ORIENTED_EDGE('',*,*,#3630,.F.);
#5222=ORIENTED_EDGE('',*,*,#3632,.F.);
#5223=ORIENTED_EDGE('',*,*,#3639,.T.);
#5224=ORIENTED_EDGE('',*,*,#3640,.T.);
#5225=ORIENTED_EDGE('',*,*,#3641,.F.);
#5226=ORIENTED_EDGE('',*,*,#3642,.F.);
#5227=ORIENTED_EDGE('',*,*,#3643,.T.);
#5228=ORIENTED_EDGE('',*,*,#3642,.T.);
#5229=ORIENTED_EDGE('',*,*,#3644,.F.);
#5230=ORIENTED_EDGE('',*,*,#3645,.F.);
#5231=ORIENTED_EDGE('',*,*,#3646,.T.);
#5232=ORIENTED_EDGE('',*,*,#3645,.T.);
#5233=ORIENTED_EDGE('',*,*,#3647,.F.);
#5234=ORIENTED_EDGE('',*,*,#3648,.F.);
#5235=ORIENTED_EDGE('',*,*,#3649,.T.);
#5236=ORIENTED_EDGE('',*,*,#3648,.T.);
#5237=ORIENTED_EDGE('',*,*,#3650,.F.);
#5238=ORIENTED_EDGE('',*,*,#3640,.F.);
#5239=ORIENTED_EDGE('',*,*,#3650,.T.);
#5240=ORIENTED_EDGE('',*,*,#3647,.T.);
#5241=ORIENTED_EDGE('',*,*,#3644,.T.);
#5242=ORIENTED_EDGE('',*,*,#3641,.T.);
#5243=ORIENTED_EDGE('',*,*,#3649,.F.);
#5244=ORIENTED_EDGE('',*,*,#3639,.F.);
#5245=ORIENTED_EDGE('',*,*,#3643,.F.);
#5246=ORIENTED_EDGE('',*,*,#3646,.F.);
#5247=ORIENTED_EDGE('',*,*,#3651,.F.);
#5248=ORIENTED_EDGE('',*,*,#3652,.T.);
#5249=ORIENTED_EDGE('',*,*,#3653,.F.);
#5250=ORIENTED_EDGE('',*,*,#3654,.F.);
#5251=ORIENTED_EDGE('',*,*,#3655,.F.);
#5252=ORIENTED_EDGE('',*,*,#3654,.T.);
#5253=ORIENTED_EDGE('',*,*,#3656,.F.);
#5254=ORIENTED_EDGE('',*,*,#3657,.F.);
#5255=ORIENTED_EDGE('',*,*,#3658,.F.);
#5256=ORIENTED_EDGE('',*,*,#3657,.T.);
#5257=ORIENTED_EDGE('',*,*,#3659,.F.);
#5258=ORIENTED_EDGE('',*,*,#3660,.F.);
#5259=ORIENTED_EDGE('',*,*,#3661,.F.);
#5260=ORIENTED_EDGE('',*,*,#3660,.T.);
#5261=ORIENTED_EDGE('',*,*,#3662,.F.);
#5262=ORIENTED_EDGE('',*,*,#3652,.F.);
#5263=ORIENTED_EDGE('',*,*,#3662,.T.);
#5264=ORIENTED_EDGE('',*,*,#3659,.T.);
#5265=ORIENTED_EDGE('',*,*,#3656,.T.);
#5266=ORIENTED_EDGE('',*,*,#3653,.T.);
#5267=ORIENTED_EDGE('',*,*,#3661,.T.);
#5268=ORIENTED_EDGE('',*,*,#3651,.T.);
#5269=ORIENTED_EDGE('',*,*,#3655,.T.);
#5270=ORIENTED_EDGE('',*,*,#3658,.T.);
#5271=PLANE('',#5972);
#5272=PLANE('',#5973);
#5273=PLANE('',#5974);
#5274=PLANE('',#5975);
#5275=PLANE('',#5976);
#5276=PLANE('',#5977);
#5277=PLANE('',#5978);
#5278=PLANE('',#5979);
#5279=PLANE('',#5980);
#5280=PLANE('',#5981);
#5281=PLANE('',#5983);
#5282=PLANE('',#5984);
#5283=PLANE('',#5985);
#5284=PLANE('',#5986);
#5285=PLANE('',#5987);
#5286=PLANE('',#5988);
#5287=PLANE('',#5989);
#5288=PLANE('',#5990);
#5289=PLANE('',#5991);
#5290=PLANE('',#5992);
#5291=PLANE('',#5993);
#5292=PLANE('',#5995);
#5293=PLANE('',#5996);
#5294=PLANE('',#5997);
#5295=PLANE('',#5998);
#5296=PLANE('',#5999);
#5297=PLANE('',#6000);
#5298=PLANE('',#6001);
#5299=PLANE('',#6002);
#5300=PLANE('',#6003);
#5301=PLANE('',#6004);
#5302=PLANE('',#6005);
#5303=PLANE('',#6006);
#5304=PLANE('',#6007);
#5305=PLANE('',#6008);
#5306=PLANE('',#6009);
#5307=PLANE('',#6010);
#5308=PLANE('',#6015);
#5309=PLANE('',#6016);
#5310=PLANE('',#6017);
#5311=PLANE('',#6018);
#5312=PLANE('',#6019);
#5313=PLANE('',#6020);
#5314=PLANE('',#6021);
#5315=PLANE('',#6022);
#5316=PLANE('',#6023);
#5317=PLANE('',#6024);
#5318=PLANE('',#6025);
#5319=PLANE('',#6027);
#5320=PLANE('',#6028);
#5321=PLANE('',#6029);
#5322=PLANE('',#6030);
#5323=PLANE('',#6031);
#5324=PLANE('',#6032);
#5325=PLANE('',#6033);
#5326=PLANE('',#6034);
#5327=PLANE('',#6035);
#5328=PLANE('',#6036);
#5329=PLANE('',#6044);
#5330=PLANE('',#6045);
#5331=PLANE('',#6046);
#5332=PLANE('',#6047);
#5333=PLANE('',#6048);
#5334=PLANE('',#6050);
#5335=PLANE('',#6051);
#5336=PLANE('',#6052);
#5337=PLANE('',#6053);
#5338=PLANE('',#6054);
#5339=PLANE('',#6055);
#5340=PLANE('',#6056);
#5341=PLANE('',#6057);
#5342=PLANE('',#6058);
#5343=PLANE('',#6059);
#5344=PLANE('',#6061);
#5345=PLANE('',#6062);
#5346=PLANE('',#6063);
#5347=PLANE('',#6064);
#5348=PLANE('',#6068);
#5349=PLANE('',#6069);
#5350=PLANE('',#6070);
#5351=PLANE('',#6071);
#5352=PLANE('',#6075);
#5353=PLANE('',#6076);
#5354=PLANE('',#6077);
#5355=PLANE('',#6078);
#5356=PLANE('',#6082);
#5357=PLANE('',#6083);
#5358=PLANE('',#6084);
#5359=PLANE('',#6085);
#5360=PLANE('',#6089);
#5361=PLANE('',#6090);
#5362=PLANE('',#6091);
#5363=PLANE('',#6092);
#5364=PLANE('',#6096);
#5365=PLANE('',#6097);
#5366=PLANE('',#6098);
#5367=PLANE('',#6099);
#5368=PLANE('',#6103);
#5369=PLANE('',#6104);
#5370=PLANE('',#6105);
#5371=PLANE('',#6106);
#5372=PLANE('',#6110);
#5373=PLANE('',#6111);
#5374=PLANE('',#6112);
#5375=PLANE('',#6113);
#5376=PLANE('',#6117);
#5377=PLANE('',#6118);
#5378=PLANE('',#6119);
#5379=PLANE('',#6120);
#5380=PLANE('',#6124);
#5381=PLANE('',#6125);
#5382=PLANE('',#6126);
#5383=PLANE('',#6127);
#5384=PLANE('',#6131);
#5385=PLANE('',#6132);
#5386=PLANE('',#6133);
#5387=PLANE('',#6134);
#5388=PLANE('',#6138);
#5389=PLANE('',#6139);
#5390=PLANE('',#6140);
#5391=PLANE('',#6141);
#5392=PLANE('',#6145);
#5393=PLANE('',#6146);
#5394=PLANE('',#6147);
#5395=PLANE('',#6148);
#5396=PLANE('',#6152);
#5397=PLANE('',#6153);
#5398=PLANE('',#6154);
#5399=PLANE('',#6155);
#5400=PLANE('',#6159);
#5401=PLANE('',#6160);
#5402=PLANE('',#6161);
#5403=PLANE('',#6162);
#5404=PLANE('',#6166);
#5405=PLANE('',#6167);
#5406=PLANE('',#6168);
#5407=PLANE('',#6169);
#5408=PLANE('',#6173);
#5409=PLANE('',#6174);
#5410=PLANE('',#6175);
#5411=PLANE('',#6176);
#5412=PLANE('',#6180);
#5413=PLANE('',#6181);
#5414=PLANE('',#6182);
#5415=PLANE('',#6183);
#5416=PLANE('',#6187);
#5417=PLANE('',#6188);
#5418=PLANE('',#6189);
#5419=PLANE('',#6190);
#5420=PLANE('',#6194);
#5421=PLANE('',#6195);
#5422=PLANE('',#6196);
#5423=PLANE('',#6197);
#5424=PLANE('',#6201);
#5425=PLANE('',#6202);
#5426=PLANE('',#6203);
#5427=PLANE('',#6204);
#5428=PLANE('',#6208);
#5429=PLANE('',#6209);
#5430=PLANE('',#6210);
#5431=PLANE('',#6211);
#5432=PLANE('',#6215);
#5433=PLANE('',#6216);
#5434=PLANE('',#6217);
#5435=PLANE('',#6218);
#5436=PLANE('',#6222);
#5437=PLANE('',#6223);
#5438=PLANE('',#6224);
#5439=PLANE('',#6225);
#5440=PLANE('',#6229);
#5441=PLANE('',#6230);
#5442=PLANE('',#6231);
#5443=PLANE('',#6232);
#5444=PLANE('',#6239);
#5445=PLANE('',#6240);
#5446=PLANE('',#6242);
#5447=PLANE('',#6243);
#5448=PLANE('',#6244);
#5449=PLANE('',#6245);
#5450=PLANE('',#6246);
#5451=PLANE('',#6247);
#5452=PLANE('',#6249);
#5453=PLANE('',#6250);
#5454=PLANE('',#6251);
#5455=PLANE('',#6252);
#5456=PLANE('',#6256);
#5457=PLANE('',#6257);
#5458=PLANE('',#6271);
#5459=PLANE('',#6277);
#5460=PLANE('',#6280);
#5461=PLANE('',#6283);
#5462=PLANE('',#6286);
#5463=PLANE('',#6289);
#5464=PLANE('',#6290);
#5465=PLANE('',#6294);
#5466=PLANE('',#6295);
#5467=PLANE('',#6299);
#5468=PLANE('',#6300);
#5469=PLANE('',#6305);
#5470=PLANE('',#6310);
#5471=PLANE('',#6314);
#5472=PLANE('',#6317);
#5473=PLANE('',#6319);
#5474=PLANE('',#6320);
#5475=PLANE('',#6321);
#5476=PLANE('',#6322);
#5477=PLANE('',#6323);
#5478=PLANE('',#6324);
#5479=PLANE('',#6327);
#5480=PLANE('',#6331);
#5481=PLANE('',#6332);
#5482=PLANE('',#6333);
#5483=PLANE('',#6335);
#5484=PLANE('',#6336);
#5485=PLANE('',#6337);
#5486=PLANE('',#6338);
#5487=PLANE('',#6339);
#5488=PLANE('',#6340);
#5489=PLANE('',#6342);
#5490=PLANE('',#6343);
#5491=PLANE('',#6344);
#5492=PLANE('',#6346);
#5493=PLANE('',#6347);
#5494=PLANE('',#6348);
#5495=PLANE('',#6349);
#5496=PLANE('',#6350);
#5497=PLANE('',#6351);
#5498=PLANE('',#6352);
#5499=PLANE('',#6356);
#5500=PLANE('',#6357);
#5501=PLANE('',#6363);
#5502=PLANE('',#6366);
#5503=PLANE('',#6367);
#5504=PLANE('',#6368);
#5505=PLANE('',#6369);
#5506=PLANE('',#6370);
#5507=PLANE('',#6371);
#5508=PLANE('',#6374);
#5509=PLANE('',#6375);
#5510=PLANE('',#6377);
#5511=PLANE('',#6378);
#5512=PLANE('',#6379);
#5513=PLANE('',#6380);
#5514=PLANE('',#6381);
#5515=PLANE('',#6382);
#5516=PLANE('',#6384);
#5517=PLANE('',#6388);
#5518=PLANE('',#6389);
#5519=PLANE('',#6390);
#5520=PLANE('',#6391);
#5521=ADVANCED_FACE('',(#356),#5271,.T.);
#5522=ADVANCED_FACE('',(#357),#5272,.T.);
#5523=ADVANCED_FACE('',(#358),#5273,.T.);
#5524=ADVANCED_FACE('',(#359),#5274,.T.);
#5525=ADVANCED_FACE('',(#360),#5275,.T.);
#5526=ADVANCED_FACE('',(#361),#5276,.T.);
#5527=ADVANCED_FACE('',(#362),#5277,.T.);
#5528=ADVANCED_FACE('',(#363),#5278,.T.);
#5529=ADVANCED_FACE('',(#364,#334),#5279,.T.);
#5530=ADVANCED_FACE('',(#365,#335),#5280,.F.);
#5531=ADVANCED_FACE('',(#366),#5281,.T.);
#5532=ADVANCED_FACE('',(#367),#5282,.F.);
#5533=ADVANCED_FACE('',(#368),#5283,.F.);
#5534=ADVANCED_FACE('',(#369),#5284,.F.);
#5535=ADVANCED_FACE('',(#370),#5285,.F.);
#5536=ADVANCED_FACE('',(#371),#5286,.T.);
#5537=ADVANCED_FACE('',(#372),#5287,.T.);
#5538=ADVANCED_FACE('',(#373),#5288,.T.);
#5539=ADVANCED_FACE('',(#374,#336),#5289,.T.);
#5540=ADVANCED_FACE('',(#375),#5290,.T.);
#5541=ADVANCED_FACE('',(#376),#5291,.F.);
#5542=ADVANCED_FACE('',(#377),#5292,.T.);
#5543=ADVANCED_FACE('',(#378),#5293,.T.);
#5544=ADVANCED_FACE('',(#379),#5294,.T.);
#5545=ADVANCED_FACE('',(#380),#5295,.T.);
#5546=ADVANCED_FACE('',(#381),#5296,.T.);
#5547=ADVANCED_FACE('',(#382),#5297,.T.);
#5548=ADVANCED_FACE('',(#383),#5298,.T.);
#5549=ADVANCED_FACE('',(#384),#5299,.T.);
#5550=ADVANCED_FACE('',(#385,#337),#5300,.T.);
#5551=ADVANCED_FACE('',(#386,#338),#5301,.F.);
#5552=ADVANCED_FACE('',(#387),#5302,.T.);
#5553=ADVANCED_FACE('',(#388),#5303,.T.);
#5554=ADVANCED_FACE('',(#389),#5304,.T.);
#5555=ADVANCED_FACE('',(#390),#5305,.T.);
#5556=ADVANCED_FACE('',(#391),#5306,.T.);
#5557=ADVANCED_FACE('',(#392),#5307,.F.);
#5558=ADVANCED_FACE('',(#393),#231,.F.);
#5559=ADVANCED_FACE('',(#394,#339),#5308,.F.);
#5560=ADVANCED_FACE('',(#395),#5309,.T.);
#5561=ADVANCED_FACE('',(#396),#5310,.T.);
#5562=ADVANCED_FACE('',(#397),#5311,.T.);
#5563=ADVANCED_FACE('',(#398),#5312,.T.);
#5564=ADVANCED_FACE('',(#399,#340),#5313,.F.);
#5565=ADVANCED_FACE('',(#400,#341),#5314,.T.);
#5566=ADVANCED_FACE('',(#401),#5315,.F.);
#5567=ADVANCED_FACE('',(#402),#5316,.F.);
#5568=ADVANCED_FACE('',(#403),#5317,.F.);
#5569=ADVANCED_FACE('',(#404),#5318,.F.);
#5570=ADVANCED_FACE('',(#405),#5319,.T.);
#5571=ADVANCED_FACE('',(#406),#5320,.T.);
#5572=ADVANCED_FACE('',(#407),#5321,.T.);
#5573=ADVANCED_FACE('',(#408),#5322,.T.);
#5574=ADVANCED_FACE('',(#409),#5323,.T.);
#5575=ADVANCED_FACE('',(#410),#5324,.T.);
#5576=ADVANCED_FACE('',(#411),#5325,.T.);
#5577=ADVANCED_FACE('',(#412),#5326,.T.);
#5578=ADVANCED_FACE('',(#413,#342),#5327,.T.);
#5579=ADVANCED_FACE('',(#414,#343),#5328,.F.);
#5580=ADVANCED_FACE('',(#415),#232,.F.);
#5581=ADVANCED_FACE('',(#416),#233,.F.);
#5582=ADVANCED_FACE('',(#417),#5329,.T.);
#5583=ADVANCED_FACE('',(#418),#5330,.T.);
#5584=ADVANCED_FACE('',(#419),#5331,.T.);
#5585=ADVANCED_FACE('',(#420,#344,#345),#5332,.T.);
#5586=ADVANCED_FACE('',(#421,#346,#347),#5333,.F.);
#5587=ADVANCED_FACE('',(#422),#5334,.T.);
#5588=ADVANCED_FACE('',(#423),#5335,.T.);
#5589=ADVANCED_FACE('',(#424),#5336,.T.);
#5590=ADVANCED_FACE('',(#425),#5337,.T.);
#5591=ADVANCED_FACE('',(#426),#5338,.T.);
#5592=ADVANCED_FACE('',(#427),#5339,.T.);
#5593=ADVANCED_FACE('',(#428),#5340,.T.);
#5594=ADVANCED_FACE('',(#429),#5341,.T.);
#5595=ADVANCED_FACE('',(#430),#5342,.T.);
#5596=ADVANCED_FACE('',(#431),#5343,.F.);
#5597=ADVANCED_FACE('',(#432),#5344,.T.);
#5598=ADVANCED_FACE('',(#433),#5345,.T.);
#5599=ADVANCED_FACE('',(#434),#5346,.T.);
#5600=ADVANCED_FACE('',(#435),#5347,.T.);
#5601=ADVANCED_FACE('',(#436),#234,.F.);
#5602=ADVANCED_FACE('',(#437),#5348,.T.);
#5603=ADVANCED_FACE('',(#438),#5349,.T.);
#5604=ADVANCED_FACE('',(#439),#5350,.T.);
#5605=ADVANCED_FACE('',(#440),#5351,.T.);
#5606=ADVANCED_FACE('',(#441),#235,.F.);
#5607=ADVANCED_FACE('',(#442),#5352,.T.);
#5608=ADVANCED_FACE('',(#443),#5353,.T.);
#5609=ADVANCED_FACE('',(#444),#5354,.T.);
#5610=ADVANCED_FACE('',(#445),#5355,.T.);
#5611=ADVANCED_FACE('',(#446),#236,.F.);
#5612=ADVANCED_FACE('',(#447),#5356,.T.);
#5613=ADVANCED_FACE('',(#448),#5357,.T.);
#5614=ADVANCED_FACE('',(#449),#5358,.T.);
#5615=ADVANCED_FACE('',(#450),#5359,.T.);
#5616=ADVANCED_FACE('',(#451),#237,.F.);
#5617=ADVANCED_FACE('',(#452),#5360,.T.);
#5618=ADVANCED_FACE('',(#453),#5361,.T.);
#5619=ADVANCED_FACE('',(#454),#5362,.T.);
#5620=ADVANCED_FACE('',(#455),#5363,.T.);
#5621=ADVANCED_FACE('',(#456),#238,.F.);
#5622=ADVANCED_FACE('',(#457),#5364,.T.);
#5623=ADVANCED_FACE('',(#458),#5365,.T.);
#5624=ADVANCED_FACE('',(#459),#5366,.T.);
#5625=ADVANCED_FACE('',(#460),#5367,.T.);
#5626=ADVANCED_FACE('',(#461),#239,.F.);
#5627=ADVANCED_FACE('',(#462),#5368,.T.);
#5628=ADVANCED_FACE('',(#463),#5369,.T.);
#5629=ADVANCED_FACE('',(#464),#5370,.T.);
#5630=ADVANCED_FACE('',(#465),#5371,.T.);
#5631=ADVANCED_FACE('',(#466),#240,.F.);
#5632=ADVANCED_FACE('',(#467),#5372,.T.);
#5633=ADVANCED_FACE('',(#468),#5373,.T.);
#5634=ADVANCED_FACE('',(#469),#5374,.T.);
#5635=ADVANCED_FACE('',(#470),#5375,.T.);
#5636=ADVANCED_FACE('',(#471),#241,.F.);
#5637=ADVANCED_FACE('',(#472),#5376,.T.);
#5638=ADVANCED_FACE('',(#473),#5377,.T.);
#5639=ADVANCED_FACE('',(#474),#5378,.T.);
#5640=ADVANCED_FACE('',(#475),#5379,.T.);
#5641=ADVANCED_FACE('',(#476),#242,.F.);
#5642=ADVANCED_FACE('',(#477),#5380,.T.);
#5643=ADVANCED_FACE('',(#478),#5381,.T.);
#5644=ADVANCED_FACE('',(#479),#5382,.T.);
#5645=ADVANCED_FACE('',(#480),#5383,.T.);
#5646=ADVANCED_FACE('',(#481),#243,.F.);
#5647=ADVANCED_FACE('',(#482),#5384,.T.);
#5648=ADVANCED_FACE('',(#483),#5385,.T.);
#5649=ADVANCED_FACE('',(#484),#5386,.T.);
#5650=ADVANCED_FACE('',(#485),#5387,.T.);
#5651=ADVANCED_FACE('',(#486),#244,.F.);
#5652=ADVANCED_FACE('',(#487),#5388,.T.);
#5653=ADVANCED_FACE('',(#488),#5389,.T.);
#5654=ADVANCED_FACE('',(#489),#5390,.T.);
#5655=ADVANCED_FACE('',(#490),#5391,.T.);
#5656=ADVANCED_FACE('',(#491),#245,.F.);
#5657=ADVANCED_FACE('',(#492),#5392,.T.);
#5658=ADVANCED_FACE('',(#493),#5393,.T.);
#5659=ADVANCED_FACE('',(#494),#5394,.T.);
#5660=ADVANCED_FACE('',(#495),#5395,.T.);
#5661=ADVANCED_FACE('',(#496),#246,.F.);
#5662=ADVANCED_FACE('',(#497),#5396,.T.);
#5663=ADVANCED_FACE('',(#498),#5397,.T.);
#5664=ADVANCED_FACE('',(#499),#5398,.T.);
#5665=ADVANCED_FACE('',(#500),#5399,.T.);
#5666=ADVANCED_FACE('',(#501),#247,.F.);
#5667=ADVANCED_FACE('',(#502),#5400,.T.);
#5668=ADVANCED_FACE('',(#503),#5401,.T.);
#5669=ADVANCED_FACE('',(#504),#5402,.T.);
#5670=ADVANCED_FACE('',(#505),#5403,.T.);
#5671=ADVANCED_FACE('',(#506),#248,.F.);
#5672=ADVANCED_FACE('',(#507),#5404,.T.);
#5673=ADVANCED_FACE('',(#508),#5405,.T.);
#5674=ADVANCED_FACE('',(#509),#5406,.T.);
#5675=ADVANCED_FACE('',(#510),#5407,.T.);
#5676=ADVANCED_FACE('',(#511),#249,.F.);
#5677=ADVANCED_FACE('',(#512),#5408,.T.);
#5678=ADVANCED_FACE('',(#513),#5409,.T.);
#5679=ADVANCED_FACE('',(#514),#5410,.T.);
#5680=ADVANCED_FACE('',(#515),#5411,.T.);
#5681=ADVANCED_FACE('',(#516),#250,.F.);
#5682=ADVANCED_FACE('',(#517),#5412,.T.);
#5683=ADVANCED_FACE('',(#518),#5413,.T.);
#5684=ADVANCED_FACE('',(#519),#5414,.T.);
#5685=ADVANCED_FACE('',(#520),#5415,.T.);
#5686=ADVANCED_FACE('',(#521),#251,.F.);
#5687=ADVANCED_FACE('',(#522),#5416,.T.);
#5688=ADVANCED_FACE('',(#523),#5417,.T.);
#5689=ADVANCED_FACE('',(#524),#5418,.T.);
#5690=ADVANCED_FACE('',(#525),#5419,.T.);
#5691=ADVANCED_FACE('',(#526),#252,.F.);
#5692=ADVANCED_FACE('',(#527),#5420,.T.);
#5693=ADVANCED_FACE('',(#528),#5421,.T.);
#5694=ADVANCED_FACE('',(#529),#5422,.T.);
#5695=ADVANCED_FACE('',(#530),#5423,.T.);
#5696=ADVANCED_FACE('',(#531),#253,.F.);
#5697=ADVANCED_FACE('',(#532),#5424,.T.);
#5698=ADVANCED_FACE('',(#533),#5425,.T.);
#5699=ADVANCED_FACE('',(#534),#5426,.T.);
#5700=ADVANCED_FACE('',(#535),#5427,.T.);
#5701=ADVANCED_FACE('',(#536),#254,.F.);
#5702=ADVANCED_FACE('',(#537),#5428,.T.);
#5703=ADVANCED_FACE('',(#538),#5429,.T.);
#5704=ADVANCED_FACE('',(#539),#5430,.T.);
#5705=ADVANCED_FACE('',(#540),#5431,.T.);
#5706=ADVANCED_FACE('',(#541),#255,.F.);
#5707=ADVANCED_FACE('',(#542),#5432,.T.);
#5708=ADVANCED_FACE('',(#543),#5433,.T.);
#5709=ADVANCED_FACE('',(#544),#5434,.T.);
#5710=ADVANCED_FACE('',(#545),#5435,.T.);
#5711=ADVANCED_FACE('',(#546),#256,.F.);
#5712=ADVANCED_FACE('',(#547),#5436,.T.);
#5713=ADVANCED_FACE('',(#548),#5437,.T.);
#5714=ADVANCED_FACE('',(#549),#5438,.T.);
#5715=ADVANCED_FACE('',(#550),#5439,.T.);
#5716=ADVANCED_FACE('',(#551),#257,.F.);
#5717=ADVANCED_FACE('',(#552),#5440,.T.);
#5718=ADVANCED_FACE('',(#553),#5441,.T.);
#5719=ADVANCED_FACE('',(#554),#5442,.T.);
#5720=ADVANCED_FACE('',(#555),#5443,.T.);
#5721=ADVANCED_FACE('',(#556),#258,.F.);
#5722=ADVANCED_FACE('',(#557),#259,.T.);
#5723=ADVANCED_FACE('',(#558,#348),#5444,.T.);
#5724=ADVANCED_FACE('',(#559,#349),#5445,.F.);
#5725=ADVANCED_FACE('',(#560),#5446,.T.);
#5726=ADVANCED_FACE('',(#561),#5447,.T.);
#5727=ADVANCED_FACE('',(#562),#5448,.T.);
#5728=ADVANCED_FACE('',(#563),#5449,.T.);
#5729=ADVANCED_FACE('',(#564),#5450,.T.);
#5730=ADVANCED_FACE('',(#565),#5451,.F.);
#5731=ADVANCED_FACE('',(#566),#5452,.F.);
#5732=ADVANCED_FACE('',(#567),#5453,.F.);
#5733=ADVANCED_FACE('',(#568),#5454,.T.);
#5734=ADVANCED_FACE('',(#569),#5455,.T.);
#5735=ADVANCED_FACE('',(#570),#260,.T.);
#5736=ADVANCED_FACE('',(#571),#5456,.T.);
#5737=ADVANCED_FACE('',(#572,#350),#5457,.T.);
#5738=ADVANCED_FACE('',(#573),#261,.T.);
#5739=ADVANCED_FACE('',(#574),#5458,.T.);
#5740=ADVANCED_FACE('',(#575),#5459,.T.);
#5741=ADVANCED_FACE('',(#576),#262,.T.);
#5742=ADVANCED_FACE('',(#577),#5460,.T.);
#5743=ADVANCED_FACE('',(#578),#263,.T.);
#5744=ADVANCED_FACE('',(#579),#5461,.T.);
#5745=ADVANCED_FACE('',(#580),#264,.T.);
#5746=ADVANCED_FACE('',(#581),#5462,.T.);
#5747=ADVANCED_FACE('',(#582),#265,.T.);
#5748=ADVANCED_FACE('',(#583),#5463,.T.);
#5749=ADVANCED_FACE('',(#584),#5464,.T.);
#5750=ADVANCED_FACE('',(#585),#266,.T.);
#5751=ADVANCED_FACE('',(#586),#5465,.T.);
#5752=ADVANCED_FACE('',(#587),#5466,.T.);
#5753=ADVANCED_FACE('',(#588),#267,.T.);
#5754=ADVANCED_FACE('',(#589),#5467,.T.);
#5755=ADVANCED_FACE('',(#590,#351),#5468,.T.);
#5756=ADVANCED_FACE('',(#591),#268,.T.);
#5757=ADVANCED_FACE('',(#592),#5469,.T.);
#5758=ADVANCED_FACE('',(#593),#269,.T.);
#5759=ADVANCED_FACE('',(#594),#270,.T.);
#5760=ADVANCED_FACE('',(#595),#5470,.T.);
#5761=ADVANCED_FACE('',(#596),#271,.T.);
#5762=ADVANCED_FACE('',(#597,#352),#5471,.T.);
#5763=ADVANCED_FACE('',(#598),#272,.T.);
#5764=ADVANCED_FACE('',(#599,#353),#5472,.T.);
#5765=ADVANCED_FACE('',(#600),#273,.T.);
#5766=ADVANCED_FACE('',(#601),#5473,.T.);
#5767=ADVANCED_FACE('',(#602),#121,.T.);
#5768=ADVANCED_FACE('',(#603),#5474,.T.);
#5769=ADVANCED_FACE('',(#604),#5475,.T.);
#5770=ADVANCED_FACE('',(#605),#5476,.T.);
#5771=ADVANCED_FACE('',(#606),#5477,.T.);
#5772=ADVANCED_FACE('',(#607),#5478,.F.);
#5773=ADVANCED_FACE('',(#608),#5479,.F.);
#5774=ADVANCED_FACE('',(#609),#274,.F.);
#5775=ADVANCED_FACE('',(#610),#5480,.T.);
#5776=ADVANCED_FACE('',(#611),#5481,.T.);
#5777=ADVANCED_FACE('',(#612),#5482,.T.);
#5778=ADVANCED_FACE('',(#613),#275,.F.);
#5779=ADVANCED_FACE('',(#614),#5483,.T.);
#5780=ADVANCED_FACE('',(#615),#5484,.T.);
#5781=ADVANCED_FACE('',(#616),#5485,.T.);
#5782=ADVANCED_FACE('',(#617),#5486,.T.);
#5783=ADVANCED_FACE('',(#618),#5487,.T.);
#5784=ADVANCED_FACE('',(#619),#5488,.T.);
#5785=ADVANCED_FACE('',(#620),#276,.F.);
#5786=ADVANCED_FACE('',(#621),#5489,.T.);
#5787=ADVANCED_FACE('',(#622),#5490,.T.);
#5788=ADVANCED_FACE('',(#623),#5491,.T.);
#5789=ADVANCED_FACE('',(#624),#277,.F.);
#5790=ADVANCED_FACE('',(#625),#5492,.T.);
#5791=ADVANCED_FACE('',(#626),#5493,.T.);
#5792=ADVANCED_FACE('',(#627),#5494,.T.);
#5793=ADVANCED_FACE('',(#628),#5495,.T.);
#5794=ADVANCED_FACE('',(#629),#5496,.T.);
#5795=ADVANCED_FACE('',(#630),#5497,.T.);
#5796=ADVANCED_FACE('',(#631),#5498,.F.);
#5797=ADVANCED_FACE('',(#632),#278,.T.);
#5798=ADVANCED_FACE('',(#633),#5499,.T.);
#5799=ADVANCED_FACE('',(#634,#354),#5500,.T.);
#5800=ADVANCED_FACE('',(#635),#279,.T.);
#5801=ADVANCED_FACE('',(#636),#5501,.T.);
#5802=ADVANCED_FACE('',(#637),#280,.T.);
#5803=ADVANCED_FACE('',(#638),#5502,.T.);
#5804=ADVANCED_FACE('',(#639),#5503,.T.);
#5805=ADVANCED_FACE('',(#640),#5504,.T.);
#5806=ADVANCED_FACE('',(#641),#5505,.T.);
#5807=ADVANCED_FACE('',(#642),#5506,.T.);
#5808=ADVANCED_FACE('',(#643),#5507,.T.);
#5809=ADVANCED_FACE('',(#644),#281,.T.);
#5810=ADVANCED_FACE('',(#645),#5508,.T.);
#5811=ADVANCED_FACE('',(#646,#355),#5509,.F.);
#5812=ADVANCED_FACE('',(#647),#5510,.T.);
#5813=ADVANCED_FACE('',(#648),#5511,.T.);
#5814=ADVANCED_FACE('',(#649),#5512,.T.);
#5815=ADVANCED_FACE('',(#650),#5513,.T.);
#5816=ADVANCED_FACE('',(#651),#5514,.T.);
#5817=ADVANCED_FACE('',(#652),#5515,.F.);
#5818=ADVANCED_FACE('',(#653),#5516,.T.);
#5819=ADVANCED_FACE('',(#654),#282,.F.);
#5820=ADVANCED_FACE('',(#655),#5517,.T.);
#5821=ADVANCED_FACE('',(#656),#5518,.T.);
#5822=ADVANCED_FACE('',(#657),#5519,.T.);
#5823=ADVANCED_FACE('',(#658),#5520,.F.);
#5824=CLOSED_SHELL('',(#5521,#5522,#5523,#5524,#5525,#5526,#5527,#5528,
#5529,#5530));
#5825=CLOSED_SHELL('',(#5531,#5532,#5533,#5534,#5535,#5536,#5537,#5538,
#5539,#5540,#5541));
#5826=CLOSED_SHELL('',(#5542,#5543,#5544,#5545,#5546,#5547,#5548,#5549,
#5550,#5551,#5552,#5553,#5554,#5555,#5556,#5557));
#5827=CLOSED_SHELL('',(#5558,#5559,#5560,#5561,#5562,#5563,#5564,#5565,
#5566,#5567,#5568,#5569));
#5828=CLOSED_SHELL('',(#5570,#5571,#5572,#5573,#5574,#5575,#5576,#5577,
#5578,#5579));
#5829=CLOSED_SHELL('',(#5580,#5581,#5582,#5583,#5584,#5585,#5586));
#5830=CLOSED_SHELL('',(#5587,#5588,#5589,#5590,#5591,#5592,#5593,#5594,
#5595,#5596));
#5831=CLOSED_SHELL('',(#5597,#5598,#5599,#5600,#5601,#5602,#5603,#5604,
#5605,#5606,#5607,#5608,#5609,#5610,#5611,#5612,#5613,#5614,#5615,#5616,
#5617,#5618,#5619,#5620,#5621,#5622,#5623,#5624,#5625,#5626,#5627,#5628,
#5629,#5630,#5631,#5632,#5633,#5634,#5635,#5636,#5637,#5638,#5639,#5640,
#5641,#5642,#5643,#5644,#5645,#5646,#5647,#5648,#5649,#5650,#5651,#5652,
#5653,#5654,#5655,#5656,#5657,#5658,#5659,#5660,#5661,#5662,#5663,#5664,
#5665,#5666,#5667,#5668,#5669,#5670,#5671,#5672,#5673,#5674,#5675,#5676,
#5677,#5678,#5679,#5680,#5681,#5682,#5683,#5684,#5685,#5686,#5687,#5688,
#5689,#5690,#5691,#5692,#5693,#5694,#5695,#5696,#5697,#5698,#5699,#5700,
#5701,#5702,#5703,#5704,#5705,#5706,#5707,#5708,#5709,#5710,#5711,#5712,
#5713,#5714,#5715,#5716,#5717,#5718,#5719,#5720,#5721,#5722,#5723,#5724));
#5832=CLOSED_SHELL('',(#5725,#5726,#5727,#5728,#5729,#5730));
#5833=CLOSED_SHELL('',(#5731,#5732,#5733,#5734,#5735,#5736,#5737,#5738,
#5739,#5740,#5741,#5742,#5743,#5744,#5745,#5746,#5747,#5748,#5749,#5750,
#5751,#5752,#5753,#5754,#5755,#5756,#5757,#5758,#5759,#5760,#5761,#5762,
#5763,#5764,#5765,#5766,#5767,#5768,#5769,#5770,#5771,#5772,#5773,#5774,
#5775,#5776,#5777,#5778,#5779,#5780,#5781,#5782,#5783,#5784,#5785,#5786,
#5787,#5788,#5789,#5790,#5791,#5792,#5793,#5794,#5795,#5796));
#5834=CLOSED_SHELL('',(#5797,#5798,#5799,#5800,#5801,#5802,#5803,#5804,
#5805,#5806,#5807,#5808,#5809,#5810,#5811));
#5835=CLOSED_SHELL('',(#5812,#5813,#5814,#5815,#5816,#5817));
#5836=CLOSED_SHELL('',(#5818,#5819,#5820,#5821,#5822,#5823));
#5837=DERIVED_UNIT_ELEMENT(#5861,1.);
#5838=DERIVED_UNIT_ELEMENT(#9730,-3.);
#5839=DERIVED_UNIT_ELEMENT(#5861,1.);
#5840=DERIVED_UNIT_ELEMENT(#9730,-3.);
#5841=DERIVED_UNIT_ELEMENT(#5861,1.);
#5842=DERIVED_UNIT_ELEMENT(#9730,-3.);
#5843=DERIVED_UNIT_ELEMENT(#5861,1.);
#5844=DERIVED_UNIT_ELEMENT(#9730,-3.);
#5845=DERIVED_UNIT_ELEMENT(#5861,1.);
#5846=DERIVED_UNIT_ELEMENT(#9730,-3.);
#5847=DERIVED_UNIT_ELEMENT(#5861,1.);
#5848=DERIVED_UNIT_ELEMENT(#9730,-3.);
#5849=DERIVED_UNIT_ELEMENT(#5861,1.);
#5850=DERIVED_UNIT_ELEMENT(#9730,-3.);
#5851=DERIVED_UNIT_ELEMENT(#5861,1.);
#5852=DERIVED_UNIT_ELEMENT(#9730,-3.);
#5853=DERIVED_UNIT_ELEMENT(#5861,1.);
#5854=DERIVED_UNIT_ELEMENT(#9730,-3.);
#5855=DERIVED_UNIT_ELEMENT(#5861,1.);
#5856=DERIVED_UNIT_ELEMENT(#9730,-3.);
#5857=DERIVED_UNIT_ELEMENT(#5861,1.);
#5858=DERIVED_UNIT_ELEMENT(#9730,-3.);
#5859=DERIVED_UNIT_ELEMENT(#5861,1.);
#5860=DERIVED_UNIT_ELEMENT(#9730,-3.);
#5861=(
MASS_UNIT()
NAMED_UNIT(*)
SI_UNIT(.KILO.,.GRAM.)
);
#5862=DERIVED_UNIT((#5837,#5838));
#5863=DERIVED_UNIT((#5839,#5840));
#5864=DERIVED_UNIT((#5841,#5842));
#5865=DERIVED_UNIT((#5843,#5844));
#5866=DERIVED_UNIT((#5845,#5846));
#5867=DERIVED_UNIT((#5847,#5848));
#5868=DERIVED_UNIT((#5849,#5850));
#5869=DERIVED_UNIT((#5851,#5852));
#5870=DERIVED_UNIT((#5853,#5854));
#5871=DERIVED_UNIT((#5855,#5856));
#5872=DERIVED_UNIT((#5857,#5858));
#5873=DERIVED_UNIT((#5859,#5860));
#5874=MEASURE_REPRESENTATION_ITEM('density measure',
POSITIVE_RATIO_MEASURE(7850.),#5862);
#5875=MEASURE_REPRESENTATION_ITEM('density measure',
POSITIVE_RATIO_MEASURE(7850.),#5863);
#5876=MEASURE_REPRESENTATION_ITEM('density measure',
POSITIVE_RATIO_MEASURE(930.),#5864);
#5877=MEASURE_REPRESENTATION_ITEM('density measure',
POSITIVE_RATIO_MEASURE(7850.),#5865);
#5878=MEASURE_REPRESENTATION_ITEM('density measure',
POSITIVE_RATIO_MEASURE(7850.),#5866);
#5879=MEASURE_REPRESENTATION_ITEM('density measure',
POSITIVE_RATIO_MEASURE(7850.),#5867);
#5880=MEASURE_REPRESENTATION_ITEM('density measure',
POSITIVE_RATIO_MEASURE(7850.),#5868);
#5881=MEASURE_REPRESENTATION_ITEM('density measure',
POSITIVE_RATIO_MEASURE(1060.),#5869);
#5882=MEASURE_REPRESENTATION_ITEM('density measure',
POSITIVE_RATIO_MEASURE(7850.),#5870);
#5883=MEASURE_REPRESENTATION_ITEM('density measure',
POSITIVE_RATIO_MEASURE(7850.),#5871);
#5884=MEASURE_REPRESENTATION_ITEM('density measure',
POSITIVE_RATIO_MEASURE(7850.),#5872);
#5885=MEASURE_REPRESENTATION_ITEM('density measure',
POSITIVE_RATIO_MEASURE(7850.),#5873);
#5886=PROPERTY_DEFINITION_REPRESENTATION(#5946,#5910);
#5887=PROPERTY_DEFINITION_REPRESENTATION(#5947,#5911);
#5888=PROPERTY_DEFINITION_REPRESENTATION(#5948,#5912);
#5889=PROPERTY_DEFINITION_REPRESENTATION(#5949,#5913);
#5890=PROPERTY_DEFINITION_REPRESENTATION(#5950,#5914);
#5891=PROPERTY_DEFINITION_REPRESENTATION(#5951,#5915);
#5892=PROPERTY_DEFINITION_REPRESENTATION(#5952,#5916);
#5893=PROPERTY_DEFINITION_REPRESENTATION(#5953,#5917);
#5894=PROPERTY_DEFINITION_REPRESENTATION(#5954,#5918);
#5895=PROPERTY_DEFINITION_REPRESENTATION(#5955,#5919);
#5896=PROPERTY_DEFINITION_REPRESENTATION(#5956,#5920);
#5897=PROPERTY_DEFINITION_REPRESENTATION(#5957,#5921);
#5898=PROPERTY_DEFINITION_REPRESENTATION(#5958,#5922);
#5899=PROPERTY_DEFINITION_REPRESENTATION(#5959,#5923);
#5900=PROPERTY_DEFINITION_REPRESENTATION(#5960,#5924);
#5901=PROPERTY_DEFINITION_REPRESENTATION(#5961,#5925);
#5902=PROPERTY_DEFINITION_REPRESENTATION(#5962,#5926);
#5903=PROPERTY_DEFINITION_REPRESENTATION(#5963,#5927);
#5904=PROPERTY_DEFINITION_REPRESENTATION(#5964,#5928);
#5905=PROPERTY_DEFINITION_REPRESENTATION(#5965,#5929);
#5906=PROPERTY_DEFINITION_REPRESENTATION(#5966,#5930);
#5907=PROPERTY_DEFINITION_REPRESENTATION(#5967,#5931);
#5908=PROPERTY_DEFINITION_REPRESENTATION(#5968,#5932);
#5909=PROPERTY_DEFINITION_REPRESENTATION(#5969,#5933);
#5910=REPRESENTATION('material name',(#5934),#9716);
#5911=REPRESENTATION('density',(#5874),#9716);
#5912=REPRESENTATION('material name',(#5935),#9717);
#5913=REPRESENTATION('density',(#5875),#9717);
#5914=REPRESENTATION('material name',(#5936),#9718);
#5915=REPRESENTATION('density',(#5876),#9718);
#5916=REPRESENTATION('material name',(#5937),#9719);
#5917=REPRESENTATION('density',(#5877),#9719);
#5918=REPRESENTATION('material name',(#5938),#9720);
#5919=REPRESENTATION('density',(#5878),#9720);
#5920=REPRESENTATION('material name',(#5939),#9721);
#5921=REPRESENTATION('density',(#5879),#9721);
#5922=REPRESENTATION('material name',(#5940),#9722);
#5923=REPRESENTATION('density',(#5880),#9722);
#5924=REPRESENTATION('material name',(#5941),#9723);
#5925=REPRESENTATION('density',(#5881),#9723);
#5926=REPRESENTATION('material name',(#5942),#9724);
#5927=REPRESENTATION('density',(#5882),#9724);
#5928=REPRESENTATION('material name',(#5943),#9725);
#5929=REPRESENTATION('density',(#5883),#9725);
#5930=REPRESENTATION('material name',(#5944),#9726);
#5931=REPRESENTATION('density',(#5884),#9726);
#5932=REPRESENTATION('material name',(#5945),#9727);
#5933=REPRESENTATION('density',(#5885),#9727);
#5934=DESCRIPTIVE_REPRESENTATION_ITEM('Steel','Steel');
#5935=DESCRIPTIVE_REPRESENTATION_ITEM('Steel','Steel');
#5936=DESCRIPTIVE_REPRESENTATION_ITEM('Rubber','Rubber');
#5937=DESCRIPTIVE_REPRESENTATION_ITEM('Steel','Steel');
#5938=DESCRIPTIVE_REPRESENTATION_ITEM('Steel','Steel');
#5939=DESCRIPTIVE_REPRESENTATION_ITEM('Steel','Steel');
#5940=DESCRIPTIVE_REPRESENTATION_ITEM('Steel','Steel');
#5941=DESCRIPTIVE_REPRESENTATION_ITEM('ABS Plastic','ABS Plastic');
#5942=DESCRIPTIVE_REPRESENTATION_ITEM('Steel','Steel');
#5943=DESCRIPTIVE_REPRESENTATION_ITEM('\X2\92FC\X0\','\X2\92FC\X0\');
#5944=DESCRIPTIVE_REPRESENTATION_ITEM('Steel','Steel');
#5945=DESCRIPTIVE_REPRESENTATION_ITEM('Steel','Steel');
#5946=PROPERTY_DEFINITION('material property','material name',#9800);
#5947=PROPERTY_DEFINITION('material property','density of part',#9800);
#5948=PROPERTY_DEFINITION('material property','material name',#9801);
#5949=PROPERTY_DEFINITION('material property','density of part',#9801);
#5950=PROPERTY_DEFINITION('material property','material name',#9802);
#5951=PROPERTY_DEFINITION('material property','density of part',#9802);
#5952=PROPERTY_DEFINITION('material property','material name',#9803);
#5953=PROPERTY_DEFINITION('material property','density of part',#9803);
#5954=PROPERTY_DEFINITION('material property','material name',#9804);
#5955=PROPERTY_DEFINITION('material property','density of part',#9804);
#5956=PROPERTY_DEFINITION('material property','material name',#9805);
#5957=PROPERTY_DEFINITION('material property','density of part',#9805);
#5958=PROPERTY_DEFINITION('material property','material name',#9806);
#5959=PROPERTY_DEFINITION('material property','density of part',#9806);
#5960=PROPERTY_DEFINITION('material property','material name',#9807);
#5961=PROPERTY_DEFINITION('material property','density of part',#9807);
#5962=PROPERTY_DEFINITION('material property','material name',#9808);
#5963=PROPERTY_DEFINITION('material property','density of part',#9808);
#5964=PROPERTY_DEFINITION('material property','material name',#9809);
#5965=PROPERTY_DEFINITION('material property','density of part',#9809);
#5966=PROPERTY_DEFINITION('material property','material name',#9810);
#5967=PROPERTY_DEFINITION('material property','density of part',#9810);
#5968=PROPERTY_DEFINITION('material property','material name',#9811);
#5969=PROPERTY_DEFINITION('material property','density of part',#9811);
#5970=AXIS2_PLACEMENT_3D('',#8012,#6419,#6420);
#5971=AXIS2_PLACEMENT_3D('',#8013,#6421,#6422);
#5972=AXIS2_PLACEMENT_3D('',#8014,#6423,#6424);
#5973=AXIS2_PLACEMENT_3D('',#8023,#6429,#6430);
#5974=AXIS2_PLACEMENT_3D('',#8029,#6434,#6435);
#5975=AXIS2_PLACEMENT_3D('',#8035,#6439,#6440);
#5976=AXIS2_PLACEMENT_3D('',#8038,#6443,#6444);
#5977=AXIS2_PLACEMENT_3D('',#8047,#6449,#6450);
#5978=AXIS2_PLACEMENT_3D('',#8053,#6454,#6455);
#5979=AXIS2_PLACEMENT_3D('',#8059,#6459,#6460);
#5980=AXIS2_PLACEMENT_3D('',#8062,#6463,#6464);
#5981=AXIS2_PLACEMENT_3D('',#8063,#6465,#6466);
#5982=AXIS2_PLACEMENT_3D('',#8064,#6467,#6468);
#5983=AXIS2_PLACEMENT_3D('',#8065,#6469,#6470);
#5984=AXIS2_PLACEMENT_3D('',#8074,#6475,#6476);
#5985=AXIS2_PLACEMENT_3D('',#8083,#6481,#6482);
#5986=AXIS2_PLACEMENT_3D('',#8086,#6485,#6486);
#5987=AXIS2_PLACEMENT_3D('',#8088,#6488,#6489);
#5988=AXIS2_PLACEMENT_3D('',#8090,#6491,#6492);
#5989=AXIS2_PLACEMENT_3D('',#8099,#6497,#6498);
#5990=AXIS2_PLACEMENT_3D('',#8105,#6502,#6503);
#5991=AXIS2_PLACEMENT_3D('',#8111,#6507,#6508);
#5992=AXIS2_PLACEMENT_3D('',#8114,#6511,#6512);
#5993=AXIS2_PLACEMENT_3D('',#8115,#6513,#6514);
#5994=AXIS2_PLACEMENT_3D('',#8116,#6515,#6516);
#5995=AXIS2_PLACEMENT_3D('',#8117,#6517,#6518);
#5996=AXIS2_PLACEMENT_3D('',#8126,#6523,#6524);
#5997=AXIS2_PLACEMENT_3D('',#8132,#6528,#6529);
#5998=AXIS2_PLACEMENT_3D('',#8138,#6533,#6534);
#5999=AXIS2_PLACEMENT_3D('',#8141,#6537,#6538);
#6000=AXIS2_PLACEMENT_3D('',#8150,#6543,#6544);
#6001=AXIS2_PLACEMENT_3D('',#8156,#6548,#6549);
#6002=AXIS2_PLACEMENT_3D('',#8162,#6553,#6554);
#6003=AXIS2_PLACEMENT_3D('',#8165,#6557,#6558);
#6004=AXIS2_PLACEMENT_3D('',#8166,#6559,#6560);
#6005=AXIS2_PLACEMENT_3D('',#8175,#6565,#6566);
#6006=AXIS2_PLACEMENT_3D('',#8181,#6570,#6571);
#6007=AXIS2_PLACEMENT_3D('',#8185,#6574,#6575);
#6008=AXIS2_PLACEMENT_3D('',#8189,#6578,#6579);
#6009=AXIS2_PLACEMENT_3D('',#8191,#6581,#6582);
#6010=AXIS2_PLACEMENT_3D('',#8192,#6583,#6584);
#6011=AXIS2_PLACEMENT_3D('',#8193,#6585,#6586);
#6012=AXIS2_PLACEMENT_3D('',#8194,#6587,#6588);
#6013=AXIS2_PLACEMENT_3D('',#8196,#6589,#6590);
#6014=AXIS2_PLACEMENT_3D('',#8199,#6592,#6593);
#6015=AXIS2_PLACEMENT_3D('',#8200,#6594,#6595);
#6016=AXIS2_PLACEMENT_3D('',#8209,#6600,#6601);
#6017=AXIS2_PLACEMENT_3D('',#8215,#6605,#6606);
#6018=AXIS2_PLACEMENT_3D('',#8219,#6609,#6610);
#6019=AXIS2_PLACEMENT_3D('',#8223,#6613,#6614);
#6020=AXIS2_PLACEMENT_3D('',#8225,#6616,#6617);
#6021=AXIS2_PLACEMENT_3D('',#8234,#6622,#6623);
#6022=AXIS2_PLACEMENT_3D('',#8243,#6628,#6629);
#6023=AXIS2_PLACEMENT_3D('',#8246,#6632,#6633);
#6024=AXIS2_PLACEMENT_3D('',#8248,#6635,#6636);
#6025=AXIS2_PLACEMENT_3D('',#8250,#6638,#6639);
#6026=AXIS2_PLACEMENT_3D('',#8251,#6640,#6641);
#6027=AXIS2_PLACEMENT_3D('',#8252,#6642,#6643);
#6028=AXIS2_PLACEMENT_3D('',#8261,#6648,#6649);
#6029=AXIS2_PLACEMENT_3D('',#8267,#6653,#6654);
#6030=AXIS2_PLACEMENT_3D('',#8273,#6658,#6659);
#6031=AXIS2_PLACEMENT_3D('',#8276,#6662,#6663);
#6032=AXIS2_PLACEMENT_3D('',#8285,#6668,#6669);
#6033=AXIS2_PLACEMENT_3D('',#8291,#6673,#6674);
#6034=AXIS2_PLACEMENT_3D('',#8297,#6678,#6679);
#6035=AXIS2_PLACEMENT_3D('',#8300,#6682,#6683);
#6036=AXIS2_PLACEMENT_3D('',#8301,#6684,#6685);
#6037=AXIS2_PLACEMENT_3D('',#8302,#6686,#6687);
#6038=AXIS2_PLACEMENT_3D('',#8303,#6688,#6689);
#6039=AXIS2_PLACEMENT_3D('',#8305,#6690,#6691);
#6040=AXIS2_PLACEMENT_3D('',#8308,#6693,#6694);
#6041=AXIS2_PLACEMENT_3D('',#8309,#6695,#6696);
#6042=AXIS2_PLACEMENT_3D('',#8311,#6697,#6698);
#6043=AXIS2_PLACEMENT_3D('',#8314,#6700,#6701);
#6044=AXIS2_PLACEMENT_3D('',#8315,#6702,#6703);
#6045=AXIS2_PLACEMENT_3D('',#8324,#6708,#6709);
#6046=AXIS2_PLACEMENT_3D('',#8330,#6713,#6714);
#6047=AXIS2_PLACEMENT_3D('',#8333,#6717,#6718);
#6048=AXIS2_PLACEMENT_3D('',#8334,#6719,#6720);
#6049=AXIS2_PLACEMENT_3D('',#8335,#6721,#6722);
#6050=AXIS2_PLACEMENT_3D('',#8336,#6723,#6724);
#6051=AXIS2_PLACEMENT_3D('',#8345,#6729,#6730);
#6052=AXIS2_PLACEMENT_3D('',#8351,#6734,#6735);
#6053=AXIS2_PLACEMENT_3D('',#8357,#6739,#6740);
#6054=AXIS2_PLACEMENT_3D('',#8363,#6744,#6745);
#6055=AXIS2_PLACEMENT_3D('',#8369,#6749,#6750);
#6056=AXIS2_PLACEMENT_3D('',#8375,#6754,#6755);
#6057=AXIS2_PLACEMENT_3D('',#8381,#6759,#6760);
#6058=AXIS2_PLACEMENT_3D('',#8384,#6763,#6764);
#6059=AXIS2_PLACEMENT_3D('',#8385,#6765,#6766);
#6060=AXIS2_PLACEMENT_3D('',#8386,#6767,#6768);
#6061=AXIS2_PLACEMENT_3D('',#8387,#6769,#6770);
#6062=AXIS2_PLACEMENT_3D('',#8396,#6775,#6776);
#6063=AXIS2_PLACEMENT_3D('',#8402,#6780,#6781);
#6064=AXIS2_PLACEMENT_3D('',#8408,#6785,#6786);
#6065=AXIS2_PLACEMENT_3D('',#8414,#6790,#6791);
#6066=AXIS2_PLACEMENT_3D('',#8416,#6792,#6793);
#6067=AXIS2_PLACEMENT_3D('',#8418,#6794,#6795);
#6068=AXIS2_PLACEMENT_3D('',#8420,#6797,#6798);
#6069=AXIS2_PLACEMENT_3D('',#8424,#6802,#6803);
#6070=AXIS2_PLACEMENT_3D('',#8430,#6807,#6808);
#6071=AXIS2_PLACEMENT_3D('',#8436,#6812,#6813);
#6072=AXIS2_PLACEMENT_3D('',#8442,#6817,#6818);
#6073=AXIS2_PLACEMENT_3D('',#8444,#6819,#6820);
#6074=AXIS2_PLACEMENT_3D('',#8446,#6821,#6822);
#6075=AXIS2_PLACEMENT_3D('',#8448,#6824,#6825);
#6076=AXIS2_PLACEMENT_3D('',#8452,#6829,#6830);
#6077=AXIS2_PLACEMENT_3D('',#8458,#6834,#6835);
#6078=AXIS2_PLACEMENT_3D('',#8464,#6839,#6840);
#6079=AXIS2_PLACEMENT_3D('',#8470,#6844,#6845);
#6080=AXIS2_PLACEMENT_3D('',#8472,#6846,#6847);
#6081=AXIS2_PLACEMENT_3D('',#8474,#6848,#6849);
#6082=AXIS2_PLACEMENT_3D('',#8476,#6851,#6852);
#6083=AXIS2_PLACEMENT_3D('',#8480,#6856,#6857);
#6084=AXIS2_PLACEMENT_3D('',#8486,#6861,#6862);
#6085=AXIS2_PLACEMENT_3D('',#8492,#6866,#6867);
#6086=AXIS2_PLACEMENT_3D('',#8498,#6871,#6872);
#6087=AXIS2_PLACEMENT_3D('',#8500,#6873,#6874);
#6088=AXIS2_PLACEMENT_3D('',#8502,#6875,#6876);
#6089=AXIS2_PLACEMENT_3D('',#8504,#6878,#6879);
#6090=AXIS2_PLACEMENT_3D('',#8508,#6883,#6884);
#6091=AXIS2_PLACEMENT_3D('',#8514,#6888,#6889);
#6092=AXIS2_PLACEMENT_3D('',#8520,#6893,#6894);
#6093=AXIS2_PLACEMENT_3D('',#8526,#6898,#6899);
#6094=AXIS2_PLACEMENT_3D('',#8528,#6900,#6901);
#6095=AXIS2_PLACEMENT_3D('',#8530,#6902,#6903);
#6096=AXIS2_PLACEMENT_3D('',#8532,#6905,#6906);
#6097=AXIS2_PLACEMENT_3D('',#8536,#6910,#6911);
#6098=AXIS2_PLACEMENT_3D('',#8542,#6915,#6916);
#6099=AXIS2_PLACEMENT_3D('',#8548,#6920,#6921);
#6100=AXIS2_PLACEMENT_3D('',#8554,#6925,#6926);
#6101=AXIS2_PLACEMENT_3D('',#8556,#6927,#6928);
#6102=AXIS2_PLACEMENT_3D('',#8558,#6929,#6930);
#6103=AXIS2_PLACEMENT_3D('',#8560,#6932,#6933);
#6104=AXIS2_PLACEMENT_3D('',#8564,#6937,#6938);
#6105=AXIS2_PLACEMENT_3D('',#8570,#6942,#6943);
#6106=AXIS2_PLACEMENT_3D('',#8576,#6947,#6948);
#6107=AXIS2_PLACEMENT_3D('',#8582,#6952,#6953);
#6108=AXIS2_PLACEMENT_3D('',#8584,#6954,#6955);
#6109=AXIS2_PLACEMENT_3D('',#8586,#6956,#6957);
#6110=AXIS2_PLACEMENT_3D('',#8588,#6959,#6960);
#6111=AXIS2_PLACEMENT_3D('',#8592,#6964,#6965);
#6112=AXIS2_PLACEMENT_3D('',#8598,#6969,#6970);
#6113=AXIS2_PLACEMENT_3D('',#8604,#6974,#6975);
#6114=AXIS2_PLACEMENT_3D('',#8610,#6979,#6980);
#6115=AXIS2_PLACEMENT_3D('',#8612,#6981,#6982);
#6116=AXIS2_PLACEMENT_3D('',#8614,#6983,#6984);
#6117=AXIS2_PLACEMENT_3D('',#8616,#6986,#6987);
#6118=AXIS2_PLACEMENT_3D('',#8620,#6991,#6992);
#6119=AXIS2_PLACEMENT_3D('',#8626,#6996,#6997);
#6120=AXIS2_PLACEMENT_3D('',#8632,#7001,#7002);
#6121=AXIS2_PLACEMENT_3D('',#8638,#7006,#7007);
#6122=AXIS2_PLACEMENT_3D('',#8640,#7008,#7009);
#6123=AXIS2_PLACEMENT_3D('',#8642,#7010,#7011);
#6124=AXIS2_PLACEMENT_3D('',#8644,#7013,#7014);
#6125=AXIS2_PLACEMENT_3D('',#8648,#7018,#7019);
#6126=AXIS2_PLACEMENT_3D('',#8654,#7023,#7024);
#6127=AXIS2_PLACEMENT_3D('',#8660,#7028,#7029);
#6128=AXIS2_PLACEMENT_3D('',#8666,#7033,#7034);
#6129=AXIS2_PLACEMENT_3D('',#8668,#7035,#7036);
#6130=AXIS2_PLACEMENT_3D('',#8670,#7037,#7038);
#6131=AXIS2_PLACEMENT_3D('',#8672,#7040,#7041);
#6132=AXIS2_PLACEMENT_3D('',#8676,#7045,#7046);
#6133=AXIS2_PLACEMENT_3D('',#8682,#7050,#7051);
#6134=AXIS2_PLACEMENT_3D('',#8688,#7055,#7056);
#6135=AXIS2_PLACEMENT_3D('',#8694,#7060,#7061);
#6136=AXIS2_PLACEMENT_3D('',#8696,#7062,#7063);
#6137=AXIS2_PLACEMENT_3D('',#8698,#7064,#7065);
#6138=AXIS2_PLACEMENT_3D('',#8700,#7067,#7068);
#6139=AXIS2_PLACEMENT_3D('',#8704,#7072,#7073);
#6140=AXIS2_PLACEMENT_3D('',#8710,#7077,#7078);
#6141=AXIS2_PLACEMENT_3D('',#8716,#7082,#7083);
#6142=AXIS2_PLACEMENT_3D('',#8722,#7087,#7088);
#6143=AXIS2_PLACEMENT_3D('',#8724,#7089,#7090);
#6144=AXIS2_PLACEMENT_3D('',#8726,#7091,#7092);
#6145=AXIS2_PLACEMENT_3D('',#8728,#7094,#7095);
#6146=AXIS2_PLACEMENT_3D('',#8732,#7099,#7100);
#6147=AXIS2_PLACEMENT_3D('',#8738,#7104,#7105);
#6148=AXIS2_PLACEMENT_3D('',#8744,#7109,#7110);
#6149=AXIS2_PLACEMENT_3D('',#8750,#7114,#7115);
#6150=AXIS2_PLACEMENT_3D('',#8752,#7116,#7117);
#6151=AXIS2_PLACEMENT_3D('',#8754,#7118,#7119);
#6152=AXIS2_PLACEMENT_3D('',#8756,#7121,#7122);
#6153=AXIS2_PLACEMENT_3D('',#8760,#7126,#7127);
#6154=AXIS2_PLACEMENT_3D('',#8766,#7131,#7132);
#6155=AXIS2_PLACEMENT_3D('',#8772,#7136,#7137);
#6156=AXIS2_PLACEMENT_3D('',#8778,#7141,#7142);
#6157=AXIS2_PLACEMENT_3D('',#8780,#7143,#7144);
#6158=AXIS2_PLACEMENT_3D('',#8782,#7145,#7146);
#6159=AXIS2_PLACEMENT_3D('',#8784,#7148,#7149);
#6160=AXIS2_PLACEMENT_3D('',#8788,#7153,#7154);
#6161=AXIS2_PLACEMENT_3D('',#8794,#7158,#7159);
#6162=AXIS2_PLACEMENT_3D('',#8800,#7163,#7164);
#6163=AXIS2_PLACEMENT_3D('',#8806,#7168,#7169);
#6164=AXIS2_PLACEMENT_3D('',#8808,#7170,#7171);
#6165=AXIS2_PLACEMENT_3D('',#8810,#7172,#7173);
#6166=AXIS2_PLACEMENT_3D('',#8812,#7175,#7176);
#6167=AXIS2_PLACEMENT_3D('',#8816,#7180,#7181);
#6168=AXIS2_PLACEMENT_3D('',#8822,#7185,#7186);
#6169=AXIS2_PLACEMENT_3D('',#8828,#7190,#7191);
#6170=AXIS2_PLACEMENT_3D('',#8834,#7195,#7196);
#6171=AXIS2_PLACEMENT_3D('',#8836,#7197,#7198);
#6172=AXIS2_PLACEMENT_3D('',#8838,#7199,#7200);
#6173=AXIS2_PLACEMENT_3D('',#8840,#7202,#7203);
#6174=AXIS2_PLACEMENT_3D('',#8844,#7207,#7208);
#6175=AXIS2_PLACEMENT_3D('',#8850,#7212,#7213);
#6176=AXIS2_PLACEMENT_3D('',#8856,#7217,#7218);
#6177=AXIS2_PLACEMENT_3D('',#8862,#7222,#7223);
#6178=AXIS2_PLACEMENT_3D('',#8864,#7224,#7225);
#6179=AXIS2_PLACEMENT_3D('',#8866,#7226,#7227);
#6180=AXIS2_PLACEMENT_3D('',#8868,#7229,#7230);
#6181=AXIS2_PLACEMENT_3D('',#8872,#7234,#7235);
#6182=AXIS2_PLACEMENT_3D('',#8878,#7239,#7240);
#6183=AXIS2_PLACEMENT_3D('',#8884,#7244,#7245);
#6184=AXIS2_PLACEMENT_3D('',#8890,#7249,#7250);
#6185=AXIS2_PLACEMENT_3D('',#8892,#7251,#7252);
#6186=AXIS2_PLACEMENT_3D('',#8894,#7253,#7254);
#6187=AXIS2_PLACEMENT_3D('',#8896,#7256,#7257);
#6188=AXIS2_PLACEMENT_3D('',#8900,#7261,#7262);
#6189=AXIS2_PLACEMENT_3D('',#8906,#7266,#7267);
#6190=AXIS2_PLACEMENT_3D('',#8912,#7271,#7272);
#6191=AXIS2_PLACEMENT_3D('',#8918,#7276,#7277);
#6192=AXIS2_PLACEMENT_3D('',#8920,#7278,#7279);
#6193=AXIS2_PLACEMENT_3D('',#8922,#7280,#7281);
#6194=AXIS2_PLACEMENT_3D('',#8924,#7283,#7284);
#6195=AXIS2_PLACEMENT_3D('',#8928,#7288,#7289);
#6196=AXIS2_PLACEMENT_3D('',#8934,#7293,#7294);
#6197=AXIS2_PLACEMENT_3D('',#8940,#7298,#7299);
#6198=AXIS2_PLACEMENT_3D('',#8946,#7303,#7304);
#6199=AXIS2_PLACEMENT_3D('',#8948,#7305,#7306);
#6200=AXIS2_PLACEMENT_3D('',#8950,#7307,#7308);
#6201=AXIS2_PLACEMENT_3D('',#8952,#7310,#7311);
#6202=AXIS2_PLACEMENT_3D('',#8956,#7315,#7316);
#6203=AXIS2_PLACEMENT_3D('',#8962,#7320,#7321);
#6204=AXIS2_PLACEMENT_3D('',#8968,#7325,#7326);
#6205=AXIS2_PLACEMENT_3D('',#8974,#7330,#7331);
#6206=AXIS2_PLACEMENT_3D('',#8976,#7332,#7333);
#6207=AXIS2_PLACEMENT_3D('',#8978,#7334,#7335);
#6208=AXIS2_PLACEMENT_3D('',#8980,#7337,#7338);
#6209=AXIS2_PLACEMENT_3D('',#8984,#7342,#7343);
#6210=AXIS2_PLACEMENT_3D('',#8990,#7347,#7348);
#6211=AXIS2_PLACEMENT_3D('',#8996,#7352,#7353);
#6212=AXIS2_PLACEMENT_3D('',#9002,#7357,#7358);
#6213=AXIS2_PLACEMENT_3D('',#9004,#7359,#7360);
#6214=AXIS2_PLACEMENT_3D('',#9006,#7361,#7362);
#6215=AXIS2_PLACEMENT_3D('',#9008,#7364,#7365);
#6216=AXIS2_PLACEMENT_3D('',#9012,#7369,#7370);
#6217=AXIS2_PLACEMENT_3D('',#9018,#7374,#7375);
#6218=AXIS2_PLACEMENT_3D('',#9024,#7379,#7380);
#6219=AXIS2_PLACEMENT_3D('',#9030,#7384,#7385);
#6220=AXIS2_PLACEMENT_3D('',#9032,#7386,#7387);
#6221=AXIS2_PLACEMENT_3D('',#9034,#7388,#7389);
#6222=AXIS2_PLACEMENT_3D('',#9036,#7391,#7392);
#6223=AXIS2_PLACEMENT_3D('',#9040,#7396,#7397);
#6224=AXIS2_PLACEMENT_3D('',#9046,#7401,#7402);
#6225=AXIS2_PLACEMENT_3D('',#9052,#7406,#7407);
#6226=AXIS2_PLACEMENT_3D('',#9058,#7411,#7412);
#6227=AXIS2_PLACEMENT_3D('',#9060,#7413,#7414);
#6228=AXIS2_PLACEMENT_3D('',#9062,#7415,#7416);
#6229=AXIS2_PLACEMENT_3D('',#9064,#7418,#7419);
#6230=AXIS2_PLACEMENT_3D('',#9068,#7423,#7424);
#6231=AXIS2_PLACEMENT_3D('',#9074,#7428,#7429);
#6232=AXIS2_PLACEMENT_3D('',#9078,#7433,#7434);
#6233=AXIS2_PLACEMENT_3D('',#9084,#7438,#7439);
#6234=AXIS2_PLACEMENT_3D('',#9085,#7440,#7441);
#6235=AXIS2_PLACEMENT_3D('',#9086,#7442,#7443);
#6236=AXIS2_PLACEMENT_3D('',#9087,#7444,#7445);
#6237=AXIS2_PLACEMENT_3D('',#9089,#7446,#7447);
#6238=AXIS2_PLACEMENT_3D('',#9092,#7449,#7450);
#6239=AXIS2_PLACEMENT_3D('',#9093,#7451,#7452);
#6240=AXIS2_PLACEMENT_3D('',#9094,#7453,#7454);
#6241=AXIS2_PLACEMENT_3D('',#9095,#7455,#7456);
#6242=AXIS2_PLACEMENT_3D('',#9096,#7457,#7458);
#6243=AXIS2_PLACEMENT_3D('',#9105,#7463,#7464);
#6244=AXIS2_PLACEMENT_3D('',#9111,#7468,#7469);
#6245=AXIS2_PLACEMENT_3D('',#9117,#7473,#7474);
#6246=AXIS2_PLACEMENT_3D('',#9120,#7477,#7478);
#6247=AXIS2_PLACEMENT_3D('',#9121,#7479,#7480);
#6248=AXIS2_PLACEMENT_3D('',#9122,#7481,#7482);
#6249=AXIS2_PLACEMENT_3D('',#9123,#7483,#7484);
#6250=AXIS2_PLACEMENT_3D('',#9132,#7489,#7490);
#6251=AXIS2_PLACEMENT_3D('',#9141,#7495,#7496);
#6252=AXIS2_PLACEMENT_3D('',#9145,#7499,#7500);
#6253=AXIS2_PLACEMENT_3D('',#9149,#7503,#7504);
#6254=AXIS2_PLACEMENT_3D('',#9152,#7505,#7506);
#6255=AXIS2_PLACEMENT_3D('',#9156,#7508,#7509);
#6256=AXIS2_PLACEMENT_3D('',#9158,#7511,#7512);
#6257=AXIS2_PLACEMENT_3D('',#9172,#7520,#7521);
#6258=AXIS2_PLACEMENT_3D('',#9183,#7526,#7527);
#6259=AXIS2_PLACEMENT_3D('',#9186,#7529,#7530);
#6260=AXIS2_PLACEMENT_3D('',#9194,#7534,#7535);
#6261=AXIS2_PLACEMENT_3D('',#9202,#7539,#7540);
#6262=AXIS2_PLACEMENT_3D('',#9211,#7545,#7546);
#6263=AXIS2_PLACEMENT_3D('',#9221,#7551,#7552);
#6264=AXIS2_PLACEMENT_3D('',#9228,#7556,#7557);
#6265=AXIS2_PLACEMENT_3D('',#9232,#7559,#7560);
#6266=AXIS2_PLACEMENT_3D('',#9236,#7562,#7563);
#6267=AXIS2_PLACEMENT_3D('',#9243,#7567,#7568);
#6268=AXIS2_PLACEMENT_3D('',#9247,#7570,#7571);
#6269=AXIS2_PLACEMENT_3D('',#9251,#7574,#7575);
#6270=AXIS2_PLACEMENT_3D('',#9254,#7576,#7577);
#6271=AXIS2_PLACEMENT_3D('',#9257,#7580,#7581);
#6272=AXIS2_PLACEMENT_3D('',#9261,#7583,#7584);
#6273=AXIS2_PLACEMENT_3D('',#9265,#7586,#7587);
#6274=AXIS2_PLACEMENT_3D('',#9269,#7589,#7590);
#6275=AXIS2_PLACEMENT_3D('',#9291,#7593,#7594);
#6276=AXIS2_PLACEMENT_3D('',#9295,#7596,#7597);
#6277=AXIS2_PLACEMENT_3D('',#9297,#7599,#7600);
#6278=AXIS2_PLACEMENT_3D('',#9300,#7603,#7604);
#6279=AXIS2_PLACEMENT_3D('',#9303,#7606,#7607);
#6280=AXIS2_PLACEMENT_3D('',#9304,#7608,#7609);
#6281=AXIS2_PLACEMENT_3D('',#9308,#7612,#7613);
#6282=AXIS2_PLACEMENT_3D('',#9311,#7615,#7616);
#6283=AXIS2_PLACEMENT_3D('',#9312,#7617,#7618);
#6284=AXIS2_PLACEMENT_3D('',#9321,#7624,#7625);
#6285=AXIS2_PLACEMENT_3D('',#9324,#7627,#7628);
#6286=AXIS2_PLACEMENT_3D('',#9325,#7629,#7630);
#6287=AXIS2_PLACEMENT_3D('',#9327,#7632,#7633);
#6288=AXIS2_PLACEMENT_3D('',#9330,#7634,#7635);
#6289=AXIS2_PLACEMENT_3D('',#9333,#7638,#7639);
#6290=AXIS2_PLACEMENT_3D('',#9340,#7644,#7645);
#6291=AXIS2_PLACEMENT_3D('',#9342,#7647,#7648);
#6292=AXIS2_PLACEMENT_3D('',#9343,#7649,#7650);
#6293=AXIS2_PLACEMENT_3D('',#9345,#7651,#7652);
#6294=AXIS2_PLACEMENT_3D('',#9347,#7654,#7655);
#6295=AXIS2_PLACEMENT_3D('',#9350,#7658,#7659);
#6296=AXIS2_PLACEMENT_3D('',#9351,#7660,#7661);
#6297=AXIS2_PLACEMENT_3D('',#9352,#7662,#7663);
#6298=AXIS2_PLACEMENT_3D('',#9355,#7664,#7665);
#6299=AXIS2_PLACEMENT_3D('',#9358,#7668,#7669);
#6300=AXIS2_PLACEMENT_3D('',#9362,#7672,#7673);
#6301=AXIS2_PLACEMENT_3D('',#9384,#7676,#7677);
#6302=AXIS2_PLACEMENT_3D('',#9387,#7679,#7680);
#6303=AXIS2_PLACEMENT_3D('',#9389,#7681,#7682);
#6304=AXIS2_PLACEMENT_3D('',#9390,#7683,#7684);
#6305=AXIS2_PLACEMENT_3D('',#9393,#7687,#7688);
#6306=AXIS2_PLACEMENT_3D('',#9395,#7690,#7691);
#6307=AXIS2_PLACEMENT_3D('',#9396,#7692,#7693);
#6308=AXIS2_PLACEMENT_3D('',#9398,#7694,#7695);
#6309=AXIS2_PLACEMENT_3D('',#9401,#7697,#7698);
#6310=AXIS2_PLACEMENT_3D('',#9402,#7699,#7700);
#6311=AXIS2_PLACEMENT_3D('',#9403,#7701,#7702);
#6312=AXIS2_PLACEMENT_3D('',#9405,#7703,#7704);
#6313=AXIS2_PLACEMENT_3D('',#9408,#7706,#7707);
#6314=AXIS2_PLACEMENT_3D('',#9409,#7708,#7709);
#6315=AXIS2_PLACEMENT_3D('',#9410,#7710,#7711);
#6316=AXIS2_PLACEMENT_3D('',#9412,#7712,#7713);
#6317=AXIS2_PLACEMENT_3D('',#9414,#7715,#7716);
#6318=AXIS2_PLACEMENT_3D('',#9415,#7717,#7718);
#6319=AXIS2_PLACEMENT_3D('',#9416,#7719,#7720);
#6320=AXIS2_PLACEMENT_3D('',#9449,#7723,#7724);
#6321=AXIS2_PLACEMENT_3D('',#9450,#7725,#7726);
#6322=AXIS2_PLACEMENT_3D('',#9451,#7727,#7728);
#6323=AXIS2_PLACEMENT_3D('',#9452,#7729,#7730);
#6324=AXIS2_PLACEMENT_3D('',#9453,#7731,#7732);
#6325=AXIS2_PLACEMENT_3D('',#9461,#7736,#7737);
#6326=AXIS2_PLACEMENT_3D('',#9469,#7741,#7742);
#6327=AXIS2_PLACEMENT_3D('',#9475,#7746,#7747);
#6328=AXIS2_PLACEMENT_3D('',#9483,#7751,#7752);
#6329=AXIS2_PLACEMENT_3D('',#9491,#7756,#7757);
#6330=AXIS2_PLACEMENT_3D('',#9497,#7761,#7762);
#6331=AXIS2_PLACEMENT_3D('',#9500,#7765,#7766);
#6332=AXIS2_PLACEMENT_3D('',#9502,#7768,#7769);
#6333=AXIS2_PLACEMENT_3D('',#9504,#7771,#7772);
#6334=AXIS2_PLACEMENT_3D('',#9506,#7774,#7775);
#6335=AXIS2_PLACEMENT_3D('',#9508,#7777,#7778);
#6336=AXIS2_PLACEMENT_3D('',#9510,#7780,#7781);
#6337=AXIS2_PLACEMENT_3D('',#9512,#7783,#7784);
#6338=AXIS2_PLACEMENT_3D('',#9513,#7785,#7786);
#6339=AXIS2_PLACEMENT_3D('',#9515,#7788,#7789);
#6340=AXIS2_PLACEMENT_3D('',#9517,#7791,#7792);
#6341=AXIS2_PLACEMENT_3D('',#9519,#7794,#7795);
#6342=AXIS2_PLACEMENT_3D('',#9521,#7797,#7798);
#6343=AXIS2_PLACEMENT_3D('',#9523,#7800,#7801);
#6344=AXIS2_PLACEMENT_3D('',#9525,#7803,#7804);
#6345=AXIS2_PLACEMENT_3D('',#9527,#7806,#7807);
#6346=AXIS2_PLACEMENT_3D('',#9529,#7809,#7810);
#6347=AXIS2_PLACEMENT_3D('',#9531,#7812,#7813);
#6348=AXIS2_PLACEMENT_3D('',#9533,#7815,#7816);
#6349=AXIS2_PLACEMENT_3D('',#9534,#7817,#7818);
#6350=AXIS2_PLACEMENT_3D('',#9536,#7820,#7821);
#6351=AXIS2_PLACEMENT_3D('',#9538,#7823,#7824);
#6352=AXIS2_PLACEMENT_3D('',#9539,#7825,#7826);
#6353=AXIS2_PLACEMENT_3D('',#9540,#7827,#7828);
#6354=AXIS2_PLACEMENT_3D('',#9543,#7829,#7830);
#6355=AXIS2_PLACEMENT_3D('',#9547,#7832,#7833);
#6356=AXIS2_PLACEMENT_3D('',#9549,#7835,#7836);
#6357=AXIS2_PLACEMENT_3D('',#9555,#7840,#7841);
#6358=AXIS2_PLACEMENT_3D('',#9559,#7843,#7844);
#6359=AXIS2_PLACEMENT_3D('',#9563,#7846,#7847);
#6360=AXIS2_PLACEMENT_3D('',#9567,#7849,#7850);
#6361=AXIS2_PLACEMENT_3D('',#9577,#7856,#7857);
#6362=AXIS2_PLACEMENT_3D('',#9581,#7859,#7860);
#6363=AXIS2_PLACEMENT_3D('',#9583,#7862,#7863);
#6364=AXIS2_PLACEMENT_3D('',#9587,#7866,#7867);
#6365=AXIS2_PLACEMENT_3D('',#9591,#7869,#7870);
#6366=AXIS2_PLACEMENT_3D('',#9593,#7872,#7873);
#6367=AXIS2_PLACEMENT_3D('',#9595,#7875,#7876);
#6368=AXIS2_PLACEMENT_3D('',#9601,#7880,#7881);
#6369=AXIS2_PLACEMENT_3D('',#9605,#7884,#7885);
#6370=AXIS2_PLACEMENT_3D('',#9609,#7888,#7889);
#6371=AXIS2_PLACEMENT_3D('',#9611,#7891,#7892);
#6372=AXIS2_PLACEMENT_3D('',#9613,#7894,#7895);
#6373=AXIS2_PLACEMENT_3D('',#9615,#7896,#7897);
#6374=AXIS2_PLACEMENT_3D('',#9617,#7899,#7900);
#6375=AXIS2_PLACEMENT_3D('',#9619,#7902,#7903);
#6376=AXIS2_PLACEMENT_3D('',#9620,#7904,#7905);
#6377=AXIS2_PLACEMENT_3D('',#9621,#7906,#7907);
#6378=AXIS2_PLACEMENT_3D('',#9630,#7912,#7913);
#6379=AXIS2_PLACEMENT_3D('',#9636,#7917,#7918);
#6380=AXIS2_PLACEMENT_3D('',#9642,#7922,#7923);
#6381=AXIS2_PLACEMENT_3D('',#9645,#7926,#7927);
#6382=AXIS2_PLACEMENT_3D('',#9646,#7928,#7929);
#6383=AXIS2_PLACEMENT_3D('',#9647,#7930,#7931);
#6384=AXIS2_PLACEMENT_3D('',#9648,#7932,#7933);
#6385=AXIS2_PLACEMENT_3D('',#9657,#7938,#7939);
#6386=AXIS2_PLACEMENT_3D('',#9659,#7940,#7941);
#6387=AXIS2_PLACEMENT_3D('',#9661,#7942,#7943);
#6388=AXIS2_PLACEMENT_3D('',#9663,#7945,#7946);
#6389=AXIS2_PLACEMENT_3D('',#9669,#7950,#7951);
#6390=AXIS2_PLACEMENT_3D('',#9672,#7954,#7955);
#6391=AXIS2_PLACEMENT_3D('',#9673,#7956,#7957);
#6392=AXIS2_PLACEMENT_3D('',#9674,#7958,#7959);
#6393=AXIS2_PLACEMENT_3D('',#9675,#7960,#7961);
#6394=AXIS2_PLACEMENT_3D('',#9676,#7962,#7963);
#6395=AXIS2_PLACEMENT_3D('',#9677,#7964,#7965);
#6396=AXIS2_PLACEMENT_3D('',#9678,#7966,#7967);
#6397=AXIS2_PLACEMENT_3D('',#9679,#7968,#7969);
#6398=AXIS2_PLACEMENT_3D('',#9680,#7970,#7971);
#6399=AXIS2_PLACEMENT_3D('',#9681,#7972,#7973);
#6400=AXIS2_PLACEMENT_3D('',#9682,#7974,#7975);
#6401=AXIS2_PLACEMENT_3D('',#9683,#7976,#7977);
#6402=AXIS2_PLACEMENT_3D('',#9684,#7978,#7979);
#6403=AXIS2_PLACEMENT_3D('',#9685,#7980,#7981);
#6404=AXIS2_PLACEMENT_3D('',#9686,#7982,#7983);
#6405=AXIS2_PLACEMENT_3D('',#9687,#7984,#7985);
#6406=AXIS2_PLACEMENT_3D('',#9688,#7986,#7987);
#6407=AXIS2_PLACEMENT_3D('',#9689,#7988,#7989);
#6408=AXIS2_PLACEMENT_3D('',#9690,#7990,#7991);
#6409=AXIS2_PLACEMENT_3D('',#9691,#7992,#7993);
#6410=AXIS2_PLACEMENT_3D('',#9692,#7994,#7995);
#6411=AXIS2_PLACEMENT_3D('',#9693,#7996,#7997);
#6412=AXIS2_PLACEMENT_3D('',#9694,#7998,#7999);
#6413=AXIS2_PLACEMENT_3D('',#9695,#8000,#8001);
#6414=AXIS2_PLACEMENT_3D('',#9696,#8002,#8003);
#6415=AXIS2_PLACEMENT_3D('',#9697,#8004,#8005);
#6416=AXIS2_PLACEMENT_3D('',#9698,#8006,#8007);
#6417=AXIS2_PLACEMENT_3D('',#9699,#8008,#8009);
#6418=AXIS2_PLACEMENT_3D('',#9700,#8010,#8011);
#6419=DIRECTION('axis',(0.,0.,1.));
#6420=DIRECTION('refdir',(1.,0.,0.));
#6421=DIRECTION('axis',(0.,0.,1.));
#6422=DIRECTION('refdir',(1.,0.,0.));
#6423=DIRECTION('center_axis',(0.,-1.,0.));
#6424=DIRECTION('ref_axis',(1.,0.,0.));
#6425=DIRECTION('',(1.,0.,0.));
#6426=DIRECTION('',(0.,0.,1.));
#6427=DIRECTION('',(1.,0.,0.));
#6428=DIRECTION('',(0.,0.,1.));
#6429=DIRECTION('center_axis',(1.,0.,0.));
#6430=DIRECTION('ref_axis',(0.,1.,0.));
#6431=DIRECTION('',(0.,1.,0.));
#6432=DIRECTION('',(0.,1.,0.));
#6433=DIRECTION('',(0.,0.,1.));
#6434=DIRECTION('center_axis',(0.,1.,0.));
#6435=DIRECTION('ref_axis',(-1.,0.,0.));
#6436=DIRECTION('',(-1.,0.,0.));
#6437=DIRECTION('',(-1.,0.,0.));
#6438=DIRECTION('',(0.,0.,1.));
#6439=DIRECTION('center_axis',(-1.,0.,0.));
#6440=DIRECTION('ref_axis',(0.,-1.,0.));
#6441=DIRECTION('',(0.,-1.,0.));
#6442=DIRECTION('',(0.,-1.,0.));
#6443=DIRECTION('center_axis',(0.,1.,0.));
#6444=DIRECTION('ref_axis',(-1.,0.,0.));
#6445=DIRECTION('',(-1.,0.,0.));
#6446=DIRECTION('',(0.,0.,1.));
#6447=DIRECTION('',(-1.,0.,0.));
#6448=DIRECTION('',(0.,0.,1.));
#6449=DIRECTION('center_axis',(1.,0.,0.));
#6450=DIRECTION('ref_axis',(0.,1.,0.));
#6451=DIRECTION('',(0.,1.,0.));
#6452=DIRECTION('',(0.,1.,0.));
#6453=DIRECTION('',(0.,0.,1.));
#6454=DIRECTION('center_axis',(0.,-1.,0.));
#6455=DIRECTION('ref_axis',(1.,0.,0.));
#6456=DIRECTION('',(1.,0.,0.));
#6457=DIRECTION('',(1.,0.,0.));
#6458=DIRECTION('',(0.,0.,1.));
#6459=DIRECTION('center_axis',(-1.,3.93347395792792E-17,0.));
#6460=DIRECTION('ref_axis',(-3.93347395792792E-17,-1.,0.));
#6461=DIRECTION('',(-3.93347395792792E-17,-1.,0.));
#6462=DIRECTION('',(-3.93347395792792E-17,-1.,0.));
#6463=DIRECTION('center_axis',(0.,0.,1.));
#6464=DIRECTION('ref_axis',(1.,0.,0.));
#6465=DIRECTION('center_axis',(0.,0.,1.));
#6466=DIRECTION('ref_axis',(1.,0.,0.));
#6467=DIRECTION('axis',(0.,0.,1.));
#6468=DIRECTION('refdir',(1.,0.,0.));
#6469=DIRECTION('center_axis',(0.,1.,0.));
#6470=DIRECTION('ref_axis',(1.,0.,0.));
#6471=DIRECTION('',(-1.,0.,0.));
#6472=DIRECTION('',(0.,0.,1.));
#6473=DIRECTION('',(1.,0.,0.));
#6474=DIRECTION('',(0.,0.,-1.));
#6475=DIRECTION('center_axis',(0.,1.,0.));
#6476=DIRECTION('ref_axis',(0.,0.,1.));
#6477=DIRECTION('',(0.,0.,1.));
#6478=DIRECTION('',(1.,0.,0.));
#6479=DIRECTION('',(0.,0.,1.));
#6480=DIRECTION('',(-1.,0.,0.));
#6481=DIRECTION('center_axis',(0.,0.,1.));
#6482=DIRECTION('ref_axis',(1.,0.,0.));
#6483=DIRECTION('',(0.,-1.,0.));
#6484=DIRECTION('',(0.,-1.,0.));
#6485=DIRECTION('center_axis',(1.,0.,0.));
#6486=DIRECTION('ref_axis',(0.,0.,-1.));
#6487=DIRECTION('',(0.,-1.,0.));
#6488=DIRECTION('center_axis',(0.,0.,-1.));
#6489=DIRECTION('ref_axis',(-1.,0.,0.));
#6490=DIRECTION('',(0.,1.,0.));
#6491=DIRECTION('center_axis',(0.,0.,-1.));
#6492=DIRECTION('ref_axis',(-1.,0.,0.));
#6493=DIRECTION('',(-1.,0.,0.));
#6494=DIRECTION('',(0.,1.,0.));
#6495=DIRECTION('',(-1.,0.,0.));
#6496=DIRECTION('',(0.,1.,0.));
#6497=DIRECTION('center_axis',(1.,0.,0.));
#6498=DIRECTION('ref_axis',(0.,0.,-1.));
#6499=DIRECTION('',(0.,0.,-1.));
#6500=DIRECTION('',(0.,0.,-1.));
#6501=DIRECTION('',(0.,1.,0.));
#6502=DIRECTION('center_axis',(0.,0.,1.));
#6503=DIRECTION('ref_axis',(1.,0.,0.));
#6504=DIRECTION('',(1.,0.,0.));
#6505=DIRECTION('',(1.,0.,0.));
#6506=DIRECTION('',(0.,1.,0.));
#6507=DIRECTION('center_axis',(-1.,0.,0.));
#6508=DIRECTION('ref_axis',(0.,0.,1.));
#6509=DIRECTION('',(0.,0.,1.));
#6510=DIRECTION('',(0.,0.,1.));
#6511=DIRECTION('center_axis',(0.,1.,0.));
#6512=DIRECTION('ref_axis',(0.,0.,1.));
#6513=DIRECTION('center_axis',(0.,1.,0.));
#6514=DIRECTION('ref_axis',(1.,0.,0.));
#6515=DIRECTION('axis',(0.,0.,1.));
#6516=DIRECTION('refdir',(1.,0.,0.));
#6517=DIRECTION('center_axis',(0.,0.,1.));
#6518=DIRECTION('ref_axis',(-1.,0.,0.));
#6519=DIRECTION('',(1.,0.,0.));
#6520=DIRECTION('',(0.,-1.,0.));
#6521=DIRECTION('',(-1.,0.,0.));
#6522=DIRECTION('',(0.,-1.,0.));
#6523=DIRECTION('center_axis',(-1.,0.,0.));
#6524=DIRECTION('ref_axis',(0.,0.,-1.));
#6525=DIRECTION('',(0.,0.,1.));
#6526=DIRECTION('',(0.,0.,-1.));
#6527=DIRECTION('',(0.,-1.,0.));
#6528=DIRECTION('center_axis',(0.,0.,-1.));
#6529=DIRECTION('ref_axis',(1.,0.,0.));
#6530=DIRECTION('',(-1.,0.,0.));
#6531=DIRECTION('',(1.,0.,0.));
#6532=DIRECTION('',(0.,-1.,0.));
#6533=DIRECTION('center_axis',(1.,0.,0.));
#6534=DIRECTION('ref_axis',(0.,0.,1.));
#6535=DIRECTION('',(0.,0.,-1.));
#6536=DIRECTION('',(0.,0.,1.));
#6537=DIRECTION('center_axis',(0.,0.,-1.));
#6538=DIRECTION('ref_axis',(1.,0.,0.));
#6539=DIRECTION('',(-1.,0.,0.));
#6540=DIRECTION('',(0.,-1.,0.));
#6541=DIRECTION('',(1.,0.,0.));
#6542=DIRECTION('',(0.,-1.,0.));
#6543=DIRECTION('center_axis',(-1.,0.,0.));
#6544=DIRECTION('ref_axis',(0.,0.,-1.));
#6545=DIRECTION('',(0.,0.,1.));
#6546=DIRECTION('',(0.,0.,-1.));
#6547=DIRECTION('',(0.,-1.,0.));
#6548=DIRECTION('center_axis',(0.,0.,1.));
#6549=DIRECTION('ref_axis',(-1.,0.,0.));
#6550=DIRECTION('',(1.,0.,0.));
#6551=DIRECTION('',(-1.,0.,0.));
#6552=DIRECTION('',(0.,-1.,0.));
#6553=DIRECTION('center_axis',(1.,0.,0.));
#6554=DIRECTION('ref_axis',(0.,0.,1.));
#6555=DIRECTION('',(0.,0.,-1.));
#6556=DIRECTION('',(0.,0.,1.));
#6557=DIRECTION('center_axis',(0.,-1.,0.));
#6558=DIRECTION('ref_axis',(0.,0.,-1.));
#6559=DIRECTION('center_axis',(0.,1.,0.));
#6560=DIRECTION('ref_axis',(1.,0.,0.));
#6561=DIRECTION('',(0.,0.,1.));
#6562=DIRECTION('',(-1.,0.,0.));
#6563=DIRECTION('',(0.,0.,-1.));
#6564=DIRECTION('',(1.,0.,0.));
#6565=DIRECTION('center_axis',(0.,0.,-1.));
#6566=DIRECTION('ref_axis',(-1.,0.,0.));
#6567=DIRECTION('',(0.,1.,0.));
#6568=DIRECTION('',(-1.,0.,0.));
#6569=DIRECTION('',(0.,1.,0.));
#6570=DIRECTION('center_axis',(1.,0.,0.));
#6571=DIRECTION('ref_axis',(0.,0.,-1.));
#6572=DIRECTION('',(0.,0.,-1.));
#6573=DIRECTION('',(0.,1.,0.));
#6574=DIRECTION('center_axis',(0.,0.,1.));
#6575=DIRECTION('ref_axis',(1.,0.,0.));
#6576=DIRECTION('',(1.,0.,0.));
#6577=DIRECTION('',(0.,1.,0.));
#6578=DIRECTION('center_axis',(-1.,0.,0.));
#6579=DIRECTION('ref_axis',(0.,0.,1.));
#6580=DIRECTION('',(0.,0.,1.));
#6581=DIRECTION('center_axis',(0.,1.,0.));
#6582=DIRECTION('ref_axis',(0.,0.,1.));
#6583=DIRECTION('center_axis',(0.,1.,0.));
#6584=DIRECTION('ref_axis',(1.,0.,0.));
#6585=DIRECTION('axis',(0.,0.,1.));
#6586=DIRECTION('refdir',(1.,0.,0.));
#6587=DIRECTION('center_axis',(0.,1.,0.));
#6588=DIRECTION('ref_axis',(0.,0.,-1.));
#6589=DIRECTION('center_axis',(0.,1.,0.));
#6590=DIRECTION('ref_axis',(0.,0.,-1.));
#6591=DIRECTION('',(0.,1.,0.));
#6592=DIRECTION('center_axis',(0.,-1.,0.));
#6593=DIRECTION('ref_axis',(0.,0.,-1.));
#6594=DIRECTION('center_axis',(0.,1.,0.));
#6595=DIRECTION('ref_axis',(0.,0.,1.));
#6596=DIRECTION('',(-7.69730087694199E-17,0.,-1.));
#6597=DIRECTION('',(1.,0.,0.));
#6598=DIRECTION('',(3.86639608643011E-17,0.,1.));
#6599=DIRECTION('',(-1.,0.,-3.87287259668483E-17));
#6600=DIRECTION('center_axis',(0.923297080096005,-0.384086581236825,-7.10689542430095E-17));
#6601=DIRECTION('ref_axis',(-7.69730087694199E-17,0.,-1.));
#6602=DIRECTION('',(0.357672277834972,0.859800331198488,-0.364436458301462));
#6603=DIRECTION('',(5.49146560023653E-17,-5.30255772955298E-17,1.));
#6604=DIRECTION('',(-0.357374991731926,-0.85908569183251,-0.366408091304303));
#6605=DIRECTION('center_axis',(3.56578382332942E-17,-0.390252783342134,
-0.920707752271977));
#6606=DIRECTION('ref_axis',(-1.,0.,-3.87287259668483E-17));
#6607=DIRECTION('',(-0.371337707750645,0.854875192929786,-0.36234888066028));
#6608=DIRECTION('',(1.,-5.30255772955297E-17,6.12042390456076E-17));
#6609=DIRECTION('center_axis',(-0.917206200385791,-0.398412833595831,3.54628246362105E-17));
#6610=DIRECTION('ref_axis',(3.86639608643011E-17,0.,1.));
#6611=DIRECTION('',(-0.371032584869243,0.854172754215209,0.364312677410012));
#6612=DIRECTION('',(-6.1697026378338E-17,5.30255772955298E-17,-1.));
#6613=DIRECTION('center_axis',(0.,-0.392316272836779,0.919830387662561));
#6614=DIRECTION('ref_axis',(1.,0.,0.));
#6615=DIRECTION('',(-1.,5.30255772955297E-17,2.2615905202332E-17));
#6616=DIRECTION('center_axis',(5.30255772955297E-17,1.,5.30255772955298E-17));
#6617=DIRECTION('ref_axis',(0.,-5.30255772955298E-17,1.));
#6618=DIRECTION('',(0.,-1.01506105108586E-16,1.));
#6619=DIRECTION('',(-1.,1.01506105108586E-16,0.));
#6620=DIRECTION('',(0.,0.,-1.));
#6621=DIRECTION('',(1.,0.,0.));
#6622=DIRECTION('center_axis',(0.,1.,0.));
#6623=DIRECTION('ref_axis',(0.,0.,1.));
#6624=DIRECTION('',(0.,0.,1.));
#6625=DIRECTION('',(1.,0.,0.));
#6626=DIRECTION('',(0.,0.,-1.));
#6627=DIRECTION('',(-1.,0.,0.));
#6628=DIRECTION('center_axis',(0.923297080096005,-0.384086581236825,-7.10689542430095E-17));
#6629=DIRECTION('ref_axis',(-7.69730087694199E-17,0.,-1.));
#6630=DIRECTION('',(-0.357374991731926,-0.85908569183251,-0.366408091304303));
#6631=DIRECTION('',(-0.357672277834972,-0.859800331198488,0.364436458301462));
#6632=DIRECTION('center_axis',(3.56578382332942E-17,-0.390252783342134,
-0.920707752271977));
#6633=DIRECTION('ref_axis',(-1.,0.,-3.87287259668483E-17));
#6634=DIRECTION('',(0.371337707750645,-0.854875192929786,0.36234888066028));
#6635=DIRECTION('center_axis',(-0.917206200385791,-0.398412833595831,3.54628246362105E-17));
#6636=DIRECTION('ref_axis',(3.86639608643011E-17,0.,1.));
#6637=DIRECTION('',(0.371032584869243,-0.854172754215209,-0.364312677410012));
#6638=DIRECTION('center_axis',(0.,-0.392316272836779,0.919830387662561));
#6639=DIRECTION('ref_axis',(1.,0.,0.));
#6640=DIRECTION('axis',(0.,0.,1.));
#6641=DIRECTION('refdir',(1.,0.,0.));
#6642=DIRECTION('center_axis',(-1.,0.,0.));
#6643=DIRECTION('ref_axis',(0.,0.,1.));
#6644=DIRECTION('',(0.,0.,1.));
#6645=DIRECTION('',(0.,1.,0.));
#6646=DIRECTION('',(0.,0.,1.));
#6647=DIRECTION('',(0.,1.,0.));
#6648=DIRECTION('center_axis',(0.,0.,1.));
#6649=DIRECTION('ref_axis',(1.,0.,0.));
#6650=DIRECTION('',(1.,0.,0.));
#6651=DIRECTION('',(1.,0.,0.));
#6652=DIRECTION('',(0.,1.,0.));
#6653=DIRECTION('center_axis',(1.,0.,0.));
#6654=DIRECTION('ref_axis',(0.,0.,-1.));
#6655=DIRECTION('',(0.,0.,-1.));
#6656=DIRECTION('',(0.,0.,-1.));
#6657=DIRECTION('',(0.,1.,0.));
#6658=DIRECTION('center_axis',(0.,0.,-1.));
#6659=DIRECTION('ref_axis',(-1.,0.,0.));
#6660=DIRECTION('',(-1.,0.,0.));
#6661=DIRECTION('',(-1.,0.,0.));
#6662=DIRECTION('center_axis',(0.,0.,-1.));
#6663=DIRECTION('ref_axis',(-1.,0.,0.));
#6664=DIRECTION('',(-1.,0.,0.));
#6665=DIRECTION('',(0.,1.,0.));
#6666=DIRECTION('',(-1.,0.,0.));
#6667=DIRECTION('',(0.,1.,0.));
#6668=DIRECTION('center_axis',(1.,0.,0.));
#6669=DIRECTION('ref_axis',(0.,0.,-1.));
#6670=DIRECTION('',(0.,0.,-1.));
#6671=DIRECTION('',(0.,0.,-1.));
#6672=DIRECTION('',(0.,1.,0.));
#6673=DIRECTION('center_axis',(0.,0.,1.));
#6674=DIRECTION('ref_axis',(1.,0.,0.));
#6675=DIRECTION('',(1.,0.,0.));
#6676=DIRECTION('',(1.,0.,0.));
#6677=DIRECTION('',(0.,1.,0.));
#6678=DIRECTION('center_axis',(-1.,0.,0.));
#6679=DIRECTION('ref_axis',(0.,0.,1.));
#6680=DIRECTION('',(0.,0.,1.));
#6681=DIRECTION('',(0.,0.,1.));
#6682=DIRECTION('center_axis',(0.,1.,0.));
#6683=DIRECTION('ref_axis',(0.,0.,1.));
#6684=DIRECTION('center_axis',(0.,1.,0.));
#6685=DIRECTION('ref_axis',(1.,0.,0.));
#6686=DIRECTION('axis',(0.,0.,1.));
#6687=DIRECTION('refdir',(1.,0.,0.));
#6688=DIRECTION('center_axis',(0.,1.,0.));
#6689=DIRECTION('ref_axis',(0.,0.,-1.));
#6690=DIRECTION('center_axis',(0.,1.,0.));
#6691=DIRECTION('ref_axis',(0.,0.,-1.));
#6692=DIRECTION('',(0.,1.,0.));
#6693=DIRECTION('center_axis',(0.,-1.,0.));
#6694=DIRECTION('ref_axis',(0.,0.,-1.));
#6695=DIRECTION('center_axis',(0.,1.,0.));
#6696=DIRECTION('ref_axis',(0.,0.,-1.));
#6697=DIRECTION('center_axis',(0.,1.,0.));
#6698=DIRECTION('ref_axis',(0.,0.,-1.));
#6699=DIRECTION('',(0.,1.,0.));
#6700=DIRECTION('center_axis',(0.,-1.,0.));
#6701=DIRECTION('ref_axis',(0.,0.,-1.));
#6702=DIRECTION('center_axis',(0.867527064712235,0.,-0.497389979786258));
#6703=DIRECTION('ref_axis',(-0.497389979786258,0.,-0.867527064712234));
#6704=DIRECTION('',(-0.497389979786258,0.,-0.867527064712234));
#6705=DIRECTION('',(0.,1.,0.));
#6706=DIRECTION('',(-0.497389979786258,0.,-0.867527064712234));
#6707=DIRECTION('',(0.,1.,0.));
#6708=DIRECTION('center_axis',(0.,0.,1.));
#6709=DIRECTION('ref_axis',(1.,0.,0.));
#6710=DIRECTION('',(1.,0.,0.));
#6711=DIRECTION('',(1.,0.,0.));
#6712=DIRECTION('',(0.,1.,0.));
#6713=DIRECTION('center_axis',(-0.865271627810094,0.,-0.501303311486041));
#6714=DIRECTION('ref_axis',(-0.501303311486041,0.,0.865271627810094));
#6715=DIRECTION('',(-0.501303311486041,0.,0.865271627810094));
#6716=DIRECTION('',(-0.501303311486041,0.,0.865271627810094));
#6717=DIRECTION('center_axis',(0.,1.,0.));
#6718=DIRECTION('ref_axis',(0.,0.,1.));
#6719=DIRECTION('center_axis',(0.,1.,0.));
#6720=DIRECTION('ref_axis',(1.,0.,0.));
#6721=DIRECTION('axis',(0.,0.,1.));
#6722=DIRECTION('refdir',(1.,0.,0.));
#6723=DIRECTION('center_axis',(-1.,0.,0.));
#6724=DIRECTION('ref_axis',(0.,0.,1.));
#6725=DIRECTION('',(0.,0.,-1.));
#6726=DIRECTION('',(0.,1.,0.));
#6727=DIRECTION('',(0.,0.,1.));
#6728=DIRECTION('',(0.,1.,0.));
#6729=DIRECTION('center_axis',(0.,0.,-1.));
#6730=DIRECTION('ref_axis',(-1.,0.,0.));
#6731=DIRECTION('',(1.,0.,0.));
#6732=DIRECTION('',(-1.,0.,0.));
#6733=DIRECTION('',(0.,1.,0.));
#6734=DIRECTION('center_axis',(1.,0.,0.));
#6735=DIRECTION('ref_axis',(0.,0.,-1.));
#6736=DIRECTION('',(0.,0.,1.));
#6737=DIRECTION('',(0.,0.,-1.));
#6738=DIRECTION('',(0.,1.,0.));
#6739=DIRECTION('center_axis',(0.,0.,1.));
#6740=DIRECTION('ref_axis',(1.,0.,0.));
#6741=DIRECTION('',(-1.,0.,0.));
#6742=DIRECTION('',(1.,0.,0.));
#6743=DIRECTION('',(0.,1.,0.));
#6744=DIRECTION('center_axis',(-1.,0.,0.));
#6745=DIRECTION('ref_axis',(0.,0.,1.));
#6746=DIRECTION('',(0.,0.,-1.));
#6747=DIRECTION('',(0.,0.,1.));
#6748=DIRECTION('',(0.,1.,0.));
#6749=DIRECTION('center_axis',(0.,0.,1.));
#6750=DIRECTION('ref_axis',(1.,0.,0.));
#6751=DIRECTION('',(-1.,0.,0.));
#6752=DIRECTION('',(1.,0.,0.));
#6753=DIRECTION('',(0.,1.,0.));
#6754=DIRECTION('center_axis',(1.,0.,0.));
#6755=DIRECTION('ref_axis',(0.,0.,-1.));
#6756=DIRECTION('',(0.,0.,1.));
#6757=DIRECTION('',(0.,0.,-1.));
#6758=DIRECTION('',(0.,1.,0.));
#6759=DIRECTION('center_axis',(0.,0.,1.));
#6760=DIRECTION('ref_axis',(1.,0.,0.));
#6761=DIRECTION('',(-1.,0.,0.));
#6762=DIRECTION('',(1.,0.,0.));
#6763=DIRECTION('center_axis',(0.,1.,0.));
#6764=DIRECTION('ref_axis',(0.,0.,1.));
#6765=DIRECTION('center_axis',(0.,1.,0.));
#6766=DIRECTION('ref_axis',(1.,0.,0.));
#6767=DIRECTION('axis',(0.,0.,1.));
#6768=DIRECTION('refdir',(1.,0.,0.));
#6769=DIRECTION('center_axis',(-0.64489233032644,-0.764273434240739,0.));
#6770=DIRECTION('ref_axis',(0.764273434240739,-0.64489233032644,0.));
#6771=DIRECTION('',(0.764273434240739,-0.64489233032644,0.));
#6772=DIRECTION('',(0.,0.,1.));
#6773=DIRECTION('',(0.764273434240739,-0.64489233032644,0.));
#6774=DIRECTION('',(0.,0.,1.));
#6775=DIRECTION('center_axis',(-0.814698926019618,0.579884178041167,0.));
#6776=DIRECTION('ref_axis',(-0.579884178041167,-0.814698926019618,0.));
#6777=DIRECTION('',(-0.579884178041167,-0.814698926019618,0.));
#6778=DIRECTION('',(-0.579884178041167,-0.814698926019618,0.));
#6779=DIRECTION('',(0.,0.,1.));
#6780=DIRECTION('center_axis',(0.434564777770767,0.900640579765893,0.));
#6781=DIRECTION('ref_axis',(-0.900640579765893,0.434564777770767,0.));
#6782=DIRECTION('',(-0.900640579765893,0.434564777770767,0.));
#6783=DIRECTION('',(-0.900640579765893,0.434564777770767,0.));
#6784=DIRECTION('',(0.,0.,1.));
#6785=DIRECTION('center_axis',(0.933314991937925,-0.359058666270445,0.));
#6786=DIRECTION('ref_axis',(0.359058666270445,0.933314991937925,0.));
#6787=DIRECTION('',(0.359058666270445,0.933314991937925,0.));
#6788=DIRECTION('',(0.359058666270445,0.933314991937925,0.));
#6789=DIRECTION('',(0.,0.,1.));
#6790=DIRECTION('center_axis',(0.,0.,1.));
#6791=DIRECTION('ref_axis',(1.,0.,0.));
#6792=DIRECTION('center_axis',(0.,0.,-1.));
#6793=DIRECTION('ref_axis',(1.,0.,0.));
#6794=DIRECTION('center_axis',(0.,0.,-1.));
#6795=DIRECTION('ref_axis',(1.,0.,0.));
#6796=DIRECTION('',(0.,0.,1.));
#6797=DIRECTION('center_axis',(-0.434564777770767,-0.900640579765893,0.));
#6798=DIRECTION('ref_axis',(0.900640579765893,-0.434564777770767,0.));
#6799=DIRECTION('',(0.900640579765893,-0.434564777770767,0.));
#6800=DIRECTION('',(0.900640579765893,-0.434564777770767,0.));
#6801=DIRECTION('',(0.,0.,1.));
#6802=DIRECTION('center_axis',(-0.933314991937925,0.359058666270445,0.));
#6803=DIRECTION('ref_axis',(-0.359058666270445,-0.933314991937925,0.));
#6804=DIRECTION('',(-0.359058666270445,-0.933314991937925,0.));
#6805=DIRECTION('',(-0.359058666270445,-0.933314991937925,0.));
#6806=DIRECTION('',(0.,0.,1.));
#6807=DIRECTION('center_axis',(0.196931922010301,0.980417165340004,0.));
#6808=DIRECTION('ref_axis',(-0.980417165340004,0.196931922010301,0.));
#6809=DIRECTION('',(-0.980417165340004,0.196931922010301,0.));
#6810=DIRECTION('',(-0.980417165340004,0.196931922010301,0.));
#6811=DIRECTION('',(0.,0.,1.));
#6812=DIRECTION('center_axis',(0.993287444420339,-0.115672177972548,0.));
#6813=DIRECTION('ref_axis',(0.115672177972548,0.993287444420339,0.));
#6814=DIRECTION('',(0.115672177972548,0.993287444420339,0.));
#6815=DIRECTION('',(0.115672177972548,0.993287444420339,0.));
#6816=DIRECTION('',(0.,0.,1.));
#6817=DIRECTION('center_axis',(0.,0.,1.));
#6818=DIRECTION('ref_axis',(1.,0.,0.));
#6819=DIRECTION('center_axis',(0.,0.,-1.));
#6820=DIRECTION('ref_axis',(1.,0.,0.));
#6821=DIRECTION('center_axis',(0.,0.,-1.));
#6822=DIRECTION('ref_axis',(1.,0.,0.));
#6823=DIRECTION('',(0.,0.,1.));
#6824=DIRECTION('center_axis',(-0.196931922010301,-0.980417165340004,0.));
#6825=DIRECTION('ref_axis',(0.980417165340004,-0.196931922010301,0.));
#6826=DIRECTION('',(0.980417165340004,-0.196931922010301,0.));
#6827=DIRECTION('',(0.980417165340004,-0.196931922010301,0.));
#6828=DIRECTION('',(0.,0.,1.));
#6829=DIRECTION('center_axis',(-0.993287444420339,0.115672177972548,0.));
#6830=DIRECTION('ref_axis',(-0.115672177972548,-0.993287444420339,0.));
#6831=DIRECTION('',(-0.115672177972548,-0.993287444420339,0.));
#6832=DIRECTION('',(-0.115672177972548,-0.993287444420339,0.));
#6833=DIRECTION('',(0.,0.,1.));
#6834=DIRECTION('center_axis',(-0.0530748906750173,0.998590534693693,0.));
#6835=DIRECTION('ref_axis',(-0.998590534693693,-0.0530748906750173,0.));
#6836=DIRECTION('',(-0.998590534693693,-0.0530748906750173,0.));
#6837=DIRECTION('',(-0.998590534693693,-0.0530748906750173,0.));
#6838=DIRECTION('',(0.,0.,1.));
#6839=DIRECTION('center_axis',(0.990847993714137,0.134982418679877,0.));
#6840=DIRECTION('ref_axis',(-0.134982418679877,0.990847993714137,0.));
#6841=DIRECTION('',(-0.134982418679877,0.990847993714137,0.));
#6842=DIRECTION('',(-0.134982418679877,0.990847993714137,0.));
#6843=DIRECTION('',(0.,0.,1.));
#6844=DIRECTION('center_axis',(0.,0.,1.));
#6845=DIRECTION('ref_axis',(1.,0.,0.));
#6846=DIRECTION('center_axis',(0.,0.,-1.));
#6847=DIRECTION('ref_axis',(1.,0.,0.));
#6848=DIRECTION('center_axis',(0.,0.,-1.));
#6849=DIRECTION('ref_axis',(1.,0.,0.));
#6850=DIRECTION('',(0.,0.,1.));
#6851=DIRECTION('center_axis',(0.0530748906750173,-0.998590534693693,0.));
#6852=DIRECTION('ref_axis',(0.998590534693693,0.0530748906750173,0.));
#6853=DIRECTION('',(0.998590534693693,0.0530748906750173,0.));
#6854=DIRECTION('',(0.998590534693693,0.0530748906750173,0.));
#6855=DIRECTION('',(0.,0.,1.));
#6856=DIRECTION('center_axis',(-0.990847993714137,-0.134982418679877,0.));
#6857=DIRECTION('ref_axis',(0.134982418679877,-0.990847993714137,0.));
#6858=DIRECTION('',(0.134982418679877,-0.990847993714137,0.));
#6859=DIRECTION('',(0.134982418679877,-0.990847993714137,0.));
#6860=DIRECTION('',(0.,0.,1.));
#6861=DIRECTION('center_axis',(-0.299746812783431,0.95401878819349,0.));
#6862=DIRECTION('ref_axis',(-0.95401878819349,-0.299746812783431,0.));
#6863=DIRECTION('',(-0.95401878819349,-0.299746812783431,0.));
#6864=DIRECTION('',(-0.95401878819349,-0.299746812783431,0.));
#6865=DIRECTION('',(0.,0.,1.));
#6866=DIRECTION('center_axis',(0.926149919478863,0.377155573536035,0.));
#6867=DIRECTION('ref_axis',(-0.377155573536035,0.926149919478863,0.));
#6868=DIRECTION('',(-0.377155573536035,0.926149919478863,0.));
#6869=DIRECTION('',(-0.377155573536035,0.926149919478863,0.));
#6870=DIRECTION('',(0.,0.,1.));
#6871=DIRECTION('center_axis',(0.,0.,1.));
#6872=DIRECTION('ref_axis',(1.,0.,0.));
#6873=DIRECTION('center_axis',(0.,0.,-1.));
#6874=DIRECTION('ref_axis',(1.,0.,0.));
#6875=DIRECTION('center_axis',(0.,0.,-1.));
#6876=DIRECTION('ref_axis',(1.,0.,0.));
#6877=DIRECTION('',(0.,0.,1.));
#6878=DIRECTION('center_axis',(0.299746812783431,-0.95401878819349,0.));
#6879=DIRECTION('ref_axis',(0.95401878819349,0.299746812783431,0.));
#6880=DIRECTION('',(0.95401878819349,0.299746812783431,0.));
#6881=DIRECTION('',(0.95401878819349,0.299746812783431,0.));
#6882=DIRECTION('',(0.,0.,1.));
#6883=DIRECTION('center_axis',(-0.926149919478863,-0.377155573536035,0.));
#6884=DIRECTION('ref_axis',(0.377155573536035,-0.926149919478863,0.));
#6885=DIRECTION('',(0.377155573536035,-0.926149919478863,0.));
#6886=DIRECTION('',(0.377155573536035,-0.926149919478863,0.));
#6887=DIRECTION('',(0.,0.,1.));
#6888=DIRECTION('center_axis',(-0.527584540252999,0.84950253259542,0.));
#6889=DIRECTION('ref_axis',(-0.84950253259542,-0.527584540252999,0.));
#6890=DIRECTION('',(-0.84950253259542,-0.527584540252999,0.));
#6891=DIRECTION('',(-0.84950253259542,-0.527584540252999,0.));
#6892=DIRECTION('',(0.,0.,1.));
#6893=DIRECTION('center_axis',(0.803258439661592,0.595630656625753,0.));
#6894=DIRECTION('ref_axis',(-0.595630656625753,0.803258439661592,0.));
#6895=DIRECTION('',(-0.595630656625753,0.803258439661591,0.));
#6896=DIRECTION('',(-0.595630656625753,0.803258439661591,0.));
#6897=DIRECTION('',(0.,0.,1.));
#6898=DIRECTION('center_axis',(0.,0.,1.));
#6899=DIRECTION('ref_axis',(1.,0.,0.));
#6900=DIRECTION('center_axis',(0.,0.,-1.));
#6901=DIRECTION('ref_axis',(1.,0.,0.));
#6902=DIRECTION('center_axis',(0.,0.,-1.));
#6903=DIRECTION('ref_axis',(1.,0.,0.));
#6904=DIRECTION('',(0.,0.,1.));
#6905=DIRECTION('center_axis',(0.527584540252999,-0.84950253259542,0.));
#6906=DIRECTION('ref_axis',(0.84950253259542,0.527584540252999,0.));
#6907=DIRECTION('',(0.84950253259542,0.527584540252999,0.));
#6908=DIRECTION('',(0.84950253259542,0.527584540252999,0.));
#6909=DIRECTION('',(0.,0.,1.));
#6910=DIRECTION('center_axis',(-0.803258439661592,-0.595630656625753,0.));
#6911=DIRECTION('ref_axis',(0.595630656625753,-0.803258439661592,0.));
#6912=DIRECTION('',(0.595630656625753,-0.803258439661591,0.));
#6913=DIRECTION('',(0.595630656625753,-0.803258439661591,0.));
#6914=DIRECTION('',(0.,0.,1.));
#6915=DIRECTION('center_axis',(-0.722272190738258,0.69160890862261,0.));
#6916=DIRECTION('ref_axis',(-0.69160890862261,-0.722272190738258,0.));
#6917=DIRECTION('',(-0.69160890862261,-0.722272190738258,0.));
#6918=DIRECTION('',(-0.69160890862261,-0.722272190738258,0.));
#6919=DIRECTION('',(0.,0.,1.));
#6920=DIRECTION('center_axis',(0.629895277902489,0.776680074983352,0.));
#6921=DIRECTION('ref_axis',(-0.776680074983352,0.629895277902489,0.));
#6922=DIRECTION('',(-0.776680074983352,0.629895277902489,0.));
#6923=DIRECTION('',(-0.776680074983352,0.629895277902489,0.));
#6924=DIRECTION('',(0.,0.,1.));
#6925=DIRECTION('center_axis',(0.,0.,1.));
#6926=DIRECTION('ref_axis',(1.,0.,0.));
#6927=DIRECTION('center_axis',(0.,0.,-1.));
#6928=DIRECTION('ref_axis',(1.,0.,0.));
#6929=DIRECTION('center_axis',(0.,0.,-1.));
#6930=DIRECTION('ref_axis',(1.,0.,0.));
#6931=DIRECTION('',(0.,0.,1.));
#6932=DIRECTION('center_axis',(0.722272190738258,-0.69160890862261,0.));
#6933=DIRECTION('ref_axis',(0.69160890862261,0.722272190738258,0.));
#6934=DIRECTION('',(0.69160890862261,0.722272190738258,0.));
#6935=DIRECTION('',(0.69160890862261,0.722272190738258,0.));
#6936=DIRECTION('',(0.,0.,1.));
#6937=DIRECTION('center_axis',(-0.629895277902489,-0.776680074983352,0.));
#6938=DIRECTION('ref_axis',(0.776680074983352,-0.629895277902489,0.));
#6939=DIRECTION('',(0.776680074983352,-0.629895277902489,0.));
#6940=DIRECTION('',(0.776680074983352,-0.629895277902489,0.));
#6941=DIRECTION('',(0.,0.,1.));
#6942=DIRECTION('center_axis',(-0.871576823148129,0.4902589533614,0.));
#6943=DIRECTION('ref_axis',(-0.4902589533614,-0.871576823148129,0.));
#6944=DIRECTION('',(-0.4902589533614,-0.871576823148129,0.));
#6945=DIRECTION('',(-0.4902589533614,-0.871576823148129,0.));
#6946=DIRECTION('',(0.,0.,1.));
#6947=DIRECTION('center_axis',(0.41695347923999,0.908927827800243,0.));
#6948=DIRECTION('ref_axis',(-0.908927827800243,0.41695347923999,0.));
#6949=DIRECTION('',(-0.908927827800243,0.41695347923999,0.));
#6950=DIRECTION('',(-0.908927827800243,0.41695347923999,0.));
#6951=DIRECTION('',(0.,0.,1.));
#6952=DIRECTION('center_axis',(0.,0.,1.));
#6953=DIRECTION('ref_axis',(1.,0.,0.));
#6954=DIRECTION('center_axis',(0.,0.,-1.));
#6955=DIRECTION('ref_axis',(1.,0.,0.));
#6956=DIRECTION('center_axis',(0.,0.,-1.));
#6957=DIRECTION('ref_axis',(1.,0.,0.));
#6958=DIRECTION('',(0.,0.,1.));
#6959=DIRECTION('center_axis',(0.871576823148129,-0.4902589533614,0.));
#6960=DIRECTION('ref_axis',(0.4902589533614,0.871576823148129,0.));
#6961=DIRECTION('',(0.4902589533614,0.871576823148129,0.));
#6962=DIRECTION('',(0.4902589533614,0.871576823148129,0.));
#6963=DIRECTION('',(0.,0.,1.));
#6964=DIRECTION('center_axis',(-0.41695347923999,-0.908927827800243,0.));
#6965=DIRECTION('ref_axis',(0.908927827800243,-0.41695347923999,0.));
#6966=DIRECTION('',(0.908927827800243,-0.41695347923999,0.));
#6967=DIRECTION('',(0.908927827800243,-0.41695347923999,0.));
#6968=DIRECTION('',(0.,0.,1.));
#6969=DIRECTION('center_axis',(-0.966117078324271,0.258104225014188,0.));
#6970=DIRECTION('ref_axis',(-0.258104225014188,-0.966117078324271,0.));
#6971=DIRECTION('',(-0.258104225014188,-0.966117078324271,0.));
#6972=DIRECTION('',(-0.258104225014188,-0.966117078324271,0.));
#6973=DIRECTION('',(0.,0.,1.));
#6974=DIRECTION('center_axis',(0.177812960029211,0.984064302393726,0.));
#6975=DIRECTION('ref_axis',(-0.984064302393726,0.177812960029211,0.));
#6976=DIRECTION('',(-0.984064302393726,0.177812960029211,0.));
#6977=DIRECTION('',(-0.984064302393726,0.177812960029211,0.));
#6978=DIRECTION('',(0.,0.,1.));
#6979=DIRECTION('center_axis',(0.,0.,1.));
#6980=DIRECTION('ref_axis',(1.,0.,0.));
#6981=DIRECTION('center_axis',(0.,0.,-1.));
#6982=DIRECTION('ref_axis',(1.,0.,0.));
#6983=DIRECTION('center_axis',(0.,0.,-1.));
#6984=DIRECTION('ref_axis',(1.,0.,0.));
#6985=DIRECTION('',(0.,0.,1.));
#6986=DIRECTION('center_axis',(0.966117078324271,-0.258104225014188,0.));
#6987=DIRECTION('ref_axis',(0.258104225014188,0.966117078324271,0.));
#6988=DIRECTION('',(0.258104225014188,0.966117078324271,0.));
#6989=DIRECTION('',(0.258104225014188,0.966117078324271,0.));
#6990=DIRECTION('',(0.,0.,1.));
#6991=DIRECTION('center_axis',(-0.177812960029211,-0.984064302393726,0.));
#6992=DIRECTION('ref_axis',(0.984064302393726,-0.177812960029211,0.));
#6993=DIRECTION('',(0.984064302393726,-0.177812960029211,0.));
#6994=DIRECTION('',(0.984064302393726,-0.177812960029211,0.));
#6995=DIRECTION('',(0.,0.,1.));
#6996=DIRECTION('center_axis',(-0.99995264433923,0.00973185896839482,0.));
#6997=DIRECTION('ref_axis',(-0.00973185896839482,-0.99995264433923,0.));
#6998=DIRECTION('',(-0.00973185896839482,-0.99995264433923,0.));
#6999=DIRECTION('',(-0.00973185896839482,-0.99995264433923,0.));
#7000=DIRECTION('',(0.,0.,1.));
#7001=DIRECTION('center_axis',(-0.072500201410524,0.99736839773247,0.));
#7002=DIRECTION('ref_axis',(-0.99736839773247,-0.072500201410524,0.));
#7003=DIRECTION('',(-0.99736839773247,-0.072500201410524,0.));
#7004=DIRECTION('',(-0.99736839773247,-0.072500201410524,0.));
#7005=DIRECTION('',(0.,0.,1.));
#7006=DIRECTION('center_axis',(0.,0.,1.));
#7007=DIRECTION('ref_axis',(1.,0.,0.));
#7008=DIRECTION('center_axis',(0.,0.,-1.));
#7009=DIRECTION('ref_axis',(1.,0.,0.));
#7010=DIRECTION('center_axis',(0.,0.,-1.));
#7011=DIRECTION('ref_axis',(1.,0.,0.));
#7012=DIRECTION('',(0.,0.,1.));
#7013=DIRECTION('center_axis',(0.99995264433923,-0.00973185896839482,0.));
#7014=DIRECTION('ref_axis',(0.00973185896839482,0.99995264433923,0.));
#7015=DIRECTION('',(0.00973185896839482,0.99995264433923,0.));
#7016=DIRECTION('',(0.00973185896839482,0.99995264433923,0.));
#7017=DIRECTION('',(0.,0.,1.));
#7018=DIRECTION('center_axis',(0.072500201410524,-0.99736839773247,0.));
#7019=DIRECTION('ref_axis',(0.99736839773247,0.072500201410524,0.));
#7020=DIRECTION('',(0.99736839773247,0.072500201410524,0.));
#7021=DIRECTION('',(0.99736839773247,0.072500201410524,0.));
#7022=DIRECTION('',(0.,0.,1.));
#7023=DIRECTION('center_axis',(-0.97095750814178,-0.239251995567654,0.));
#7024=DIRECTION('ref_axis',(0.239251995567654,-0.97095750814178,0.));
#7025=DIRECTION('',(0.239251995567654,-0.97095750814178,0.));
#7026=DIRECTION('',(0.239251995567654,-0.97095750814178,0.));
#7027=DIRECTION('',(0.,0.,1.));
#7028=DIRECTION('center_axis',(-0.318257908558549,0.9480041685773,0.));
#7029=DIRECTION('ref_axis',(-0.9480041685773,-0.318257908558549,0.));
#7030=DIRECTION('',(-0.9480041685773,-0.318257908558549,0.));
#7031=DIRECTION('',(-0.9480041685773,-0.318257908558549,0.));
#7032=DIRECTION('',(0.,0.,1.));
#7033=DIRECTION('center_axis',(0.,0.,1.));
#7034=DIRECTION('ref_axis',(1.,0.,0.));
#7035=DIRECTION('center_axis',(0.,0.,-1.));
#7036=DIRECTION('ref_axis',(1.,0.,0.));
#7037=DIRECTION('center_axis',(0.,0.,-1.));
#7038=DIRECTION('ref_axis',(1.,0.,0.));
#7039=DIRECTION('',(0.,0.,1.));
#7040=DIRECTION('center_axis',(0.97095750814178,0.239251995567654,0.));
#7041=DIRECTION('ref_axis',(-0.239251995567654,0.97095750814178,0.));
#7042=DIRECTION('',(-0.239251995567654,0.97095750814178,0.));
#7043=DIRECTION('',(-0.239251995567654,0.97095750814178,0.));
#7044=DIRECTION('',(0.,0.,1.));
#7045=DIRECTION('center_axis',(0.318257908558549,-0.9480041685773,0.));
#7046=DIRECTION('ref_axis',(0.9480041685773,0.318257908558549,0.));
#7047=DIRECTION('',(0.9480041685773,0.318257908558549,0.));
#7048=DIRECTION('',(0.9480041685773,0.318257908558549,0.));
#7049=DIRECTION('',(0.,0.,1.));
#7050=DIRECTION('center_axis',(-0.880953540775858,-0.4732027673149,0.));
#7051=DIRECTION('ref_axis',(0.4732027673149,-0.880953540775858,0.));
#7052=DIRECTION('',(0.4732027673149,-0.880953540775858,0.));
#7053=DIRECTION('',(0.4732027673149,-0.880953540775858,0.));
#7054=DIRECTION('',(0.,0.,1.));
#7055=DIRECTION('center_axis',(-0.544018300841126,0.839073350994974,0.));
#7056=DIRECTION('ref_axis',(-0.839073350994973,-0.544018300841126,0.));
#7057=DIRECTION('',(-0.839073350994973,-0.544018300841126,0.));
#7058=DIRECTION('',(-0.839073350994973,-0.544018300841126,0.));
#7059=DIRECTION('',(0.,0.,1.));
#7060=DIRECTION('center_axis',(0.,0.,1.));
#7061=DIRECTION('ref_axis',(1.,0.,0.));
#7062=DIRECTION('center_axis',(0.,0.,-1.));
#7063=DIRECTION('ref_axis',(1.,0.,0.));
#7064=DIRECTION('center_axis',(0.,0.,-1.));
#7065=DIRECTION('ref_axis',(1.,0.,0.));
#7066=DIRECTION('',(0.,0.,1.));
#7067=DIRECTION('center_axis',(0.880953540775858,0.4732027673149,0.));
#7068=DIRECTION('ref_axis',(-0.4732027673149,0.880953540775858,0.));
#7069=DIRECTION('',(-0.4732027673149,0.880953540775858,0.));
#7070=DIRECTION('',(-0.4732027673149,0.880953540775858,0.));
#7071=DIRECTION('',(0.,0.,1.));
#7072=DIRECTION('center_axis',(0.544018300841126,-0.839073350994974,0.));
#7073=DIRECTION('ref_axis',(0.839073350994973,0.544018300841126,0.));
#7074=DIRECTION('',(0.839073350994973,0.544018300841126,0.));
#7075=DIRECTION('',(0.839073350994973,0.544018300841126,0.));
#7076=DIRECTION('',(0.,0.,1.));
#7077=DIRECTION('center_axis',(-0.735596022522501,-0.67742046887371,0.));
#7078=DIRECTION('ref_axis',(0.67742046887371,-0.735596022522501,0.));
#7079=DIRECTION('',(0.67742046887371,-0.735596022522501,0.));
#7080=DIRECTION('',(0.67742046887371,-0.735596022522501,0.));
#7081=DIRECTION('',(0.,0.,1.));
#7082=DIRECTION('center_axis',(-0.735596022522501,0.677420468873709,0.));
#7083=DIRECTION('ref_axis',(-0.677420468873709,-0.735596022522501,0.));
#7084=DIRECTION('',(-0.677420468873709,-0.735596022522501,0.));
#7085=DIRECTION('',(-0.677420468873709,-0.735596022522501,0.));
#7086=DIRECTION('',(0.,0.,1.));
#7087=DIRECTION('center_axis',(0.,0.,1.));
#7088=DIRECTION('ref_axis',(1.,0.,0.));
#7089=DIRECTION('center_axis',(0.,0.,-1.));
#7090=DIRECTION('ref_axis',(1.,0.,0.));
#7091=DIRECTION('center_axis',(0.,0.,-1.));
#7092=DIRECTION('ref_axis',(1.,0.,0.));
#7093=DIRECTION('',(0.,0.,1.));
#7094=DIRECTION('center_axis',(0.735596022522501,0.67742046887371,0.));
#7095=DIRECTION('ref_axis',(-0.67742046887371,0.735596022522501,0.));
#7096=DIRECTION('',(-0.67742046887371,0.735596022522501,0.));
#7097=DIRECTION('',(-0.67742046887371,0.735596022522501,0.));
#7098=DIRECTION('',(0.,0.,1.));
#7099=DIRECTION('center_axis',(0.735596022522501,-0.677420468873709,0.));
#7100=DIRECTION('ref_axis',(0.677420468873709,0.735596022522501,0.));
#7101=DIRECTION('',(0.677420468873709,0.735596022522501,0.));
#7102=DIRECTION('',(0.677420468873709,0.735596022522501,0.));
#7103=DIRECTION('',(0.,0.,1.));
#7104=DIRECTION('center_axis',(-0.544018300841126,-0.839073350994974,0.));
#7105=DIRECTION('ref_axis',(0.839073350994974,-0.544018300841126,0.));
#7106=DIRECTION('',(0.839073350994974,-0.544018300841126,0.));
#7107=DIRECTION('',(0.839073350994974,-0.544018300841126,0.));
#7108=DIRECTION('',(0.,0.,1.));
#7109=DIRECTION('center_axis',(-0.880953540775858,0.473202767314899,0.));
#7110=DIRECTION('ref_axis',(-0.473202767314899,-0.880953540775858,0.));
#7111=DIRECTION('',(-0.473202767314899,-0.880953540775858,0.));
#7112=DIRECTION('',(-0.473202767314899,-0.880953540775858,0.));
#7113=DIRECTION('',(0.,0.,1.));
#7114=DIRECTION('center_axis',(0.,0.,1.));
#7115=DIRECTION('ref_axis',(1.,0.,0.));
#7116=DIRECTION('center_axis',(0.,0.,-1.));
#7117=DIRECTION('ref_axis',(1.,0.,0.));
#7118=DIRECTION('center_axis',(0.,0.,-1.));
#7119=DIRECTION('ref_axis',(1.,0.,0.));
#7120=DIRECTION('',(0.,0.,1.));
#7121=DIRECTION('center_axis',(0.544018300841126,0.839073350994974,0.));
#7122=DIRECTION('ref_axis',(-0.839073350994974,0.544018300841126,0.));
#7123=DIRECTION('',(-0.839073350994974,0.544018300841126,0.));
#7124=DIRECTION('',(-0.839073350994974,0.544018300841126,0.));
#7125=DIRECTION('',(0.,0.,1.));
#7126=DIRECTION('center_axis',(0.880953540775858,-0.473202767314899,0.));
#7127=DIRECTION('ref_axis',(0.473202767314899,0.880953540775858,0.));
#7128=DIRECTION('',(0.473202767314899,0.880953540775858,0.));
#7129=DIRECTION('',(0.473202767314899,0.880953540775858,0.));
#7130=DIRECTION('',(0.,0.,1.));
#7131=DIRECTION('center_axis',(-0.318257908558548,-0.948004168577301,0.));
#7132=DIRECTION('ref_axis',(0.948004168577301,-0.318257908558548,0.));
#7133=DIRECTION('',(0.9480041685773,-0.318257908558548,0.));
#7134=DIRECTION('',(0.9480041685773,-0.318257908558548,0.));
#7135=DIRECTION('',(0.,0.,1.));
#7136=DIRECTION('center_axis',(-0.97095750814178,0.239251995567654,0.));
#7137=DIRECTION('ref_axis',(-0.239251995567654,-0.97095750814178,0.));
#7138=DIRECTION('',(-0.239251995567654,-0.97095750814178,0.));
#7139=DIRECTION('',(-0.239251995567654,-0.97095750814178,0.));
#7140=DIRECTION('',(0.,0.,1.));
#7141=DIRECTION('center_axis',(0.,0.,1.));
#7142=DIRECTION('ref_axis',(1.,0.,0.));
#7143=DIRECTION('center_axis',(0.,0.,-1.));
#7144=DIRECTION('ref_axis',(1.,0.,0.));
#7145=DIRECTION('center_axis',(0.,0.,-1.));
#7146=DIRECTION('ref_axis',(1.,0.,0.));
#7147=DIRECTION('',(0.,0.,1.));
#7148=DIRECTION('center_axis',(0.318257908558548,0.948004168577301,0.));
#7149=DIRECTION('ref_axis',(-0.948004168577301,0.318257908558548,0.));
#7150=DIRECTION('',(-0.9480041685773,0.318257908558548,0.));
#7151=DIRECTION('',(-0.9480041685773,0.318257908558548,0.));
#7152=DIRECTION('',(0.,0.,1.));
#7153=DIRECTION('center_axis',(0.97095750814178,-0.239251995567654,0.));
#7154=DIRECTION('ref_axis',(0.239251995567654,0.97095750814178,0.));
#7155=DIRECTION('',(0.239251995567654,0.97095750814178,0.));
#7156=DIRECTION('',(0.239251995567654,0.97095750814178,0.));
#7157=DIRECTION('',(0.,0.,1.));
#7158=DIRECTION('center_axis',(-0.072500201410524,-0.99736839773247,0.));
#7159=DIRECTION('ref_axis',(0.99736839773247,-0.072500201410524,0.));
#7160=DIRECTION('',(0.99736839773247,-0.072500201410524,0.));
#7161=DIRECTION('',(0.99736839773247,-0.072500201410524,0.));
#7162=DIRECTION('',(0.,0.,1.));
#7163=DIRECTION('center_axis',(-0.99995264433923,-0.0097318589683956,0.));
#7164=DIRECTION('ref_axis',(0.0097318589683956,-0.99995264433923,0.));
#7165=DIRECTION('',(0.0097318589683956,-0.99995264433923,0.));
#7166=DIRECTION('',(0.0097318589683956,-0.99995264433923,0.));
#7167=DIRECTION('',(0.,0.,1.));
#7168=DIRECTION('center_axis',(0.,0.,1.));
#7169=DIRECTION('ref_axis',(1.,0.,0.));
#7170=DIRECTION('center_axis',(0.,0.,-1.));
#7171=DIRECTION('ref_axis',(1.,0.,0.));
#7172=DIRECTION('center_axis',(0.,0.,-1.));
#7173=DIRECTION('ref_axis',(1.,0.,0.));
#7174=DIRECTION('',(0.,0.,1.));
#7175=DIRECTION('center_axis',(0.072500201410524,0.99736839773247,0.));
#7176=DIRECTION('ref_axis',(-0.99736839773247,0.072500201410524,0.));
#7177=DIRECTION('',(-0.99736839773247,0.072500201410524,0.));
#7178=DIRECTION('',(-0.99736839773247,0.072500201410524,0.));
#7179=DIRECTION('',(0.,0.,1.));
#7180=DIRECTION('center_axis',(0.99995264433923,0.0097318589683956,0.));
#7181=DIRECTION('ref_axis',(-0.0097318589683956,0.99995264433923,0.));
#7182=DIRECTION('',(-0.0097318589683956,0.99995264433923,0.));
#7183=DIRECTION('',(-0.0097318589683956,0.99995264433923,0.));
#7184=DIRECTION('',(0.,0.,1.));
#7185=DIRECTION('center_axis',(0.177812960029212,-0.984064302393726,0.));
#7186=DIRECTION('ref_axis',(0.984064302393726,0.177812960029212,0.));
#7187=DIRECTION('',(0.984064302393726,0.177812960029212,0.));
#7188=DIRECTION('',(0.984064302393726,0.177812960029212,0.));
#7189=DIRECTION('',(0.,0.,1.));
#7190=DIRECTION('center_axis',(-0.966117078324271,-0.258104225014189,0.));
#7191=DIRECTION('ref_axis',(0.258104225014189,-0.966117078324271,0.));
#7192=DIRECTION('',(0.258104225014189,-0.966117078324271,0.));
#7193=DIRECTION('',(0.258104225014189,-0.966117078324271,0.));
#7194=DIRECTION('',(0.,0.,1.));
#7195=DIRECTION('center_axis',(0.,0.,1.));
#7196=DIRECTION('ref_axis',(1.,0.,0.));
#7197=DIRECTION('center_axis',(0.,0.,-1.));
#7198=DIRECTION('ref_axis',(1.,0.,0.));
#7199=DIRECTION('center_axis',(0.,0.,-1.));
#7200=DIRECTION('ref_axis',(1.,0.,0.));
#7201=DIRECTION('',(0.,0.,1.));
#7202=DIRECTION('center_axis',(-0.177812960029212,0.984064302393726,0.));
#7203=DIRECTION('ref_axis',(-0.984064302393726,-0.177812960029212,0.));
#7204=DIRECTION('',(-0.984064302393726,-0.177812960029212,0.));
#7205=DIRECTION('',(-0.984064302393726,-0.177812960029212,0.));
#7206=DIRECTION('',(0.,0.,1.));
#7207=DIRECTION('center_axis',(0.966117078324271,0.258104225014189,0.));
#7208=DIRECTION('ref_axis',(-0.258104225014189,0.966117078324271,0.));
#7209=DIRECTION('',(-0.258104225014189,0.966117078324271,0.));
#7210=DIRECTION('',(-0.258104225014189,0.966117078324271,0.));
#7211=DIRECTION('',(0.,0.,1.));
#7212=DIRECTION('center_axis',(0.41695347923999,-0.908927827800243,0.));
#7213=DIRECTION('ref_axis',(0.908927827800243,0.41695347923999,0.));
#7214=DIRECTION('',(0.908927827800243,0.41695347923999,0.));
#7215=DIRECTION('',(0.908927827800243,0.41695347923999,0.));
#7216=DIRECTION('',(0.,0.,1.));
#7217=DIRECTION('center_axis',(-0.871576823148129,-0.4902589533614,0.));
#7218=DIRECTION('ref_axis',(0.4902589533614,-0.871576823148129,0.));
#7219=DIRECTION('',(0.4902589533614,-0.871576823148129,0.));
#7220=DIRECTION('',(0.4902589533614,-0.871576823148129,0.));
#7221=DIRECTION('',(0.,0.,1.));
#7222=DIRECTION('center_axis',(0.,0.,1.));
#7223=DIRECTION('ref_axis',(1.,0.,0.));
#7224=DIRECTION('center_axis',(0.,0.,-1.));
#7225=DIRECTION('ref_axis',(1.,0.,0.));
#7226=DIRECTION('center_axis',(0.,0.,-1.));
#7227=DIRECTION('ref_axis',(1.,0.,0.));
#7228=DIRECTION('',(0.,0.,1.));
#7229=DIRECTION('center_axis',(-0.41695347923999,0.908927827800243,0.));
#7230=DIRECTION('ref_axis',(-0.908927827800243,-0.41695347923999,0.));
#7231=DIRECTION('',(-0.908927827800243,-0.41695347923999,0.));
#7232=DIRECTION('',(-0.908927827800243,-0.41695347923999,0.));
#7233=DIRECTION('',(0.,0.,1.));
#7234=DIRECTION('center_axis',(0.871576823148129,0.4902589533614,0.));
#7235=DIRECTION('ref_axis',(-0.4902589533614,0.871576823148129,0.));
#7236=DIRECTION('',(-0.4902589533614,0.871576823148129,0.));
#7237=DIRECTION('',(-0.4902589533614,0.871576823148129,0.));
#7238=DIRECTION('',(0.,0.,1.));
#7239=DIRECTION('center_axis',(0.62989527790249,-0.776680074983352,0.));
#7240=DIRECTION('ref_axis',(0.776680074983352,0.629895277902489,0.));
#7241=DIRECTION('',(0.776680074983352,0.629895277902489,0.));
#7242=DIRECTION('',(0.776680074983352,0.629895277902489,0.));
#7243=DIRECTION('',(0.,0.,1.));
#7244=DIRECTION('center_axis',(-0.722272190738258,-0.69160890862261,0.));
#7245=DIRECTION('ref_axis',(0.69160890862261,-0.722272190738258,0.));
#7246=DIRECTION('',(0.69160890862261,-0.722272190738258,0.));
#7247=DIRECTION('',(0.69160890862261,-0.722272190738258,0.));
#7248=DIRECTION('',(0.,0.,1.));
#7249=DIRECTION('center_axis',(0.,0.,1.));
#7250=DIRECTION('ref_axis',(1.,0.,0.));
#7251=DIRECTION('center_axis',(0.,0.,-1.));
#7252=DIRECTION('ref_axis',(1.,0.,0.));
#7253=DIRECTION('center_axis',(0.,0.,-1.));
#7254=DIRECTION('ref_axis',(1.,0.,0.));
#7255=DIRECTION('',(0.,0.,1.));
#7256=DIRECTION('center_axis',(-0.62989527790249,0.776680074983352,0.));
#7257=DIRECTION('ref_axis',(-0.776680074983352,-0.629895277902489,0.));
#7258=DIRECTION('',(-0.776680074983352,-0.629895277902489,0.));
#7259=DIRECTION('',(-0.776680074983352,-0.629895277902489,0.));
#7260=DIRECTION('',(0.,0.,1.));
#7261=DIRECTION('center_axis',(0.722272190738258,0.69160890862261,0.));
#7262=DIRECTION('ref_axis',(-0.69160890862261,0.722272190738258,0.));
#7263=DIRECTION('',(-0.69160890862261,0.722272190738258,0.));
#7264=DIRECTION('',(-0.69160890862261,0.722272190738258,0.));
#7265=DIRECTION('',(0.,0.,1.));
#7266=DIRECTION('center_axis',(0.803258439661592,-0.595630656625752,0.));
#7267=DIRECTION('ref_axis',(0.595630656625752,0.803258439661592,0.));
#7268=DIRECTION('',(0.595630656625752,0.803258439661592,0.));
#7269=DIRECTION('',(0.595630656625752,0.803258439661592,0.));
#7270=DIRECTION('',(0.,0.,1.));
#7271=DIRECTION('center_axis',(-0.527584540252999,-0.84950253259542,0.));
#7272=DIRECTION('ref_axis',(0.84950253259542,-0.527584540252999,0.));
#7273=DIRECTION('',(0.84950253259542,-0.527584540252999,0.));
#7274=DIRECTION('',(0.84950253259542,-0.527584540252999,0.));
#7275=DIRECTION('',(0.,0.,1.));
#7276=DIRECTION('center_axis',(0.,0.,1.));
#7277=DIRECTION('ref_axis',(1.,0.,0.));
#7278=DIRECTION('center_axis',(0.,0.,-1.));
#7279=DIRECTION('ref_axis',(1.,0.,0.));
#7280=DIRECTION('center_axis',(0.,0.,-1.));
#7281=DIRECTION('ref_axis',(1.,0.,0.));
#7282=DIRECTION('',(0.,0.,1.));
#7283=DIRECTION('center_axis',(-0.803258439661592,0.595630656625752,0.));
#7284=DIRECTION('ref_axis',(-0.595630656625752,-0.803258439661592,0.));
#7285=DIRECTION('',(-0.595630656625752,-0.803258439661592,0.));
#7286=DIRECTION('',(-0.595630656625752,-0.803258439661592,0.));
#7287=DIRECTION('',(0.,0.,1.));
#7288=DIRECTION('center_axis',(0.527584540252999,0.84950253259542,0.));
#7289=DIRECTION('ref_axis',(-0.84950253259542,0.527584540252999,0.));
#7290=DIRECTION('',(-0.84950253259542,0.527584540252999,0.));
#7291=DIRECTION('',(-0.84950253259542,0.527584540252999,0.));
#7292=DIRECTION('',(0.,0.,1.));
#7293=DIRECTION('center_axis',(0.926149919478863,-0.377155573536035,0.));
#7294=DIRECTION('ref_axis',(0.377155573536035,0.926149919478863,0.));
#7295=DIRECTION('',(0.377155573536035,0.926149919478863,0.));
#7296=DIRECTION('',(0.377155573536035,0.926149919478863,0.));
#7297=DIRECTION('',(0.,0.,1.));
#7298=DIRECTION('center_axis',(-0.299746812783431,-0.95401878819349,0.));
#7299=DIRECTION('ref_axis',(0.95401878819349,-0.299746812783431,0.));
#7300=DIRECTION('',(0.95401878819349,-0.299746812783431,0.));
#7301=DIRECTION('',(0.95401878819349,-0.299746812783431,0.));
#7302=DIRECTION('',(0.,0.,1.));
#7303=DIRECTION('center_axis',(0.,0.,1.));
#7304=DIRECTION('ref_axis',(1.,0.,0.));
#7305=DIRECTION('center_axis',(0.,0.,-1.));
#7306=DIRECTION('ref_axis',(1.,0.,0.));
#7307=DIRECTION('center_axis',(0.,0.,-1.));
#7308=DIRECTION('ref_axis',(1.,0.,0.));
#7309=DIRECTION('',(0.,0.,1.));
#7310=DIRECTION('center_axis',(-0.926149919478863,0.377155573536035,0.));
#7311=DIRECTION('ref_axis',(-0.377155573536035,-0.926149919478863,0.));
#7312=DIRECTION('',(-0.377155573536035,-0.926149919478863,0.));
#7313=DIRECTION('',(-0.377155573536035,-0.926149919478863,0.));
#7314=DIRECTION('',(0.,0.,1.));
#7315=DIRECTION('center_axis',(0.299746812783431,0.95401878819349,0.));
#7316=DIRECTION('ref_axis',(-0.95401878819349,0.299746812783431,0.));
#7317=DIRECTION('',(-0.95401878819349,0.299746812783431,0.));
#7318=DIRECTION('',(-0.95401878819349,0.299746812783431,0.));
#7319=DIRECTION('',(0.,0.,1.));
#7320=DIRECTION('center_axis',(0.990847993714137,-0.134982418679876,0.));
#7321=DIRECTION('ref_axis',(0.134982418679876,0.990847993714137,0.));
#7322=DIRECTION('',(0.134982418679876,0.990847993714137,0.));
#7323=DIRECTION('',(0.134982418679876,0.990847993714137,0.));
#7324=DIRECTION('',(0.,0.,1.));
#7325=DIRECTION('center_axis',(-0.0530748906750173,-0.998590534693693,0.));
#7326=DIRECTION('ref_axis',(0.998590534693693,-0.0530748906750173,0.));
#7327=DIRECTION('',(0.998590534693693,-0.0530748906750173,0.));
#7328=DIRECTION('',(0.998590534693693,-0.0530748906750173,0.));
#7329=DIRECTION('',(0.,0.,1.));
#7330=DIRECTION('center_axis',(0.,0.,1.));
#7331=DIRECTION('ref_axis',(1.,0.,0.));
#7332=DIRECTION('center_axis',(0.,0.,-1.));
#7333=DIRECTION('ref_axis',(1.,0.,0.));
#7334=DIRECTION('center_axis',(0.,0.,-1.));
#7335=DIRECTION('ref_axis',(1.,0.,0.));
#7336=DIRECTION('',(0.,0.,1.));
#7337=DIRECTION('center_axis',(-0.990847993714137,0.134982418679876,0.));
#7338=DIRECTION('ref_axis',(-0.134982418679876,-0.990847993714137,0.));
#7339=DIRECTION('',(-0.134982418679876,-0.990847993714137,0.));
#7340=DIRECTION('',(-0.134982418679876,-0.990847993714137,0.));
#7341=DIRECTION('',(0.,0.,1.));
#7342=DIRECTION('center_axis',(0.0530748906750173,0.998590534693693,0.));
#7343=DIRECTION('ref_axis',(-0.998590534693693,0.0530748906750173,0.));
#7344=DIRECTION('',(-0.998590534693693,0.0530748906750173,0.));
#7345=DIRECTION('',(-0.998590534693693,0.0530748906750173,0.));
#7346=DIRECTION('',(0.,0.,1.));
#7347=DIRECTION('center_axis',(0.993287444420339,0.115672177972548,0.));
#7348=DIRECTION('ref_axis',(-0.115672177972548,0.993287444420339,0.));
#7349=DIRECTION('',(-0.115672177972548,0.993287444420339,0.));
#7350=DIRECTION('',(-0.115672177972548,0.993287444420339,0.));
#7351=DIRECTION('',(0.,0.,1.));
#7352=DIRECTION('center_axis',(0.196931922010301,-0.980417165340004,0.));
#7353=DIRECTION('ref_axis',(0.980417165340004,0.196931922010301,0.));
#7354=DIRECTION('',(0.980417165340004,0.196931922010301,0.));
#7355=DIRECTION('',(0.980417165340004,0.196931922010301,0.));
#7356=DIRECTION('',(0.,0.,1.));
#7357=DIRECTION('center_axis',(0.,0.,1.));
#7358=DIRECTION('ref_axis',(1.,0.,0.));
#7359=DIRECTION('center_axis',(0.,0.,-1.));
#7360=DIRECTION('ref_axis',(1.,0.,0.));
#7361=DIRECTION('center_axis',(0.,0.,-1.));
#7362=DIRECTION('ref_axis',(1.,0.,0.));
#7363=DIRECTION('',(0.,0.,1.));
#7364=DIRECTION('center_axis',(-0.993287444420339,-0.115672177972548,0.));
#7365=DIRECTION('ref_axis',(0.115672177972548,-0.993287444420339,0.));
#7366=DIRECTION('',(0.115672177972548,-0.993287444420339,0.));
#7367=DIRECTION('',(0.115672177972548,-0.993287444420339,0.));
#7368=DIRECTION('',(0.,0.,1.));
#7369=DIRECTION('center_axis',(-0.196931922010301,0.980417165340004,0.));
#7370=DIRECTION('ref_axis',(-0.980417165340004,-0.196931922010301,0.));
#7371=DIRECTION('',(-0.980417165340004,-0.196931922010301,0.));
#7372=DIRECTION('',(-0.980417165340004,-0.196931922010301,0.));
#7373=DIRECTION('',(0.,0.,1.));
#7374=DIRECTION('center_axis',(0.933314991937925,0.359058666270444,0.));
#7375=DIRECTION('ref_axis',(-0.359058666270444,0.933314991937925,0.));
#7376=DIRECTION('',(-0.359058666270444,0.933314991937925,0.));
#7377=DIRECTION('',(-0.359058666270444,0.933314991937925,0.));
#7378=DIRECTION('',(0.,0.,1.));
#7379=DIRECTION('center_axis',(0.434564777770768,-0.900640579765893,0.));
#7380=DIRECTION('ref_axis',(0.900640579765893,0.434564777770768,0.));
#7381=DIRECTION('',(0.900640579765893,0.434564777770768,0.));
#7382=DIRECTION('',(0.900640579765893,0.434564777770768,0.));
#7383=DIRECTION('',(0.,0.,1.));
#7384=DIRECTION('center_axis',(0.,0.,1.));
#7385=DIRECTION('ref_axis',(1.,0.,0.));
#7386=DIRECTION('center_axis',(0.,0.,-1.));
#7387=DIRECTION('ref_axis',(1.,0.,0.));
#7388=DIRECTION('center_axis',(0.,0.,-1.));
#7389=DIRECTION('ref_axis',(1.,0.,0.));
#7390=DIRECTION('',(0.,0.,1.));
#7391=DIRECTION('center_axis',(-0.933314991937925,-0.359058666270444,0.));
#7392=DIRECTION('ref_axis',(0.359058666270444,-0.933314991937925,0.));
#7393=DIRECTION('',(0.359058666270444,-0.933314991937925,0.));
#7394=DIRECTION('',(0.359058666270444,-0.933314991937925,0.));
#7395=DIRECTION('',(0.,0.,1.));
#7396=DIRECTION('center_axis',(-0.434564777770768,0.900640579765893,0.));
#7397=DIRECTION('ref_axis',(-0.900640579765893,-0.434564777770768,0.));
#7398=DIRECTION('',(-0.900640579765893,-0.434564777770768,0.));
#7399=DIRECTION('',(-0.900640579765893,-0.434564777770768,0.));
#7400=DIRECTION('',(0.,0.,1.));
#7401=DIRECTION('center_axis',(0.814698926019618,0.579884178041168,0.));
#7402=DIRECTION('ref_axis',(-0.579884178041168,0.814698926019618,0.));
#7403=DIRECTION('',(-0.579884178041168,0.814698926019618,0.));
#7404=DIRECTION('',(-0.579884178041168,0.814698926019618,0.));
#7405=DIRECTION('',(0.,0.,1.));
#7406=DIRECTION('center_axis',(0.64489233032644,-0.764273434240739,0.));
#7407=DIRECTION('ref_axis',(0.764273434240739,0.64489233032644,0.));
#7408=DIRECTION('',(0.764273434240739,0.64489233032644,0.));
#7409=DIRECTION('',(0.764273434240739,0.64489233032644,0.));
#7410=DIRECTION('',(0.,0.,1.));
#7411=DIRECTION('center_axis',(0.,0.,1.));
#7412=DIRECTION('ref_axis',(1.,0.,0.));
#7413=DIRECTION('center_axis',(0.,0.,-1.));
#7414=DIRECTION('ref_axis',(1.,0.,0.));
#7415=DIRECTION('center_axis',(0.,0.,-1.));
#7416=DIRECTION('ref_axis',(1.,0.,0.));
#7417=DIRECTION('',(0.,0.,1.));
#7418=DIRECTION('center_axis',(-0.814698926019618,-0.579884178041168,0.));
#7419=DIRECTION('ref_axis',(0.579884178041168,-0.814698926019618,0.));
#7420=DIRECTION('',(0.579884178041168,-0.814698926019618,0.));
#7421=DIRECTION('',(0.579884178041168,-0.814698926019618,0.));
#7422=DIRECTION('',(0.,0.,1.));
#7423=DIRECTION('center_axis',(-0.64489233032644,0.764273434240739,0.));
#7424=DIRECTION('ref_axis',(-0.764273434240739,-0.64489233032644,0.));
#7425=DIRECTION('',(-0.764273434240739,-0.64489233032644,0.));
#7426=DIRECTION('',(-0.764273434240739,-0.64489233032644,0.));
#7427=DIRECTION('',(0.,0.,1.));
#7428=DIRECTION('center_axis',(0.64489233032644,0.764273434240739,0.));
#7429=DIRECTION('ref_axis',(-0.764273434240739,0.64489233032644,0.));
#7430=DIRECTION('',(-0.764273434240739,0.64489233032644,0.));
#7431=DIRECTION('',(-0.764273434240739,0.64489233032644,0.));
#7432=DIRECTION('',(0.,0.,1.));
#7433=DIRECTION('center_axis',(0.814698926019618,-0.579884178041167,0.));
#7434=DIRECTION('ref_axis',(0.579884178041167,0.814698926019618,0.));
#7435=DIRECTION('',(0.579884178041167,0.814698926019618,0.));
#7436=DIRECTION('',(0.579884178041167,0.814698926019618,0.));
#7437=DIRECTION('',(0.,0.,1.));
#7438=DIRECTION('center_axis',(0.,0.,1.));
#7439=DIRECTION('ref_axis',(1.,0.,0.));
#7440=DIRECTION('center_axis',(0.,0.,-1.));
#7441=DIRECTION('ref_axis',(1.,0.,0.));
#7442=DIRECTION('center_axis',(0.,0.,-1.));
#7443=DIRECTION('ref_axis',(1.,0.,0.));
#7444=DIRECTION('center_axis',(0.,0.,1.));
#7445=DIRECTION('ref_axis',(1.,0.,0.));
#7446=DIRECTION('center_axis',(0.,0.,1.));
#7447=DIRECTION('ref_axis',(1.,0.,0.));
#7448=DIRECTION('',(0.,0.,-1.));
#7449=DIRECTION('center_axis',(0.,0.,1.));
#7450=DIRECTION('ref_axis',(1.,0.,0.));
#7451=DIRECTION('center_axis',(0.,0.,1.));
#7452=DIRECTION('ref_axis',(1.,0.,0.));
#7453=DIRECTION('center_axis',(0.,0.,1.));
#7454=DIRECTION('ref_axis',(1.,0.,0.));
#7455=DIRECTION('axis',(0.,0.,1.));
#7456=DIRECTION('refdir',(1.,0.,0.));
#7457=DIRECTION('center_axis',(0.,0.,-1.));
#7458=DIRECTION('ref_axis',(-1.,0.,0.));
#7459=DIRECTION('',(-1.,0.,0.));
#7460=DIRECTION('',(0.,1.,0.));
#7461=DIRECTION('',(-1.,0.,0.));
#7462=DIRECTION('',(0.,1.,0.));
#7463=DIRECTION('center_axis',(1.,0.,0.));
#7464=DIRECTION('ref_axis',(0.,0.,-1.));
#7465=DIRECTION('',(0.,0.,-1.));
#7466=DIRECTION('',(0.,0.,-1.));
#7467=DIRECTION('',(0.,1.,0.));
#7468=DIRECTION('center_axis',(0.,0.,1.));
#7469=DIRECTION('ref_axis',(1.,0.,0.));
#7470=DIRECTION('',(1.,0.,0.));
#7471=DIRECTION('',(1.,0.,0.));
#7472=DIRECTION('',(0.,1.,0.));
#7473=DIRECTION('center_axis',(-1.,0.,0.));
#7474=DIRECTION('ref_axis',(0.,0.,1.));
#7475=DIRECTION('',(0.,0.,1.));
#7476=DIRECTION('',(0.,0.,1.));
#7477=DIRECTION('center_axis',(0.,1.,0.));
#7478=DIRECTION('ref_axis',(0.,0.,1.));
#7479=DIRECTION('center_axis',(0.,1.,0.));
#7480=DIRECTION('ref_axis',(1.,0.,0.));
#7481=DIRECTION('axis',(0.,0.,1.));
#7482=DIRECTION('refdir',(1.,0.,0.));
#7483=DIRECTION('center_axis',(-0.128424087483089,-0.99171934223052,0.));
#7484=DIRECTION('ref_axis',(-0.99171934223052,0.128424087483089,0.));
#7485=DIRECTION('',(0.99171934223052,-0.128424087483089,0.));
#7486=DIRECTION('',(0.,0.,-1.));
#7487=DIRECTION('',(-0.99171934223052,0.128424087483089,0.));
#7488=DIRECTION('',(0.,0.,1.));
#7489=DIRECTION('center_axis',(0.128424087483089,-0.99171934223052,0.));
#7490=DIRECTION('ref_axis',(-0.99171934223052,-0.128424087483089,0.));
#7491=DIRECTION('',(0.99171934223052,0.128424087483089,-3.10149196538152E-16));
#7492=DIRECTION('',(0.,0.,-1.));
#7493=DIRECTION('',(-0.99171934223052,-0.128424087483089,0.));
#7494=DIRECTION('',(-1.17961196366423E-16,0.,1.));
#7495=DIRECTION('center_axis',(0.,0.,1.));
#7496=DIRECTION('ref_axis',(1.,0.,0.));
#7497=DIRECTION('',(0.,1.,0.));
#7498=DIRECTION('',(-1.,0.,0.));
#7499=DIRECTION('center_axis',(-3.127388801761E-16,0.,-1.));
#7500=DIRECTION('ref_axis',(-1.,0.,3.127388801761E-16));
#7501=DIRECTION('',(0.,1.,0.));
#7502=DIRECTION('',(1.,0.,-3.127388801761E-16));
#7503=DIRECTION('center_axis',(0.,1.,0.));
#7504=DIRECTION('ref_axis',(-0.707106781186546,0.,0.707106781186549));
#7505=DIRECTION('center_axis',(0.,-1.,0.));
#7506=DIRECTION('ref_axis',(-0.707106781186546,0.,0.707106781186549));
#7507=DIRECTION('',(0.,-1.,0.));
#7508=DIRECTION('center_axis',(0.,1.,0.));
#7509=DIRECTION('ref_axis',(-0.707106781186546,0.,0.707106781186549));
#7510=DIRECTION('',(0.,1.,0.));
#7511=DIRECTION('center_axis',(-1.,0.,0.));
#7512=DIRECTION('ref_axis',(0.,0.,1.));
#7513=DIRECTION('',(0.,0.,1.));
#7514=DIRECTION('',(0.,1.,0.));
#7515=DIRECTION('',(0.,0.,1.));
#7516=DIRECTION('',(0.,1.,0.));
#7517=DIRECTION('',(0.,0.,1.));
#7518=DIRECTION('',(0.,1.,0.));
#7519=DIRECTION('',(0.,0.,-1.));
#7520=DIRECTION('center_axis',(0.,1.,0.));
#7521=DIRECTION('ref_axis',(1.,0.,0.));
#7522=DIRECTION('',(1.,0.,0.));
#7523=DIRECTION('',(0.,0.,-1.));
#7524=DIRECTION('',(-1.,0.,-7.81847200440251E-17));
#7525=DIRECTION('',(0.,0.,-1.));
#7526=DIRECTION('center_axis',(0.,-1.,0.));
#7527=DIRECTION('ref_axis',(0.707106781186546,0.,-0.707106781186549));
#7528=DIRECTION('',(-1.,0.,0.));
#7529=DIRECTION('center_axis',(0.,-1.,0.));
#7530=DIRECTION('ref_axis',(-0.707106781186548,0.,-0.707106781186547));
#7531=DIRECTION('',(-1.,0.,7.81847200440251E-17));
#7532=DIRECTION('',(0.,0.,1.));
#7533=DIRECTION('',(1.,0.,0.));
#7534=DIRECTION('center_axis',(0.,-1.,0.));
#7535=DIRECTION('ref_axis',(1.,0.,0.));
#7536=DIRECTION('',(-1.,0.,0.));
#7537=DIRECTION('',(0.,0.,1.));
#7538=DIRECTION('',(1.,0.,0.));
#7539=DIRECTION('center_axis',(0.,-1.,0.));
#7540=DIRECTION('ref_axis',(1.,0.,0.));
#7541=DIRECTION('',(-1.,0.,0.));
#7542=DIRECTION('',(0.,0.,1.));
#7543=DIRECTION('',(1.,0.,0.));
#7544=DIRECTION('',(1.,0.,0.));
#7545=DIRECTION('center_axis',(0.,-1.,0.));
#7546=DIRECTION('ref_axis',(0.707106781186548,0.,0.707106781186548));
#7547=DIRECTION('',(0.,0.,-1.));
#7548=DIRECTION('',(1.,0.,0.));
#7549=DIRECTION('',(0.,0.,-1.));
#7550=DIRECTION('',(-1.,0.,0.));
#7551=DIRECTION('center_axis',(0.,-1.,0.));
#7552=DIRECTION('ref_axis',(1.,0.,0.));
#7553=DIRECTION('',(1.,0.,0.));
#7554=DIRECTION('',(0.,0.,-1.));
#7555=DIRECTION('',(-1.,0.,0.));
#7556=DIRECTION('center_axis',(0.,-1.,0.));
#7557=DIRECTION('ref_axis',(1.,0.,0.));
#7558=DIRECTION('',(0.,0.,1.));
#7559=DIRECTION('center_axis',(0.,-1.,0.));
#7560=DIRECTION('ref_axis',(0.707106781186548,0.,0.707106781186548));
#7561=DIRECTION('',(-1.,0.,0.));
#7562=DIRECTION('center_axis',(0.,-1.,0.));
#7563=DIRECTION('ref_axis',(-0.707106781186549,0.,0.707106781186546));
#7564=DIRECTION('',(1.17961196366423E-16,0.,-1.));
#7565=DIRECTION('',(-1.,0.,0.));
#7566=DIRECTION('',(1.17961196366423E-16,0.,-1.));
#7567=DIRECTION('center_axis',(0.,-1.,0.));
#7568=DIRECTION('ref_axis',(-0.707106781186547,0.,-0.707106781186548));
#7569=DIRECTION('',(1.,0.,1.2116912721647E-16));
#7570=DIRECTION('center_axis',(0.,-1.,0.));
#7571=DIRECTION('ref_axis',(0.707106781186547,0.,-0.707106781186548));
#7572=DIRECTION('',(0.,0.,1.));
#7573=DIRECTION('',(1.,0.,0.));
#7574=DIRECTION('center_axis',(0.,1.,0.));
#7575=DIRECTION('ref_axis',(-0.707106781186547,0.,-0.707106781186548));
#7576=DIRECTION('center_axis',(0.,-1.,0.));
#7577=DIRECTION('ref_axis',(-0.707106781186547,0.,-0.707106781186548));
#7578=DIRECTION('',(0.,-1.,0.));
#7579=DIRECTION('',(0.,1.,0.));
#7580=DIRECTION('center_axis',(0.,1.,0.));
#7581=DIRECTION('ref_axis',(0.,0.,1.));
#7582=DIRECTION('',(-1.17961196366423E-16,0.,1.));
#7583=DIRECTION('center_axis',(0.,-1.,0.));
#7584=DIRECTION('ref_axis',(-0.707106781186549,0.,0.707106781186546));
#7585=DIRECTION('',(1.,0.,0.));
#7586=DIRECTION('center_axis',(0.,-1.,0.));
#7587=DIRECTION('ref_axis',(1.,0.,0.));
#7588=DIRECTION('',(-1.,0.,-8.53760921494613E-17));
#7589=DIRECTION('center_axis',(0.,-1.,0.));
#7590=DIRECTION('ref_axis',(-0.707106781186546,0.,0.707106781186549));
#7591=DIRECTION('',(1.2404726532116E-16,0.,-1.));
#7592=DIRECTION('',(1.2404726532116E-16,0.,-1.));
#7593=DIRECTION('center_axis',(0.,-1.,0.));
#7594=DIRECTION('ref_axis',(-0.707106781186548,0.,-0.707106781186547));
#7595=DIRECTION('',(1.,0.,-1.86760201576947E-16));
#7596=DIRECTION('center_axis',(0.,-1.,0.));
#7597=DIRECTION('ref_axis',(1.,0.,0.));
#7598=DIRECTION('',(-1.,0.,-1.2116912721647E-16));
#7599=DIRECTION('center_axis',(-1.,0.,-1.17961196366423E-16));
#7600=DIRECTION('ref_axis',(-1.17961196366423E-16,0.,1.));
#7601=DIRECTION('',(0.,-1.,0.));
#7602=DIRECTION('',(0.,-1.,0.));
#7603=DIRECTION('center_axis',(0.,1.,0.));
#7604=DIRECTION('ref_axis',(-0.707106781186548,0.,-0.707106781186547));
#7605=DIRECTION('',(0.,-1.,0.));
#7606=DIRECTION('center_axis',(0.,1.,0.));
#7607=DIRECTION('ref_axis',(-0.707106781186548,0.,-0.707106781186547));
#7608=DIRECTION('center_axis',(0.,0.,-1.));
#7609=DIRECTION('ref_axis',(-1.,0.,0.));
#7610=DIRECTION('',(0.,1.,0.));
#7611=DIRECTION('',(1.,0.,0.));
#7612=DIRECTION('center_axis',(0.,1.,0.));
#7613=DIRECTION('ref_axis',(0.707106781186546,0.,-0.707106781186549));
#7614=DIRECTION('',(0.,-1.,0.));
#7615=DIRECTION('center_axis',(0.,1.,0.));
#7616=DIRECTION('ref_axis',(0.707106781186546,0.,-0.707106781186549));
#7617=DIRECTION('center_axis',(1.,0.,0.));
#7618=DIRECTION('ref_axis',(0.,0.,-1.));
#7619=DIRECTION('',(0.,1.,0.));
#7620=DIRECTION('',(0.,0.,-1.));
#7621=DIRECTION('',(0.,1.,0.));
#7622=DIRECTION('',(0.,1.,0.));
#7623=DIRECTION('',(0.,0.,-1.));
#7624=DIRECTION('center_axis',(0.,1.,0.));
#7625=DIRECTION('ref_axis',(0.707106781186548,0.,0.707106781186548));
#7626=DIRECTION('',(0.,-1.,0.));
#7627=DIRECTION('center_axis',(0.,1.,0.));
#7628=DIRECTION('ref_axis',(0.707106781186548,0.,0.707106781186548));
#7629=DIRECTION('center_axis',(0.,0.,1.));
#7630=DIRECTION('ref_axis',(1.,0.,0.));
#7631=DIRECTION('',(-1.,0.,0.));
#7632=DIRECTION('center_axis',(0.,1.,0.));
#7633=DIRECTION('ref_axis',(0.707106781186547,0.,-0.707106781186548));
#7634=DIRECTION('center_axis',(0.,-1.,0.));
#7635=DIRECTION('ref_axis',(0.707106781186547,0.,-0.707106781186548));
#7636=DIRECTION('',(0.,-1.,0.));
#7637=DIRECTION('',(0.,1.,0.));
#7638=DIRECTION('center_axis',(1.,0.,0.));
#7639=DIRECTION('ref_axis',(0.,0.,-1.));
#7640=DIRECTION('',(0.,0.,-1.));
#7641=DIRECTION('',(0.,0.,-1.));
#7642=DIRECTION('',(0.,1.,0.));
#7643=DIRECTION('',(0.,-1.,0.));
#7644=DIRECTION('center_axis',(0.,1.,0.));
#7645=DIRECTION('ref_axis',(0.,0.,1.));
#7646=DIRECTION('',(-1.,0.,-1.2116912721647E-16));
#7647=DIRECTION('center_axis',(0.,-1.,0.));
#7648=DIRECTION('ref_axis',(1.,0.,0.));
#7649=DIRECTION('center_axis',(0.,1.,0.));
#7650=DIRECTION('ref_axis',(0.707106781186548,0.,0.707106781186548));
#7651=DIRECTION('center_axis',(0.,-1.,0.));
#7652=DIRECTION('ref_axis',(0.707106781186548,0.,0.707106781186548));
#7653=DIRECTION('',(0.,-1.,0.));
#7654=DIRECTION('center_axis',(0.,0.,1.));
#7655=DIRECTION('ref_axis',(1.,0.,0.));
#7656=DIRECTION('',(1.,0.,0.));
#7657=DIRECTION('',(0.,1.,0.));
#7658=DIRECTION('center_axis',(0.,1.,0.));
#7659=DIRECTION('ref_axis',(0.,0.,1.));
#7660=DIRECTION('center_axis',(0.,-1.,0.));
#7661=DIRECTION('ref_axis',(1.,0.,0.));
#7662=DIRECTION('center_axis',(0.,1.,0.));
#7663=DIRECTION('ref_axis',(-0.707106781186548,0.,-0.707106781186547));
#7664=DIRECTION('center_axis',(0.,-1.,0.));
#7665=DIRECTION('ref_axis',(-0.707106781186548,0.,-0.707106781186547));
#7666=DIRECTION('',(0.,-1.,0.));
#7667=DIRECTION('',(0.,1.,0.));
#7668=DIRECTION('center_axis',(-1.86760201576947E-16,0.,-1.));
#7669=DIRECTION('ref_axis',(-1.,0.,1.86760201576947E-16));
#7670=DIRECTION('',(-1.,0.,1.86760201576947E-16));
#7671=DIRECTION('',(0.,1.,0.));
#7672=DIRECTION('center_axis',(0.,1.,0.));
#7673=DIRECTION('ref_axis',(1.,0.,0.));
#7674=DIRECTION('',(-1.2404726532116E-16,0.,1.));
#7675=DIRECTION('',(-1.2404726532116E-16,0.,1.));
#7676=DIRECTION('center_axis',(0.,-1.,0.));
#7677=DIRECTION('ref_axis',(-0.707106781186546,0.,0.707106781186549));
#7678=DIRECTION('',(1.,0.,8.53760921494613E-17));
#7679=DIRECTION('center_axis',(0.,1.,0.));
#7680=DIRECTION('ref_axis',(1.,0.,0.));
#7681=DIRECTION('center_axis',(0.,-1.,0.));
#7682=DIRECTION('ref_axis',(1.,0.,0.));
#7683=DIRECTION('center_axis',(0.,1.,0.));
#7684=DIRECTION('ref_axis',(-0.707106781186546,0.,0.707106781186549));
#7685=DIRECTION('',(0.,-1.,0.));
#7686=DIRECTION('',(0.,1.,0.));
#7687=DIRECTION('center_axis',(-8.53760921494613E-17,0.,1.));
#7688=DIRECTION('ref_axis',(1.,0.,8.53760921494613E-17));
#7689=DIRECTION('',(0.,1.,0.));
#7690=DIRECTION('center_axis',(0.,1.,0.));
#7691=DIRECTION('ref_axis',(-0.707106781186549,0.,0.707106781186546));
#7692=DIRECTION('center_axis',(0.,1.,0.));
#7693=DIRECTION('ref_axis',(1.,0.,0.));
#7694=DIRECTION('center_axis',(0.,1.,0.));
#7695=DIRECTION('ref_axis',(1.,0.,0.));
#7696=DIRECTION('',(0.,-1.,0.));
#7697=DIRECTION('center_axis',(0.,-1.,0.));
#7698=DIRECTION('ref_axis',(1.,0.,0.));
#7699=DIRECTION('center_axis',(0.,1.,0.));
#7700=DIRECTION('ref_axis',(1.,0.,0.));
#7701=DIRECTION('center_axis',(0.,1.,0.));
#7702=DIRECTION('ref_axis',(1.,0.,0.));
#7703=DIRECTION('center_axis',(0.,1.,0.));
#7704=DIRECTION('ref_axis',(1.,0.,0.));
#7705=DIRECTION('',(0.,-1.,0.));
#7706=DIRECTION('center_axis',(0.,-1.,0.));
#7707=DIRECTION('ref_axis',(1.,0.,0.));
#7708=DIRECTION('center_axis',(0.,1.,0.));
#7709=DIRECTION('ref_axis',(1.,0.,0.));
#7710=DIRECTION('center_axis',(0.,1.,0.));
#7711=DIRECTION('ref_axis',(1.,0.,0.));
#7712=DIRECTION('center_axis',(0.,1.,0.));
#7713=DIRECTION('ref_axis',(1.,0.,0.));
#7714=DIRECTION('',(0.,-1.,0.));
#7715=DIRECTION('center_axis',(0.,1.,0.));
#7716=DIRECTION('ref_axis',(1.,0.,0.));
#7717=DIRECTION('center_axis',(0.,1.,0.));
#7718=DIRECTION('ref_axis',(1.,0.,0.));
#7719=DIRECTION('center_axis',(-1.,0.,-1.2404726532116E-16));
#7720=DIRECTION('ref_axis',(-1.2404726532116E-16,0.,1.));
#7721=DIRECTION('',(0.,1.,0.));
#7722=DIRECTION('',(0.,1.,0.));
#7723=DIRECTION('center_axis',(-1.,0.,-1.2404726532116E-16));
#7724=DIRECTION('ref_axis',(-1.2404726532116E-16,0.,1.));
#7725=DIRECTION('center_axis',(0.,0.,1.));
#7726=DIRECTION('ref_axis',(1.,0.,0.));
#7727=DIRECTION('center_axis',(0.,0.,-1.));
#7728=DIRECTION('ref_axis',(-1.,0.,0.));
#7729=DIRECTION('center_axis',(1.2116912721647E-16,0.,-1.));
#7730=DIRECTION('ref_axis',(-1.,0.,-1.2116912721647E-16));
#7731=DIRECTION('center_axis',(0.,1.,0.));
#7732=DIRECTION('ref_axis',(1.,0.,0.));
#7733=DIRECTION('',(1.,0.,0.));
#7734=DIRECTION('',(0.,0.,1.));
#7735=DIRECTION('',(-1.,0.,0.));
#7736=DIRECTION('center_axis',(0.,1.,0.));
#7737=DIRECTION('ref_axis',(1.,0.,0.));
#7738=DIRECTION('',(-1.,0.,0.));
#7739=DIRECTION('',(0.,0.,1.));
#7740=DIRECTION('',(-1.,0.,0.));
#7741=DIRECTION('center_axis',(0.,1.,0.));
#7742=DIRECTION('ref_axis',(1.,0.,0.));
#7743=DIRECTION('',(-1.,0.,0.));
#7744=DIRECTION('',(0.,0.,1.));
#7745=DIRECTION('',(1.,0.,-7.81847200440251E-17));
#7746=DIRECTION('center_axis',(0.,1.,0.));
#7747=DIRECTION('ref_axis',(1.,0.,0.));
#7748=DIRECTION('',(-1.,0.,-7.81847200440251E-17));
#7749=DIRECTION('',(0.,0.,1.));
#7750=DIRECTION('',(1.,0.,0.));
#7751=DIRECTION('center_axis',(0.,1.,0.));
#7752=DIRECTION('ref_axis',(1.,0.,0.));
#7753=DIRECTION('',(1.,0.,0.));
#7754=DIRECTION('',(0.,0.,1.));
#7755=DIRECTION('',(1.,0.,0.));
#7756=DIRECTION('center_axis',(0.,1.,0.));
#7757=DIRECTION('ref_axis',(1.,0.,0.));
#7758=DIRECTION('',(1.,0.,0.));
#7759=DIRECTION('',(0.,0.,1.));
#7760=DIRECTION('',(-1.,0.,0.));
#7761=DIRECTION('center_axis',(0.,1.,0.));
#7762=DIRECTION('ref_axis',(-1.,0.,-1.22464679914735E-16));
#7763=DIRECTION('',(0.,1.,0.));
#7764=DIRECTION('',(0.,1.,0.));
#7765=DIRECTION('center_axis',(0.,0.,-1.));
#7766=DIRECTION('ref_axis',(-1.,0.,0.));
#7767=DIRECTION('',(0.,1.,0.));
#7768=DIRECTION('center_axis',(1.,0.,0.));
#7769=DIRECTION('ref_axis',(0.,0.,-1.));
#7770=DIRECTION('',(0.,1.,0.));
#7771=DIRECTION('center_axis',(0.,0.,1.));
#7772=DIRECTION('ref_axis',(1.,0.,0.));
#7773=DIRECTION('',(0.,1.,0.));
#7774=DIRECTION('center_axis',(0.,1.,0.));
#7775=DIRECTION('ref_axis',(-1.,0.,-1.22464679914735E-16));
#7776=DIRECTION('',(0.,1.,0.));
#7777=DIRECTION('center_axis',(0.,0.,-1.));
#7778=DIRECTION('ref_axis',(-1.,0.,0.));
#7779=DIRECTION('',(0.,1.,0.));
#7780=DIRECTION('center_axis',(1.,0.,0.));
#7781=DIRECTION('ref_axis',(0.,0.,-1.));
#7782=DIRECTION('',(0.,1.,0.));
#7783=DIRECTION('center_axis',(0.,0.,1.));
#7784=DIRECTION('ref_axis',(1.,0.,0.));
#7785=DIRECTION('center_axis',(0.,0.,1.));
#7786=DIRECTION('ref_axis',(1.,0.,0.));
#7787=DIRECTION('',(0.,1.,0.));
#7788=DIRECTION('center_axis',(-1.,0.,0.));
#7789=DIRECTION('ref_axis',(0.,0.,1.));
#7790=DIRECTION('',(0.,1.,0.));
#7791=DIRECTION('center_axis',(0.,0.,-1.));
#7792=DIRECTION('ref_axis',(-1.,0.,0.));
#7793=DIRECTION('',(0.,1.,0.));
#7794=DIRECTION('center_axis',(0.,1.,0.));
#7795=DIRECTION('ref_axis',(1.,0.,0.));
#7796=DIRECTION('',(0.,1.,0.));
#7797=DIRECTION('center_axis',(0.,0.,1.));
#7798=DIRECTION('ref_axis',(1.,0.,0.));
#7799=DIRECTION('',(0.,1.,0.));
#7800=DIRECTION('center_axis',(-1.,0.,0.));
#7801=DIRECTION('ref_axis',(0.,0.,1.));
#7802=DIRECTION('',(0.,1.,0.));
#7803=DIRECTION('center_axis',(0.,0.,-1.));
#7804=DIRECTION('ref_axis',(-1.,0.,0.));
#7805=DIRECTION('',(0.,1.,0.));
#7806=DIRECTION('center_axis',(0.,1.,0.));
#7807=DIRECTION('ref_axis',(1.,0.,0.));
#7808=DIRECTION('',(0.,1.,0.));
#7809=DIRECTION('center_axis',(0.,0.,1.));
#7810=DIRECTION('ref_axis',(1.,0.,0.));
#7811=DIRECTION('',(0.,1.,0.));
#7812=DIRECTION('center_axis',(-1.,0.,0.));
#7813=DIRECTION('ref_axis',(0.,0.,1.));
#7814=DIRECTION('',(0.,1.,0.));
#7815=DIRECTION('center_axis',(-7.81847200440251E-17,0.,-1.));
#7816=DIRECTION('ref_axis',(-1.,0.,7.81847200440251E-17));
#7817=DIRECTION('center_axis',(7.81847200440251E-17,0.,-1.));
#7818=DIRECTION('ref_axis',(-1.,0.,-7.81847200440251E-17));
#7819=DIRECTION('',(0.,1.,0.));
#7820=DIRECTION('center_axis',(1.,0.,0.));
#7821=DIRECTION('ref_axis',(0.,0.,-1.));
#7822=DIRECTION('',(0.,1.,0.));
#7823=DIRECTION('center_axis',(0.,0.,1.));
#7824=DIRECTION('ref_axis',(1.,0.,0.));
#7825=DIRECTION('center_axis',(0.,1.,0.));
#7826=DIRECTION('ref_axis',(1.,0.,0.));
#7827=DIRECTION('center_axis',(0.,1.,0.));
#7828=DIRECTION('ref_axis',(0.707106781186548,0.,0.707106781186548));
#7829=DIRECTION('center_axis',(0.,-1.,0.));
#7830=DIRECTION('ref_axis',(0.707106781186548,0.,0.707106781186548));
#7831=DIRECTION('',(0.,-1.,0.));
#7832=DIRECTION('center_axis',(0.,1.,0.));
#7833=DIRECTION('ref_axis',(0.707106781186548,0.,0.707106781186548));
#7834=DIRECTION('',(0.,1.,0.));
#7835=DIRECTION('center_axis',(-8.53760921494613E-17,0.,1.));
#7836=DIRECTION('ref_axis',(1.,0.,8.53760921494613E-17));
#7837=DIRECTION('',(1.,0.,8.53760921494613E-17));
#7838=DIRECTION('',(0.,1.,0.));
#7839=DIRECTION('',(1.,0.,8.53760921494613E-17));
#7840=DIRECTION('center_axis',(0.,1.,0.));
#7841=DIRECTION('ref_axis',(1.,0.,0.));
#7842=DIRECTION('',(0.,0.,-1.));
#7843=DIRECTION('center_axis',(0.,1.,0.));
#7844=DIRECTION('ref_axis',(1.,0.,0.));
#7845=DIRECTION('',(0.,0.,-1.));
#7846=DIRECTION('center_axis',(0.,-1.,0.));
#7847=DIRECTION('ref_axis',(0.707106781186546,0.,-0.707106781186549));
#7848=DIRECTION('',(-1.,0.,1.86760201576947E-16));
#7849=DIRECTION('center_axis',(0.,-1.,0.));
#7850=DIRECTION('ref_axis',(-0.707106781186548,0.,-0.707106781186547));
#7851=DIRECTION('',(-1.2404726532116E-16,0.,1.));
#7852=DIRECTION('',(0.,0.,-1.));
#7853=DIRECTION('',(1.,0.,0.));
#7854=DIRECTION('',(0.,0.,1.));
#7855=DIRECTION('',(-1.,0.,0.));
#7856=DIRECTION('center_axis',(0.,1.,0.));
#7857=DIRECTION('ref_axis',(0.707106781186546,0.,-0.707106781186549));
#7858=DIRECTION('',(0.,-1.,0.));
#7859=DIRECTION('center_axis',(0.,1.,0.));
#7860=DIRECTION('ref_axis',(0.707106781186546,0.,-0.707106781186549));
#7861=DIRECTION('',(0.,1.,0.));
#7862=DIRECTION('center_axis',(1.,0.,0.));
#7863=DIRECTION('ref_axis',(0.,0.,-1.));
#7864=DIRECTION('',(0.,1.,0.));
#7865=DIRECTION('',(0.,0.,1.));
#7866=DIRECTION('center_axis',(0.,1.,0.));
#7867=DIRECTION('ref_axis',(-0.707106781186548,0.,-0.707106781186547));
#7868=DIRECTION('',(0.,-1.,0.));
#7869=DIRECTION('center_axis',(0.,1.,0.));
#7870=DIRECTION('ref_axis',(-0.707106781186548,0.,-0.707106781186547));
#7871=DIRECTION('',(0.,1.,0.));
#7872=DIRECTION('center_axis',(-1.,0.,-1.2404726532116E-16));
#7873=DIRECTION('ref_axis',(-1.2404726532116E-16,0.,1.));
#7874=DIRECTION('',(-1.2404726532116E-16,0.,1.));
#7875=DIRECTION('center_axis',(0.,0.,-1.));
#7876=DIRECTION('ref_axis',(-1.,0.,0.));
#7877=DIRECTION('',(-1.,0.,0.));
#7878=DIRECTION('',(0.,1.,0.));
#7879=DIRECTION('',(0.,1.,0.));
#7880=DIRECTION('center_axis',(-1.,0.,0.));
#7881=DIRECTION('ref_axis',(0.,0.,1.));
#7882=DIRECTION('',(0.,0.,1.));
#7883=DIRECTION('',(0.,1.,0.));
#7884=DIRECTION('center_axis',(0.,0.,1.));
#7885=DIRECTION('ref_axis',(1.,0.,0.));
#7886=DIRECTION('',(1.,0.,0.));
#7887=DIRECTION('',(0.,1.,0.));
#7888=DIRECTION('center_axis',(1.,0.,0.));
#7889=DIRECTION('ref_axis',(0.,0.,-1.));
#7890=DIRECTION('',(0.,0.,-1.));
#7891=DIRECTION('center_axis',(-1.86760201576947E-16,0.,-1.));
#7892=DIRECTION('ref_axis',(-1.,0.,1.86760201576947E-16));
#7893=DIRECTION('',(1.,0.,-1.86760201576947E-16));
#7894=DIRECTION('center_axis',(0.,1.,0.));
#7895=DIRECTION('ref_axis',(1.,0.,0.));
#7896=DIRECTION('center_axis',(0.,1.,0.));
#7897=DIRECTION('ref_axis',(1.,0.,0.));
#7898=DIRECTION('',(0.,1.,0.));
#7899=DIRECTION('center_axis',(1.,0.,0.));
#7900=DIRECTION('ref_axis',(0.,0.,-1.));
#7901=DIRECTION('',(0.,0.,1.));
#7902=DIRECTION('center_axis',(0.,1.,0.));
#7903=DIRECTION('ref_axis',(1.,0.,0.));
#7904=DIRECTION('axis',(0.,0.,1.));
#7905=DIRECTION('refdir',(1.,0.,0.));
#7906=DIRECTION('center_axis',(0.,0.,-1.));
#7907=DIRECTION('ref_axis',(-1.,0.,0.));
#7908=DIRECTION('',(-1.,0.,0.));
#7909=DIRECTION('',(0.,1.,0.));
#7910=DIRECTION('',(-1.,0.,0.));
#7911=DIRECTION('',(0.,1.,0.));
#7912=DIRECTION('center_axis',(1.,0.,0.));
#7913=DIRECTION('ref_axis',(0.,0.,-1.));
#7914=DIRECTION('',(0.,0.,-1.));
#7915=DIRECTION('',(0.,0.,-1.));
#7916=DIRECTION('',(0.,1.,0.));
#7917=DIRECTION('center_axis',(0.,0.,1.));
#7918=DIRECTION('ref_axis',(1.,0.,0.));
#7919=DIRECTION('',(1.,0.,0.));
#7920=DIRECTION('',(1.,0.,0.));
#7921=DIRECTION('',(0.,1.,0.));
#7922=DIRECTION('center_axis',(-1.,0.,0.));
#7923=DIRECTION('ref_axis',(0.,0.,1.));
#7924=DIRECTION('',(0.,0.,1.));
#7925=DIRECTION('',(0.,0.,1.));
#7926=DIRECTION('center_axis',(0.,1.,0.));
#7927=DIRECTION('ref_axis',(0.,0.,1.));
#7928=DIRECTION('center_axis',(0.,1.,0.));
#7929=DIRECTION('ref_axis',(1.,0.,0.));
#7930=DIRECTION('axis',(0.,0.,1.));
#7931=DIRECTION('refdir',(1.,0.,0.));
#7932=DIRECTION('center_axis',(0.,0.,1.));
#7933=DIRECTION('ref_axis',(1.,0.,0.));
#7934=DIRECTION('',(-1.,0.,0.));
#7935=DIRECTION('',(0.,1.,0.));
#7936=DIRECTION('',(1.,0.,0.));
#7937=DIRECTION('',(0.,1.,0.));
#7938=DIRECTION('center_axis',(0.,1.,0.));
#7939=DIRECTION('ref_axis',(0.983240235969152,0.,-0.182314668557762));
#7940=DIRECTION('center_axis',(0.,1.,0.));
#7941=DIRECTION('ref_axis',(0.983240235969152,0.,-0.182314668557762));
#7942=DIRECTION('center_axis',(0.,-1.,0.));
#7943=DIRECTION('ref_axis',(0.983240235969152,0.,-0.182314668557762));
#7944=DIRECTION('',(0.,1.,0.));
#7945=DIRECTION('center_axis',(0.,0.,-1.));
#7946=DIRECTION('ref_axis',(-1.,0.,0.));
#7947=DIRECTION('',(1.,0.,0.));
#7948=DIRECTION('',(-1.,0.,0.));
#7949=DIRECTION('',(0.,1.,0.));
#7950=DIRECTION('center_axis',(1.,0.,0.));
#7951=DIRECTION('ref_axis',(0.,0.,-1.));
#7952=DIRECTION('',(0.,0.,1.));
#7953=DIRECTION('',(0.,0.,-1.));
#7954=DIRECTION('center_axis',(0.,1.,0.));
#7955=DIRECTION('ref_axis',(1.,0.,0.));
#7956=DIRECTION('center_axis',(0.,1.,0.));
#7957=DIRECTION('ref_axis',(1.,0.,0.));
#7958=DIRECTION('',(0.999999999999995,-3.9334739579279E-17,7.80625564189565E-18));
#7959=DIRECTION('',(1.08652694733121E-17,-9.42411901408215E-35,-1.));
#7960=DIRECTION('',(0.,0.,1.));
#7961=DIRECTION('',(1.,0.,0.));
#7962=DIRECTION('',(-0.999999999999995,-2.53670473300423E-17,-7.80625564189613E-18));
#7963=DIRECTION('',(1.08652694733121E-17,-5.65447140845048E-35,-1.));
#7964=DIRECTION('',(7.70371977754894E-34,0.999999999999997,-2.22838806815636E-16));
#7965=DIRECTION('',(1.08652694733121E-17,-5.65447140845058E-35,-1.));
#7966=DIRECTION('',(-3.93347395792791E-17,-0.999999999999997,2.22838806815636E-16));
#7967=DIRECTION('',(1.08652694733121E-17,-5.65447140845065E-35,-1.));
#7968=DIRECTION('',(5.55111512312578E-17,-0.999999999999998,1.67327655584378E-16));
#7969=DIRECTION('',(-0.999999999999997,-1.3912482277334E-15,-1.53436291450149E-15));
#7970=DIRECTION('',(-6.12323399573668E-17,0.999999999999997,-2.78349958046894E-16));
#7971=DIRECTION('',(0.999999999999996,-1.59476131413673E-15,2.17274115366095E-15));
#7972=DIRECTION('',(-0.999999999999993,-8.08781985613147E-17,-1.21628171157884E-15));
#7973=DIRECTION('',(7.41380729051397E-16,1.,-1.16652837774702E-15));
#7974=DIRECTION('',(-0.999999999999994,1.11022302462516E-16,-9.51495826573274E-16));
#7975=DIRECTION('',(3.11209391590238E-15,1.,-3.4424855782286E-15));
#7976=DIRECTION('',(5.59324803516383E-16,0.999999999999999,-3.33861109278153E-16));
#7977=DIRECTION('',(0.999999999999992,0.,3.68628738645072E-16));
#7978=DIRECTION('',(-1.0865269473312E-17,1.13408179244535E-30,0.999999999999999));
#7979=DIRECTION('',(0.999999999999999,1.22464679914738E-16,7.80625564189604E-18));
#7980=DIRECTION('',(-1.0865269473312E-17,1.18338559902166E-30,0.999999999999998));
#7981=DIRECTION('',(0.999999999999998,2.45748660903812E-30,7.80625564189528E-18));
#7982=DIRECTION('',(-1.83255482931309E-15,1.19918623724863E-30,1.));
#7983=DIRECTION('',(1.,4.26741975090297E-16,6.10622663543838E-16));
#7984=DIRECTION('',(-2.50646436903173E-33,1.1339875512552E-30,0.999999999999995));
#7985=DIRECTION('',(1.,1.51249520247034E-15,1.38777878078145E-15));
#7986=DIRECTION('',(0.497389979786254,-3.53759633203159E-15,0.867527064712227));
#7987=DIRECTION('',(4.33507396646607E-15,-0.999999999999998,-2.66374105720979E-15));
#7988=DIRECTION('',(-0.501303311486044,1.20260892555823E-16,0.865271627810092));
#7989=DIRECTION('',(2.85047592339317E-15,-0.999999999999991,1.68400571570241E-15));
#7990=DIRECTION('',(4.59300678676615E-16,-1.,2.63712045003885E-16));
#7991=DIRECTION('',(1.,5.32549755500773E-16,6.10622663543838E-16));
#7992=DIRECTION('',(6.41664017529981E-16,-1.,-5.34056294012994E-16));
#7993=DIRECTION('',(1.44901112073881E-15,5.34056294012995E-16,-1.));
#7994=DIRECTION('',(2.57871341345627E-16,3.18178697658043E-16,0.999999999999997));
#7995=DIRECTION('',(1.,1.49880108324396E-15,1.38777878078145E-15));
#7996=DIRECTION('',(8.6807128333438E-17,4.91773666988866E-16,-1.00000000000001));
#7997=DIRECTION('',(1.,1.28332803505996E-15,1.38777878078145E-15));
#7998=DIRECTION('',(-5.71424710475988E-16,3.36760233373383E-16,1.));
#7999=DIRECTION('',(-1.,-4.71844785465692E-16,-5.43669134860359E-16));
#8000=DIRECTION('',(-1.66533453693776E-16,5.13512225544543E-16,1.));
#8001=DIRECTION('',(1.,-7.21644966006352E-16,6.10622663543839E-16));
#8002=DIRECTION('',(-1.27171808925102E-17,-9.88344338079628E-17,0.999999999999997));
#8003=DIRECTION('',(4.44089209850063E-16,1.,1.8229475205787E-15));
#8004=DIRECTION('',(-1.8044602052928E-16,3.57563297807269E-15,0.999999999999998));
#8005=DIRECTION('',(8.3266726846887E-17,-1.,2.13888005843327E-16));
#8006=DIRECTION('',(-0.867527064712235,-3.23352455922077E-15,0.497389979786259));
#8007=DIRECTION('',(-0.497389979786257,-7.77156117237609E-16,-0.867527064712235));
#8008=DIRECTION('',(0.865271627810093,3.42781358853017E-15,0.501303311486044));
#8009=DIRECTION('',(0.501303311486044,-1.11022302462516E-16,-0.865271627810093));
#8010=DIRECTION('center_axis',(0.,0.,1.));
#8011=DIRECTION('ref_axis',(1.,0.,0.));
#8012=CARTESIAN_POINT('',(0.,0.,0.));
#8013=CARTESIAN_POINT('',(0.,0.,0.));
#8014=CARTESIAN_POINT('Origin',(-100.,300.,0.));
#8015=CARTESIAN_POINT('',(-100.,300.,0.));
#8016=CARTESIAN_POINT('',(250.,300.,0.));
#8017=CARTESIAN_POINT('',(250.,300.,0.));
#8018=CARTESIAN_POINT('',(250.,300.,40.));
#8019=CARTESIAN_POINT('',(250.,300.,0.));
#8020=CARTESIAN_POINT('',(-100.,300.,40.));
#8021=CARTESIAN_POINT('',(250.,300.,40.));
#8022=CARTESIAN_POINT('',(-100.,300.,0.));
#8023=CARTESIAN_POINT('Origin',(-100.,-50.,0.));
#8024=CARTESIAN_POINT('',(-100.,-50.,0.));
#8025=CARTESIAN_POINT('',(-100.,300.,0.));
#8026=CARTESIAN_POINT('',(-100.,-50.,40.));
#8027=CARTESIAN_POINT('',(-100.,300.,40.));
#8028=CARTESIAN_POINT('',(-100.,-50.,0.));
#8029=CARTESIAN_POINT('Origin',(250.,-50.,0.));
#8030=CARTESIAN_POINT('',(250.,-50.,0.));
#8031=CARTESIAN_POINT('',(-100.,-50.,0.));
#8032=CARTESIAN_POINT('',(250.,-50.,40.));
#8033=CARTESIAN_POINT('',(-100.,-50.,40.));
#8034=CARTESIAN_POINT('',(250.,-50.,0.));
#8035=CARTESIAN_POINT('Origin',(250.,300.,0.));
#8036=CARTESIAN_POINT('',(250.,-50.,0.));
#8037=CARTESIAN_POINT('',(250.,-50.,40.));
#8038=CARTESIAN_POINT('Origin',(300.8,350.8,0.));
#8039=CARTESIAN_POINT('',(300.8,350.8,0.));
#8040=CARTESIAN_POINT('',(-150.8,350.8,0.));
#8041=CARTESIAN_POINT('',(300.8,350.8,0.));
#8042=CARTESIAN_POINT('',(-150.8,350.8,40.));
#8043=CARTESIAN_POINT('',(-150.8,350.8,0.));
#8044=CARTESIAN_POINT('',(300.8,350.8,40.));
#8045=CARTESIAN_POINT('',(300.8,350.8,40.));
#8046=CARTESIAN_POINT('',(300.8,350.8,0.));
#8047=CARTESIAN_POINT('Origin',(300.8,-100.8,0.));
#8048=CARTESIAN_POINT('',(300.8,-100.8,0.));
#8049=CARTESIAN_POINT('',(300.8,-100.8,0.));
#8050=CARTESIAN_POINT('',(300.8,-100.8,40.));
#8051=CARTESIAN_POINT('',(300.8,-100.8,40.));
#8052=CARTESIAN_POINT('',(300.8,-100.8,0.));
#8053=CARTESIAN_POINT('Origin',(-150.8,-100.8,0.));
#8054=CARTESIAN_POINT('',(-150.8,-100.8,0.));
#8055=CARTESIAN_POINT('',(-150.8,-100.8,0.));
#8056=CARTESIAN_POINT('',(-150.8,-100.8,40.));
#8057=CARTESIAN_POINT('',(-150.8,-100.8,40.));
#8058=CARTESIAN_POINT('',(-150.8,-100.8,0.));
#8059=CARTESIAN_POINT('Origin',(-150.8,350.8,0.));
#8060=CARTESIAN_POINT('',(-150.8,350.8,0.));
#8061=CARTESIAN_POINT('',(-150.8,350.8,40.));
#8062=CARTESIAN_POINT('Origin',(75.,125.,40.));
#8063=CARTESIAN_POINT('Origin',(75.,125.,0.));
#8064=CARTESIAN_POINT('',(0.,0.,0.));
#8065=CARTESIAN_POINT('Origin',(325.,2.,0.));
#8066=CARTESIAN_POINT('',(723.,2.,23.));
#8067=CARTESIAN_POINT('',(-75.,2.,23.));
#8068=CARTESIAN_POINT('',(125.,2.,23.));
#8069=CARTESIAN_POINT('',(723.,2.,-23.));
#8070=CARTESIAN_POINT('',(723.,2.,12.5));
#8071=CARTESIAN_POINT('',(-75.,2.,-23.));
#8072=CARTESIAN_POINT('',(525.,2.,-23.));
#8073=CARTESIAN_POINT('',(-75.,2.,-25.));
#8074=CARTESIAN_POINT('Origin',(325.,48.,0.));
#8075=CARTESIAN_POINT('',(-75.,48.,-23.));
#8076=CARTESIAN_POINT('',(-75.,48.,23.));
#8077=CARTESIAN_POINT('',(-75.,48.,-25.));
#8078=CARTESIAN_POINT('',(723.,48.,-23.));
#8079=CARTESIAN_POINT('',(525.,48.,-23.));
#8080=CARTESIAN_POINT('',(723.,48.,23.));
#8081=CARTESIAN_POINT('',(723.,48.,12.5));
#8082=CARTESIAN_POINT('',(125.,48.,23.));
#8083=CARTESIAN_POINT('Origin',(-75.,0.,23.));
#8084=CARTESIAN_POINT('',(723.,0.,23.));
#8085=CARTESIAN_POINT('',(-75.,0.,23.));
#8086=CARTESIAN_POINT('Origin',(723.,0.,25.));
#8087=CARTESIAN_POINT('',(723.,0.,-23.));
#8088=CARTESIAN_POINT('Origin',(725.,0.,-23.));
#8089=CARTESIAN_POINT('',(-75.,0.,-23.));
#8090=CARTESIAN_POINT('Origin',(725.,0.,-25.));
#8091=CARTESIAN_POINT('',(725.,0.,-25.));
#8092=CARTESIAN_POINT('',(-75.,0.,-25.));
#8093=CARTESIAN_POINT('',(725.,0.,-25.));
#8094=CARTESIAN_POINT('',(-75.,50.,-25.));
#8095=CARTESIAN_POINT('',(-75.,0.,-25.));
#8096=CARTESIAN_POINT('',(725.,50.,-25.));
#8097=CARTESIAN_POINT('',(725.,50.,-25.));
#8098=CARTESIAN_POINT('',(725.,0.,-25.));
#8099=CARTESIAN_POINT('Origin',(725.,0.,25.));
#8100=CARTESIAN_POINT('',(725.,0.,25.));
#8101=CARTESIAN_POINT('',(725.,0.,25.));
#8102=CARTESIAN_POINT('',(725.,50.,25.));
#8103=CARTESIAN_POINT('',(725.,50.,25.));
#8104=CARTESIAN_POINT('',(725.,0.,25.));
#8105=CARTESIAN_POINT('Origin',(-75.,0.,25.));
#8106=CARTESIAN_POINT('',(-75.,0.,25.));
#8107=CARTESIAN_POINT('',(-75.,0.,25.));
#8108=CARTESIAN_POINT('',(-75.,50.,25.));
#8109=CARTESIAN_POINT('',(-75.,50.,25.));
#8110=CARTESIAN_POINT('',(-75.,0.,25.));
#8111=CARTESIAN_POINT('Origin',(-75.,0.,-25.));
#8112=CARTESIAN_POINT('',(-75.,0.,-25.));
#8113=CARTESIAN_POINT('',(-75.,50.,-25.));
#8114=CARTESIAN_POINT('Origin',(325.,50.,0.));
#8115=CARTESIAN_POINT('Origin',(325.,0.,0.));
#8116=CARTESIAN_POINT('',(0.,0.,0.));
#8117=CARTESIAN_POINT('Origin',(31.,0.,-31.));
#8118=CARTESIAN_POINT('',(-20.,0.,-31.));
#8119=CARTESIAN_POINT('',(31.,0.,-31.));
#8120=CARTESIAN_POINT('',(18.,0.,-31.));
#8121=CARTESIAN_POINT('',(-20.,-20.,-31.));
#8122=CARTESIAN_POINT('',(-20.,0.,-31.));
#8123=CARTESIAN_POINT('',(31.,-20.,-31.));
#8124=CARTESIAN_POINT('',(31.,-20.,-31.));
#8125=CARTESIAN_POINT('',(31.,0.,-31.));
#8126=CARTESIAN_POINT('Origin',(31.,0.,20.));
#8127=CARTESIAN_POINT('',(31.,0.,20.));
#8128=CARTESIAN_POINT('',(31.,0.,7.5));
#8129=CARTESIAN_POINT('',(31.,-20.,20.));
#8130=CARTESIAN_POINT('',(31.,-20.,20.));
#8131=CARTESIAN_POINT('',(31.,0.,20.));
#8132=CARTESIAN_POINT('Origin',(-20.,0.,20.));
#8133=CARTESIAN_POINT('',(-20.,0.,20.));
#8134=CARTESIAN_POINT('',(-7.5,0.,20.));
#8135=CARTESIAN_POINT('',(-20.,-20.,20.));
#8136=CARTESIAN_POINT('',(-20.,-20.,20.));
#8137=CARTESIAN_POINT('',(-20.,0.,20.));
#8138=CARTESIAN_POINT('Origin',(-20.,0.,-31.));
#8139=CARTESIAN_POINT('',(-20.,0.,-18.));
#8140=CARTESIAN_POINT('',(-20.,-20.,-31.));
#8141=CARTESIAN_POINT('Origin',(-21.5875148875951,0.,-32.5875148875951));
#8142=CARTESIAN_POINT('',(32.5875148875951,0.,-32.5875148875951));
#8143=CARTESIAN_POINT('',(-21.5875148875951,0.,-32.5875148875951));
#8144=CARTESIAN_POINT('',(-8.29375744379753,0.,-32.5875148875951));
#8145=CARTESIAN_POINT('',(32.5875148875951,-20.,-32.5875148875951));
#8146=CARTESIAN_POINT('',(32.5875148875951,0.,-32.5875148875951));
#8147=CARTESIAN_POINT('',(-21.5875148875951,-20.,-32.5875148875951));
#8148=CARTESIAN_POINT('',(32.5875148875951,-20.,-32.5875148875951));
#8149=CARTESIAN_POINT('',(-21.5875148875951,0.,-32.5875148875951));
#8150=CARTESIAN_POINT('Origin',(-21.5875148875951,0.,21.5875148875951));
#8151=CARTESIAN_POINT('',(-21.5875148875951,0.,21.5875148875951));
#8152=CARTESIAN_POINT('',(-21.5875148875951,0.,8.29375744379753));
#8153=CARTESIAN_POINT('',(-21.5875148875951,-20.,21.5875148875951));
#8154=CARTESIAN_POINT('',(-21.5875148875951,-20.,-32.5875148875951));
#8155=CARTESIAN_POINT('',(-21.5875148875951,0.,21.5875148875951));
#8156=CARTESIAN_POINT('Origin',(32.5875148875951,0.,21.5875148875951));
#8157=CARTESIAN_POINT('',(32.5875148875951,0.,21.5875148875951));
#8158=CARTESIAN_POINT('',(18.7937574437975,0.,21.5875148875951));
#8159=CARTESIAN_POINT('',(32.5875148875951,-20.,21.5875148875951));
#8160=CARTESIAN_POINT('',(-21.5875148875951,-20.,21.5875148875951));
#8161=CARTESIAN_POINT('',(32.5875148875951,0.,21.5875148875951));
#8162=CARTESIAN_POINT('Origin',(32.5875148875951,0.,-32.5875148875951));
#8163=CARTESIAN_POINT('',(32.5875148875951,0.,-18.7937574437975));
#8164=CARTESIAN_POINT('',(32.5875148875951,-20.,21.5875148875951));
#8165=CARTESIAN_POINT('Origin',(5.5,-20.,-5.5));
#8166=CARTESIAN_POINT('Origin',(5.,0.,-5.));
#8167=CARTESIAN_POINT('',(-25.,0.,-35.));
#8168=CARTESIAN_POINT('',(-25.,0.,25.));
#8169=CARTESIAN_POINT('',(-25.,0.,-35.));
#8170=CARTESIAN_POINT('',(35.,0.,-35.));
#8171=CARTESIAN_POINT('',(35.,0.,-35.));
#8172=CARTESIAN_POINT('',(35.,0.,25.));
#8173=CARTESIAN_POINT('',(35.,0.,25.));
#8174=CARTESIAN_POINT('',(-25.,0.,25.));
#8175=CARTESIAN_POINT('Origin',(35.,0.,-35.));
#8176=CARTESIAN_POINT('',(-25.,3.,-35.));
#8177=CARTESIAN_POINT('',(-25.,0.,-35.));
#8178=CARTESIAN_POINT('',(35.,3.,-35.));
#8179=CARTESIAN_POINT('',(35.,3.,-35.));
#8180=CARTESIAN_POINT('',(35.,0.,-35.));
#8181=CARTESIAN_POINT('Origin',(35.,0.,25.));
#8182=CARTESIAN_POINT('',(35.,3.,25.));
#8183=CARTESIAN_POINT('',(35.,3.,25.));
#8184=CARTESIAN_POINT('',(35.,0.,25.));
#8185=CARTESIAN_POINT('Origin',(-25.,0.,25.));
#8186=CARTESIAN_POINT('',(-25.,3.,25.));
#8187=CARTESIAN_POINT('',(-25.,3.,25.));
#8188=CARTESIAN_POINT('',(-25.,0.,25.));
#8189=CARTESIAN_POINT('Origin',(-25.,0.,-35.));
#8190=CARTESIAN_POINT('',(-25.,3.,-35.));
#8191=CARTESIAN_POINT('Origin',(5.,3.,-5.));
#8192=CARTESIAN_POINT('Origin',(5.,0.,-5.));
#8193=CARTESIAN_POINT('',(0.,0.,0.));
#8194=CARTESIAN_POINT('Origin',(94.6689319610596,35.5,-24.9596095085144));
#8195=CARTESIAN_POINT('',(94.6689319610596,-2.,-10.4596095085144));
#8196=CARTESIAN_POINT('Origin',(94.6689319610596,-2.,-24.9596095085144));
#8197=CARTESIAN_POINT('',(94.6689319610596,0.,-10.4596095085144));
#8198=CARTESIAN_POINT('',(94.6689319610596,35.5,-10.4596095085144));
#8199=CARTESIAN_POINT('Origin',(94.6689319610596,0.,-24.9596095085144));
#8200=CARTESIAN_POINT('Origin',(100.123659708996,-2.,-24.7392800621341));
#8201=CARTESIAN_POINT('',(26.4578205810287,-2.,-98.4179848857322));
#8202=CARTESIAN_POINT('',(26.4578205810287,-2.,48.9362014570489));
#8203=CARTESIAN_POINT('',(26.4578205810287,-2.,-62.2392800621341));
#8204=CARTESIAN_POINT('',(173.811877982812,-2.,-98.4179848857322));
#8205=CARTESIAN_POINT('',(137.623659708996,-2.,-98.4179848857322));
#8206=CARTESIAN_POINT('',(173.811877982812,-2.,48.9362014570489));
#8207=CARTESIAN_POINT('',(173.811877982812,-2.,12.7607199378659));
#8208=CARTESIAN_POINT('',(62.6236597089957,-2.,48.9362014570489));
#8209=CARTESIAN_POINT('Origin',(26.9702538691877,-0.76817316247365,-99.7392800621341));
#8210=CARTESIAN_POINT('',(-70.5485533348699,-235.191436938081,147.777128007383));
#8211=CARTESIAN_POINT('',(36.5057075331232,22.1538890896149,38.698292172046));
#8212=CARTESIAN_POINT('',(-70.5485533348699,-235.191436938081,-197.876316143388));
#8213=CARTESIAN_POINT('',(-70.5485533348699,-235.191436938081,-62.3949550540998));
#8214=CARTESIAN_POINT('',(36.3072064344882,21.6767167703544,-88.3196434948136));
#8215=CARTESIAN_POINT('Origin',(25.1236597089957,-0.780505566684269,48.419304433322));
#8216=CARTESIAN_POINT('',(275.104761874904,-235.191436938081,147.777128007383));
#8217=CARTESIAN_POINT('',(163.194209005625,22.4434691815163,38.5755502524889));
#8218=CARTESIAN_POINT('',(63.7044781708439,-235.191436938081,147.777128007383));
#8219=CARTESIAN_POINT('Origin',(173.289247308224,-0.796825667191662,50.2607199378659));
#8220=CARTESIAN_POINT('',(275.104761874904,-235.191436938081,-197.876316143388));
#8221=CARTESIAN_POINT('',(163.399324164784,21.97126326868,-88.1940166553983));
#8222=CARTESIAN_POINT('',(275.104761874904,-235.191436938081,12.6050449459002));
#8223=CARTESIAN_POINT('Origin',(175.123659708996,-0.784632545673558,-97.899619286809));
#8224=CARTESIAN_POINT('',(138.704478170844,-235.191436938081,-197.876316143388));
#8225=CARTESIAN_POINT('Origin',(102.285296632692,-235.191436938081,-25.0506300460654));
#8226=CARTESIAN_POINT('',(-72.714703367308,-235.191436938081,-200.050630046065));
#8227=CARTESIAN_POINT('',(-72.714703367308,-235.191436938081,149.949369953935));
#8228=CARTESIAN_POINT('',(-72.714703367308,-235.191436938081,-200.050630046065));
#8229=CARTESIAN_POINT('',(277.285296632692,-235.191436938081,-200.050630046065));
#8230=CARTESIAN_POINT('',(277.285296632692,-235.191436938081,-200.050630046065));
#8231=CARTESIAN_POINT('',(277.285296632692,-235.191436938081,149.949369953935));
#8232=CARTESIAN_POINT('',(277.285296632692,-235.191436938081,149.949369953935));
#8233=CARTESIAN_POINT('',(-72.714703367308,-235.191436938081,149.949369953935));
#8234=CARTESIAN_POINT('Origin',(100.123659708996,0.,-24.7392800621341));
#8235=CARTESIAN_POINT('',(25.1236597089957,0.,-99.7392800621341));
#8236=CARTESIAN_POINT('',(25.1236597089957,0.,50.2607199378659));
#8237=CARTESIAN_POINT('',(25.1236597089957,0.,-99.7392800621341));
#8238=CARTESIAN_POINT('',(175.123659708996,0.,50.2607199378659));
#8239=CARTESIAN_POINT('',(25.1236597089957,0.,50.2607199378659));
#8240=CARTESIAN_POINT('',(175.123659708996,0.,-99.7392800621341));
#8241=CARTESIAN_POINT('',(175.123659708996,0.,50.2607199378659));
#8242=CARTESIAN_POINT('',(175.123659708996,0.,-99.7392800621341));
#8243=CARTESIAN_POINT('Origin',(25.1236597089957,0.,-99.7392800621341));
#8244=CARTESIAN_POINT('',(25.1236597089957,0.,-99.7392800621341));
#8245=CARTESIAN_POINT('',(25.1236597089957,0.,50.2607199378659));
#8246=CARTESIAN_POINT('Origin',(25.1236597089957,0.,50.2607199378659));
#8247=CARTESIAN_POINT('',(175.123659708996,0.,50.2607199378659));
#8248=CARTESIAN_POINT('Origin',(175.123659708996,0.,50.2607199378659));
#8249=CARTESIAN_POINT('',(175.123659708996,0.,-99.7392800621341));
#8250=CARTESIAN_POINT('Origin',(175.123659708996,0.,-99.7392800621341));
#8251=CARTESIAN_POINT('',(0.,0.,0.));
#8252=CARTESIAN_POINT('Origin',(90.,0.,-20.));
#8253=CARTESIAN_POINT('',(90.,0.,-20.));
#8254=CARTESIAN_POINT('',(90.,0.,-10.));
#8255=CARTESIAN_POINT('',(90.,0.,-20.));
#8256=CARTESIAN_POINT('',(90.,5.,-10.));
#8257=CARTESIAN_POINT('',(90.,0.,-10.));
#8258=CARTESIAN_POINT('',(90.,5.,-20.));
#8259=CARTESIAN_POINT('',(90.,5.,-20.));
#8260=CARTESIAN_POINT('',(90.,0.,-20.));
#8261=CARTESIAN_POINT('Origin',(-40.,0.,-20.));
#8262=CARTESIAN_POINT('',(-40.,0.,-20.));
#8263=CARTESIAN_POINT('',(-40.,0.,-20.));
#8264=CARTESIAN_POINT('',(-40.,5.,-20.));
#8265=CARTESIAN_POINT('',(-40.,5.,-20.));
#8266=CARTESIAN_POINT('',(-40.,0.,-20.));
#8267=CARTESIAN_POINT('Origin',(-40.,0.,-10.));
#8268=CARTESIAN_POINT('',(-40.,0.,-10.));
#8269=CARTESIAN_POINT('',(-40.,0.,-10.));
#8270=CARTESIAN_POINT('',(-40.,5.,-10.));
#8271=CARTESIAN_POINT('',(-40.,5.,-10.));
#8272=CARTESIAN_POINT('',(-40.,0.,-10.));
#8273=CARTESIAN_POINT('Origin',(90.,0.,-10.));
#8274=CARTESIAN_POINT('',(90.,0.,-10.));
#8275=CARTESIAN_POINT('',(90.,5.,-10.));
#8276=CARTESIAN_POINT('Origin',(100.,0.,-100.));
#8277=CARTESIAN_POINT('',(100.,0.,-100.));
#8278=CARTESIAN_POINT('',(-50.,0.,-100.));
#8279=CARTESIAN_POINT('',(100.,0.,-100.));
#8280=CARTESIAN_POINT('',(-50.,5.,-100.));
#8281=CARTESIAN_POINT('',(-50.,0.,-100.));
#8282=CARTESIAN_POINT('',(100.,5.,-100.));
#8283=CARTESIAN_POINT('',(100.,5.,-100.));
#8284=CARTESIAN_POINT('',(100.,0.,-100.));
#8285=CARTESIAN_POINT('Origin',(100.,0.,50.));
#8286=CARTESIAN_POINT('',(100.,0.,50.));
#8287=CARTESIAN_POINT('',(100.,0.,50.));
#8288=CARTESIAN_POINT('',(100.,5.,50.));
#8289=CARTESIAN_POINT('',(100.,5.,50.));
#8290=CARTESIAN_POINT('',(100.,0.,50.));
#8291=CARTESIAN_POINT('Origin',(-50.,0.,50.));
#8292=CARTESIAN_POINT('',(-50.,0.,50.));
#8293=CARTESIAN_POINT('',(-50.,0.,50.));
#8294=CARTESIAN_POINT('',(-50.,5.,50.));
#8295=CARTESIAN_POINT('',(-50.,5.,50.));
#8296=CARTESIAN_POINT('',(-50.,0.,50.));
#8297=CARTESIAN_POINT('Origin',(-50.,0.,-100.));
#8298=CARTESIAN_POINT('',(-50.,0.,-100.));
#8299=CARTESIAN_POINT('',(-50.,5.,-100.));
#8300=CARTESIAN_POINT('Origin',(25.,5.,-25.));
#8301=CARTESIAN_POINT('Origin',(25.,0.,-25.));
#8302=CARTESIAN_POINT('',(0.,0.,0.));
#8303=CARTESIAN_POINT('Origin',(79.6861473397156,2.5,-11.4208986681276));
#8304=CARTESIAN_POINT('',(79.6861473397156,0.,-1.4208986681276));
#8305=CARTESIAN_POINT('Origin',(79.6861473397156,0.,-11.4208986681276));
#8306=CARTESIAN_POINT('',(79.6861473397156,5.,-1.4208986681276));
#8307=CARTESIAN_POINT('',(79.6861473397156,2.5,-1.4208986681276));
#8308=CARTESIAN_POINT('Origin',(79.6861473397156,5.,-11.4208986681276));
#8309=CARTESIAN_POINT('Origin',(-29.7994834746416,2.5,-11.7351417134625));
#8310=CARTESIAN_POINT('',(-29.7994834746416,0.,-1.73514171346248));
#8311=CARTESIAN_POINT('Origin',(-29.7994834746416,0.,-11.7351417134625));
#8312=CARTESIAN_POINT('',(-29.7994834746416,5.,-1.73514171346248));
#8313=CARTESIAN_POINT('',(-29.7994834746416,2.5,-1.73514171346248));
#8314=CARTESIAN_POINT('Origin',(-29.7994834746416,5.,-11.7351417134625));
#8315=CARTESIAN_POINT('Origin',(100.,0.,0.));
#8316=CARTESIAN_POINT('',(100.,0.,0.));
#8317=CARTESIAN_POINT('',(25.3915030320612,0.,-130.129059706835));
#8318=CARTESIAN_POINT('',(100.,0.,0.));
#8319=CARTESIAN_POINT('',(25.3915030320612,5.,-130.129059706835));
#8320=CARTESIAN_POINT('',(25.3915030320612,0.,-130.129059706835));
#8321=CARTESIAN_POINT('',(100.,5.,0.));
#8322=CARTESIAN_POINT('',(100.,5.,0.));
#8323=CARTESIAN_POINT('',(100.,0.,0.));
#8324=CARTESIAN_POINT('Origin',(-50.,0.,0.));
#8325=CARTESIAN_POINT('',(-50.,0.,0.));
#8326=CARTESIAN_POINT('',(-50.,0.,0.));
#8327=CARTESIAN_POINT('',(-50.,5.,0.));
#8328=CARTESIAN_POINT('',(-50.,5.,0.));
#8329=CARTESIAN_POINT('',(-50.,0.,0.));
#8330=CARTESIAN_POINT('Origin',(25.3915030320612,0.,-130.129059706835));
#8331=CARTESIAN_POINT('',(25.3915030320612,0.,-130.129059706835));
#8332=CARTESIAN_POINT('',(25.3915030320612,5.,-130.129059706835));
#8333=CARTESIAN_POINT('Origin',(25.,5.,-65.0645298534176));
#8334=CARTESIAN_POINT('Origin',(25.,0.,-65.0645298534176));
#8335=CARTESIAN_POINT('',(0.,0.,0.));
#8336=CARTESIAN_POINT('Origin',(-100.,0.,20.));
#8337=CARTESIAN_POINT('',(-100.,0.,100.));
#8338=CARTESIAN_POINT('',(-100.,0.,20.));
#8339=CARTESIAN_POINT('',(-100.,0.,100.));
#8340=CARTESIAN_POINT('',(-100.,150.,100.));
#8341=CARTESIAN_POINT('',(-100.,0.,100.));
#8342=CARTESIAN_POINT('',(-100.,150.,20.));
#8343=CARTESIAN_POINT('',(-100.,150.,100.));
#8344=CARTESIAN_POINT('',(-100.,0.,20.));
#8345=CARTESIAN_POINT('Origin',(50.,0.,20.));
#8346=CARTESIAN_POINT('',(50.,0.,20.));
#8347=CARTESIAN_POINT('',(-100.,0.,20.));
#8348=CARTESIAN_POINT('',(50.,150.,20.));
#8349=CARTESIAN_POINT('',(-100.,150.,20.));
#8350=CARTESIAN_POINT('',(50.,0.,20.));
#8351=CARTESIAN_POINT('Origin',(50.,0.,100.));
#8352=CARTESIAN_POINT('',(50.,0.,100.));
#8353=CARTESIAN_POINT('',(50.,0.,20.));
#8354=CARTESIAN_POINT('',(50.,150.,100.));
#8355=CARTESIAN_POINT('',(50.,150.,20.));
#8356=CARTESIAN_POINT('',(50.,0.,100.));
#8357=CARTESIAN_POINT('Origin',(45.,0.,100.));
#8358=CARTESIAN_POINT('',(45.,0.,100.));
#8359=CARTESIAN_POINT('',(50.,0.,100.));
#8360=CARTESIAN_POINT('',(45.,150.,100.));
#8361=CARTESIAN_POINT('',(50.,150.,100.));
#8362=CARTESIAN_POINT('',(45.,0.,100.));
#8363=CARTESIAN_POINT('Origin',(45.,0.,25.));
#8364=CARTESIAN_POINT('',(45.,0.,25.));
#8365=CARTESIAN_POINT('',(45.,0.,100.));
#8366=CARTESIAN_POINT('',(45.,150.,25.));
#8367=CARTESIAN_POINT('',(45.,150.,100.));
#8368=CARTESIAN_POINT('',(45.,0.,25.));
#8369=CARTESIAN_POINT('Origin',(-95.,0.,25.));
#8370=CARTESIAN_POINT('',(-95.,0.,25.));
#8371=CARTESIAN_POINT('',(45.,0.,25.));
#8372=CARTESIAN_POINT('',(-95.,150.,25.));
#8373=CARTESIAN_POINT('',(45.,150.,25.));
#8374=CARTESIAN_POINT('',(-95.,0.,25.));
#8375=CARTESIAN_POINT('Origin',(-95.,0.,100.));
#8376=CARTESIAN_POINT('',(-95.,0.,100.));
#8377=CARTESIAN_POINT('',(-95.,0.,25.));
#8378=CARTESIAN_POINT('',(-95.,150.,100.));
#8379=CARTESIAN_POINT('',(-95.,150.,25.));
#8380=CARTESIAN_POINT('',(-95.,0.,100.));
#8381=CARTESIAN_POINT('Origin',(-100.,0.,100.));
#8382=CARTESIAN_POINT('',(-95.,0.,100.));
#8383=CARTESIAN_POINT('',(-95.,150.,100.));
#8384=CARTESIAN_POINT('Origin',(-25.,150.,60.));
#8385=CARTESIAN_POINT('Origin',(-25.,0.,60.));
#8386=CARTESIAN_POINT('',(0.,0.,0.));
#8387=CARTESIAN_POINT('Origin',(1.06051776298072,-8.39486250961913,0.));
#8388=CARTESIAN_POINT('',(1.06051776298072,-8.39486250961913,0.));
#8389=CARTESIAN_POINT('',(1.10035456560517,-8.42847672061517,0.));
#8390=CARTESIAN_POINT('',(1.10035456560517,-8.42847672061517,0.));
#8391=CARTESIAN_POINT('',(1.10035456560517,-8.42847672061517,160.));
#8392=CARTESIAN_POINT('',(1.10035456560517,-8.42847672061517,0.));
#8393=CARTESIAN_POINT('',(1.06051776298072,-8.39486250961913,160.));
#8394=CARTESIAN_POINT('',(1.10035456560517,-8.42847672061517,160.));
#8395=CARTESIAN_POINT('',(1.06051776298072,-8.39486250961913,0.));
#8396=CARTESIAN_POINT('Origin',(1.86517411204652,-7.26437354609333,0.));
#8397=CARTESIAN_POINT('',(1.86517411204652,-7.26437354609333,0.));
#8398=CARTESIAN_POINT('',(1.03029202110522,-8.4373276783142,0.));
#8399=CARTESIAN_POINT('',(1.86517411204652,-7.26437354609333,160.));
#8400=CARTESIAN_POINT('',(1.03029202110522,-8.4373276783142,160.));
#8401=CARTESIAN_POINT('',(1.86517411204652,-7.26437354609333,0.));
#8402=CARTESIAN_POINT('Origin',(3.11491705758258,-7.86738242399513,0.));
#8403=CARTESIAN_POINT('',(3.11491705758258,-7.86738242399513,0.));
#8404=CARTESIAN_POINT('',(3.16186182813757,-7.89003357279084,0.));
#8405=CARTESIAN_POINT('',(3.11491705758258,-7.86738242399513,160.));
#8406=CARTESIAN_POINT('',(3.16186182813757,-7.89003357279084,160.));
#8407=CARTESIAN_POINT('',(3.11491705758258,-7.86738242399513,0.));
#8408=CARTESIAN_POINT('Origin',(3.09620157098056,-7.91603030766416,0.));
#8409=CARTESIAN_POINT('',(3.09620157098056,-7.91603030766416,0.));
#8410=CARTESIAN_POINT('',(3.09620157098056,-7.91603030766416,0.));
#8411=CARTESIAN_POINT('',(3.09620157098056,-7.91603030766416,160.));
#8412=CARTESIAN_POINT('',(3.09620157098056,-7.91603030766416,160.));
#8413=CARTESIAN_POINT('',(3.09620157098056,-7.91603030766416,0.));
#8414=CARTESIAN_POINT('Origin',(0.,0.,0.));
#8415=CARTESIAN_POINT('',(3.16186182813757,-7.89003357279084,0.));
#8416=CARTESIAN_POINT('Origin',(0.,0.,0.));
#8417=CARTESIAN_POINT('',(3.16186182813757,-7.89003357279084,160.));
#8418=CARTESIAN_POINT('Origin',(0.,0.,160.));
#8419=CARTESIAN_POINT('',(3.16186182813757,-7.89003357279084,0.));
#8420=CARTESIAN_POINT('Origin',(3.11491705758258,-7.86738242399513,0.));
#8421=CARTESIAN_POINT('',(3.16186182813757,-7.89003357279084,0.));
#8422=CARTESIAN_POINT('',(3.16186182813757,-7.89003357279084,160.));
#8423=CARTESIAN_POINT('',(3.11491705758258,-7.86738242399513,0.));
#8424=CARTESIAN_POINT('Origin',(3.61315247500261,-6.57229995342662,0.));
#8425=CARTESIAN_POINT('',(3.61315247500261,-6.57229995342662,0.));
#8426=CARTESIAN_POINT('',(3.09620157098056,-7.91603030766416,0.));
#8427=CARTESIAN_POINT('',(3.61315247500261,-6.57229995342662,160.));
#8428=CARTESIAN_POINT('',(3.09620157098056,-7.91603030766416,160.));
#8429=CARTESIAN_POINT('',(3.61315247500261,-6.57229995342662,0.));
#8430=CARTESIAN_POINT('Origin',(4.97359465759294,-6.84556576646295,0.));
#8431=CARTESIAN_POINT('',(4.97359465759294,-6.84556576646295,0.));
#8432=CARTESIAN_POINT('',(5.02469768349371,-6.85583059807438,0.));
#8433=CARTESIAN_POINT('',(4.97359465759294,-6.84556576646295,160.));
#8434=CARTESIAN_POINT('',(5.02469768349371,-6.85583059807438,160.));
#8435=CARTESIAN_POINT('',(4.97359465759294,-6.84556576646295,0.));
#8436=CARTESIAN_POINT('Origin',(4.96756538911836,-6.8973396396606,0.));
#8437=CARTESIAN_POINT('',(4.96756538911836,-6.8973396396606,0.));
#8438=CARTESIAN_POINT('',(4.96756538911836,-6.8973396396606,0.));
#8439=CARTESIAN_POINT('',(4.96756538911836,-6.8973396396606,160.));
#8440=CARTESIAN_POINT('',(4.96756538911836,-6.8973396396606,160.));
#8441=CARTESIAN_POINT('',(4.96756538911836,-6.8973396396606,0.));
#8442=CARTESIAN_POINT('Origin',(0.,0.,0.));
#8443=CARTESIAN_POINT('',(5.02469768349371,-6.85583059807438,0.));
#8444=CARTESIAN_POINT('Origin',(0.,0.,0.));
#8445=CARTESIAN_POINT('',(5.02469768349371,-6.85583059807438,160.));
#8446=CARTESIAN_POINT('Origin',(0.,0.,160.));
#8447=CARTESIAN_POINT('',(5.02469768349371,-6.85583059807438,0.));
#8448=CARTESIAN_POINT('Origin',(4.97359465759294,-6.84556576646295,0.));
#8449=CARTESIAN_POINT('',(5.02469768349371,-6.85583059807438,0.));
#8450=CARTESIAN_POINT('',(5.02469768349371,-6.85583059807438,160.));
#8451=CARTESIAN_POINT('',(4.97359465759294,-6.84556576646295,0.));
#8452=CARTESIAN_POINT('Origin',(5.13410317970901,-5.4672645834577,0.));
#8453=CARTESIAN_POINT('',(5.13410317970901,-5.4672645834577,0.));
#8454=CARTESIAN_POINT('',(4.96756538911836,-6.8973396396606,0.));
#8455=CARTESIAN_POINT('',(5.13410317970901,-5.4672645834577,160.));
#8456=CARTESIAN_POINT('',(4.96756538911836,-6.8973396396606,160.));
#8457=CARTESIAN_POINT('',(5.13410317970901,-5.4672645834577,0.));
#8458=CARTESIAN_POINT('Origin',(6.51976301366511,-5.39361703559411,0.));
#8459=CARTESIAN_POINT('',(6.51976301366511,-5.39361703559411,0.));
#8460=CARTESIAN_POINT('',(6.57181330385053,-5.39085057289972,0.));
#8461=CARTESIAN_POINT('',(6.51976301366511,-5.39361703559411,160.));
#8462=CARTESIAN_POINT('',(6.57181330385053,-5.39085057289972,160.));
#8463=CARTESIAN_POINT('',(6.51976301366511,-5.39361703559411,0.));
#8464=CARTESIAN_POINT('Origin',(6.52679880443031,-5.44526375545639,0.));
#8465=CARTESIAN_POINT('',(6.52679880443031,-5.44526375545639,0.));
#8466=CARTESIAN_POINT('',(6.52679880443031,-5.44526375545639,0.));
#8467=CARTESIAN_POINT('',(6.52679880443031,-5.44526375545639,160.));
#8468=CARTESIAN_POINT('',(6.52679880443031,-5.44526375545639,160.));
#8469=CARTESIAN_POINT('',(6.52679880443031,-5.44526375545639,0.));
#8470=CARTESIAN_POINT('Origin',(0.,0.,0.));
#8471=CARTESIAN_POINT('',(6.57181330385053,-5.39085057289972,0.));
#8472=CARTESIAN_POINT('Origin',(0.,0.,0.));
#8473=CARTESIAN_POINT('',(6.57181330385053,-5.39085057289972,160.));
#8474=CARTESIAN_POINT('Origin',(0.,0.,160.));
#8475=CARTESIAN_POINT('',(6.57181330385053,-5.39085057289972,0.));
#8476=CARTESIAN_POINT('Origin',(6.51976301366511,-5.39361703559411,0.));
#8477=CARTESIAN_POINT('',(6.57181330385053,-5.39085057289972,0.));
#8478=CARTESIAN_POINT('',(6.57181330385053,-5.39085057289972,160.));
#8479=CARTESIAN_POINT('',(6.51976301366511,-5.39361703559411,0.));
#8480=CARTESIAN_POINT('Origin',(6.33245929972361,-4.01870087251751,0.));
#8481=CARTESIAN_POINT('',(6.33245929972361,-4.01870087251751,0.));
#8482=CARTESIAN_POINT('',(6.52679880443031,-5.44526375545639,0.));
#8483=CARTESIAN_POINT('',(6.33245929972361,-4.01870087251751,160.));
#8484=CARTESIAN_POINT('',(6.52679880443031,-5.44526375545639,160.));
#8485=CARTESIAN_POINT('',(6.33245929972361,-4.01870087251751,0.));
#8486=CARTESIAN_POINT('Origin',(7.65627068157762,-3.60276751004301,0.));
#8487=CARTESIAN_POINT('',(7.65627068157762,-3.60276751004301,0.));
#8488=CARTESIAN_POINT('',(7.70599772488776,-3.58714358006823,0.));
#8489=CARTESIAN_POINT('',(7.65627068157762,-3.60276751004301,160.));
#8490=CARTESIAN_POINT('',(7.70599772488776,-3.58714358006823,160.));
#8491=CARTESIAN_POINT('',(7.65627068157762,-3.60276751004301,0.));
#8492=CARTESIAN_POINT('Origin',(7.67592944697301,-3.65104192321763,0.));
#8493=CARTESIAN_POINT('',(7.67592944697301,-3.65104192321763,0.));
#8494=CARTESIAN_POINT('',(7.67592944697301,-3.65104192321763,0.));
#8495=CARTESIAN_POINT('',(7.67592944697301,-3.65104192321763,160.));
#8496=CARTESIAN_POINT('',(7.67592944697301,-3.65104192321763,160.));
#8497=CARTESIAN_POINT('',(7.67592944697301,-3.65104192321763,0.));
#8498=CARTESIAN_POINT('Origin',(0.,0.,0.));
#8499=CARTESIAN_POINT('',(7.70599772488776,-3.58714358006823,0.));
#8500=CARTESIAN_POINT('Origin',(0.,0.,0.));
#8501=CARTESIAN_POINT('',(7.70599772488776,-3.58714358006823,160.));
#8502=CARTESIAN_POINT('Origin',(0.,0.,160.));
#8503=CARTESIAN_POINT('',(7.70599772488776,-3.58714358006823,0.));
#8504=CARTESIAN_POINT('Origin',(7.65627068157762,-3.60276751004301,0.));
#8505=CARTESIAN_POINT('',(7.70599772488776,-3.58714358006823,0.));
#8506=CARTESIAN_POINT('',(7.70599772488776,-3.58714358006823,160.));
#8507=CARTESIAN_POINT('',(7.65627068157762,-3.60276751004301,0.));
#8508=CARTESIAN_POINT('Origin',(7.13292371278038,-2.3176274060091,0.));
#8509=CARTESIAN_POINT('',(7.13292371278038,-2.3176274060091,0.));
#8510=CARTESIAN_POINT('',(7.67592944697301,-3.65104192321763,0.));
#8511=CARTESIAN_POINT('',(7.13292371278038,-2.3176274060091,160.));
#8512=CARTESIAN_POINT('',(7.67592944697301,-3.65104192321763,160.));
#8513=CARTESIAN_POINT('',(7.13292371278038,-2.3176274060091,0.));
#8514=CARTESIAN_POINT('Origin',(8.31170670477271,-1.58554285178386,0.));
#8515=CARTESIAN_POINT('',(8.31170670477271,-1.58554285178386,0.));
#8516=CARTESIAN_POINT('',(8.35598596819313,-1.55804316350979,0.));
#8517=CARTESIAN_POINT('',(8.31170670477271,-1.58554285178386,160.));
#8518=CARTESIAN_POINT('',(8.35598596819313,-1.55804316350979,160.));
#8519=CARTESIAN_POINT('',(8.31170670477271,-1.58554285178386,0.));
#8520=CARTESIAN_POINT('Origin',(8.34275321226861,-1.62741169935019,0.));
#8521=CARTESIAN_POINT('',(8.34275321226861,-1.62741169935019,0.));
#8522=CARTESIAN_POINT('',(8.34275321226861,-1.62741169935019,0.));
#8523=CARTESIAN_POINT('',(8.34275321226861,-1.62741169935019,160.));
#8524=CARTESIAN_POINT('',(8.34275321226861,-1.62741169935019,160.));
#8525=CARTESIAN_POINT('',(8.34275321226861,-1.62741169935019,0.));
#8526=CARTESIAN_POINT('Origin',(0.,0.,0.));
#8527=CARTESIAN_POINT('',(8.35598596819313,-1.55804316350979,0.));
#8528=CARTESIAN_POINT('Origin',(0.,0.,0.));
#8529=CARTESIAN_POINT('',(8.35598596819313,-1.55804316350979,160.));
#8530=CARTESIAN_POINT('Origin',(0.,0.,160.));
#8531=CARTESIAN_POINT('',(8.35598596819313,-1.55804316350979,0.));
#8532=CARTESIAN_POINT('Origin',(8.31170670477271,-1.58554285178386,0.));
#8533=CARTESIAN_POINT('',(8.35598596819313,-1.55804316350979,0.));
#8534=CARTESIAN_POINT('',(8.35598596819313,-1.55804316350979,160.));
#8535=CARTESIAN_POINT('',(8.31170670477271,-1.58554285178386,0.));
#8536=CARTESIAN_POINT('Origin',(7.48520029590477,-0.470928885943768,0.));
#8537=CARTESIAN_POINT('',(7.48520029590477,-0.470928885943768,0.));
#8538=CARTESIAN_POINT('',(8.34275321226861,-1.62741169935019,0.));
#8539=CARTESIAN_POINT('',(7.48520029590477,-0.470928885943768,160.));
#8540=CARTESIAN_POINT('',(8.34275321226861,-1.62741169935019,160.));
#8541=CARTESIAN_POINT('',(7.48520029590477,-0.470928885943768,0.));
#8542=CARTESIAN_POINT('Origin',(8.44488762738796,0.531307295071577,0.));
#8543=CARTESIAN_POINT('',(8.44488762738796,0.531307295071577,0.));
#8544=CARTESIAN_POINT('',(8.48093688195021,0.56895483509389,0.));
#8545=CARTESIAN_POINT('',(8.44488762738796,0.531307295071577,160.));
#8546=CARTESIAN_POINT('',(8.48093688195021,0.56895483509389,160.));
#8547=CARTESIAN_POINT('',(8.44488762738796,0.531307295071577,0.));
#8548=CARTESIAN_POINT('Origin',(8.48537111073733,0.498474786788985,0.));
#8549=CARTESIAN_POINT('',(8.48537111073733,0.498474786788985,0.));
#8550=CARTESIAN_POINT('',(8.48537111073733,0.498474786788985,0.));
#8551=CARTESIAN_POINT('',(8.48537111073733,0.498474786788985,160.));
#8552=CARTESIAN_POINT('',(8.48537111073733,0.498474786788985,160.));
#8553=CARTESIAN_POINT('',(8.48537111073733,0.498474786788985,0.));
#8554=CARTESIAN_POINT('Origin',(0.,0.,0.));
#8555=CARTESIAN_POINT('',(8.48093688195021,0.56895483509389,0.));
#8556=CARTESIAN_POINT('Origin',(0.,0.,0.));
#8557=CARTESIAN_POINT('',(8.48093688195021,0.56895483509389,160.));
#8558=CARTESIAN_POINT('Origin',(0.,0.,160.));
#8559=CARTESIAN_POINT('',(8.48093688195021,0.56895483509389,0.));
#8560=CARTESIAN_POINT('Origin',(8.44488762738796,0.531307295071577,0.));
#8561=CARTESIAN_POINT('',(8.48093688195021,0.56895483509389,0.));
#8562=CARTESIAN_POINT('',(8.48093688195021,0.56895483509389,160.));
#8563=CARTESIAN_POINT('',(8.44488762738796,0.531307295071577,0.));
#8564=CARTESIAN_POINT('Origin',(7.36715421579643,1.40535982798069,0.));
#8565=CARTESIAN_POINT('',(7.36715421579643,1.40535982798069,0.));
#8566=CARTESIAN_POINT('',(8.48537111073733,0.498474786788985,0.));
#8567=CARTESIAN_POINT('',(7.36715421579643,1.40535982798069,160.));
#8568=CARTESIAN_POINT('',(8.48537111073733,0.498474786788985,160.));
#8569=CARTESIAN_POINT('',(7.36715421579643,1.40535982798069,0.));
#8570=CARTESIAN_POINT('Origin',(8.04744520225028,2.61477345056612,0.));
#8571=CARTESIAN_POINT('',(8.04744520225028,2.61477345056612,0.));
#8572=CARTESIAN_POINT('',(8.07299934071033,2.66020330893911,0.));
#8573=CARTESIAN_POINT('',(8.04744520225028,2.61477345056612,160.));
#8574=CARTESIAN_POINT('',(8.07299934071033,2.66020330893911,160.));
#8575=CARTESIAN_POINT('',(8.04744520225028,2.61477345056612,0.));
#8576=CARTESIAN_POINT('Origin',(8.09482193530645,2.59304026881218,0.));
#8577=CARTESIAN_POINT('',(8.09482193530645,2.59304026881218,0.));
#8578=CARTESIAN_POINT('',(8.09482193530645,2.59304026881218,0.));
#8579=CARTESIAN_POINT('',(8.09482193530645,2.59304026881218,160.));
#8580=CARTESIAN_POINT('',(8.09482193530645,2.59304026881218,160.));
#8581=CARTESIAN_POINT('',(8.09482193530645,2.59304026881218,0.));
#8582=CARTESIAN_POINT('Origin',(0.,0.,0.));
#8583=CARTESIAN_POINT('',(8.07299934071033,2.66020330893911,0.));
#8584=CARTESIAN_POINT('Origin',(0.,0.,0.));
#8585=CARTESIAN_POINT('',(8.07299934071033,2.66020330893911,160.));
#8586=CARTESIAN_POINT('Origin',(0.,0.,160.));
#8587=CARTESIAN_POINT('',(8.07299934071033,2.66020330893911,0.));
#8588=CARTESIAN_POINT('Origin',(8.04744520225028,2.61477345056612,0.));
#8589=CARTESIAN_POINT('',(8.07299934071033,2.66020330893911,0.));
#8590=CARTESIAN_POINT('',(8.07299934071033,2.66020330893911,160.));
#8591=CARTESIAN_POINT('',(8.04744520225028,2.61477345056612,0.));
#8592=CARTESIAN_POINT('Origin',(6.78620274181169,3.19334461536123,0.));
#8593=CARTESIAN_POINT('',(6.78620274181169,3.19334461536123,0.));
#8594=CARTESIAN_POINT('',(8.09482193530645,2.59304026881218,0.));
#8595=CARTESIAN_POINT('',(6.78620274181169,3.19334461536123,160.));
#8596=CARTESIAN_POINT('',(8.09482193530645,2.59304026881218,160.));
#8597=CARTESIAN_POINT('',(6.78620274181169,3.19334461536123,0.));
#8598=CARTESIAN_POINT('Origin',(7.14435219862207,4.53394377369753,0.));
#8599=CARTESIAN_POINT('',(7.14435219862207,4.53394377369753,0.));
#8600=CARTESIAN_POINT('',(7.15780556047893,4.58430142534029,0.));
#8601=CARTESIAN_POINT('',(7.14435219862207,4.53394377369753,160.));
#8602=CARTESIAN_POINT('',(7.15780556047893,4.58430142534029,160.));
#8603=CARTESIAN_POINT('',(7.14435219862207,4.53394377369753,0.));
#8604=CARTESIAN_POINT('Origin',(7.19564532700768,4.52467549421089,0.));
#8605=CARTESIAN_POINT('',(7.19564532700768,4.52467549421089,0.));
#8606=CARTESIAN_POINT('',(7.19564532700768,4.52467549421089,0.));
#8607=CARTESIAN_POINT('',(7.19564532700768,4.52467549421089,160.));
#8608=CARTESIAN_POINT('',(7.19564532700768,4.52467549421089,160.));
#8609=CARTESIAN_POINT('',(7.19564532700768,4.52467549421089,0.));
#8610=CARTESIAN_POINT('Origin',(0.,0.,0.));
#8611=CARTESIAN_POINT('',(7.15780556047893,4.58430142534029,0.));
#8612=CARTESIAN_POINT('Origin',(0.,0.,0.));
#8613=CARTESIAN_POINT('',(7.15780556047893,4.58430142534029,160.));
#8614=CARTESIAN_POINT('Origin',(0.,0.,160.));
#8615=CARTESIAN_POINT('',(7.15780556047893,4.58430142534029,0.));
#8616=CARTESIAN_POINT('Origin',(7.14435219862207,4.53394377369753,0.));
#8617=CARTESIAN_POINT('',(7.15780556047893,4.58430142534029,0.));
#8618=CARTESIAN_POINT('',(7.15780556047893,4.58430142534029,160.));
#8619=CARTESIAN_POINT('',(7.14435219862207,4.53394377369753,0.));
#8620=CARTESIAN_POINT('Origin',(5.77884919165107,4.78067981625865,0.));
#8621=CARTESIAN_POINT('',(5.77884919165107,4.78067981625865,0.));
#8622=CARTESIAN_POINT('',(7.19564532700768,4.52467549421089,0.));
#8623=CARTESIAN_POINT('',(5.77884919165107,4.78067981625865,160.));
#8624=CARTESIAN_POINT('',(7.19564532700768,4.52467549421089,160.));
#8625=CARTESIAN_POINT('',(5.77884919165107,4.78067981625865,0.));
#8626=CARTESIAN_POINT('Origin',(5.79235327126501,6.16822973484873,0.));
#8627=CARTESIAN_POINT('',(5.79235327126501,6.16822973484873,0.));
#8628=CARTESIAN_POINT('',(5.79286053231521,6.22035102330606,0.));
#8629=CARTESIAN_POINT('',(5.79235327126501,6.16822973484872,160.));
#8630=CARTESIAN_POINT('',(5.79286053231521,6.22035102330606,160.));
#8631=CARTESIAN_POINT('',(5.79235327126501,6.16822973484873,0.));
#8632=CARTESIAN_POINT('Origin',(5.84433985908067,6.17200871771589,0.));
#8633=CARTESIAN_POINT('',(5.84433985908067,6.17200871771589,0.));
#8634=CARTESIAN_POINT('',(5.84433985908067,6.17200871771589,0.));
#8635=CARTESIAN_POINT('',(5.84433985908067,6.17200871771589,160.));
#8636=CARTESIAN_POINT('',(5.84433985908067,6.17200871771589,160.));
#8637=CARTESIAN_POINT('',(5.84433985908067,6.17200871771589,0.));
#8638=CARTESIAN_POINT('Origin',(0.,0.,0.));
#8639=CARTESIAN_POINT('',(5.79286053231521,6.22035102330606,0.));
#8640=CARTESIAN_POINT('Origin',(0.,0.,0.));
#8641=CARTESIAN_POINT('',(5.79286053231521,6.22035102330606,160.));
#8642=CARTESIAN_POINT('Origin',(0.,0.,160.));
#8643=CARTESIAN_POINT('',(5.79286053231521,6.22035102330606,0.));
#8644=CARTESIAN_POINT('Origin',(5.79235327126501,6.16822973484873,0.));
#8645=CARTESIAN_POINT('',(5.79286053231521,6.22035102330606,0.));
#8646=CARTESIAN_POINT('',(5.79286053231521,6.22035102330606,160.));
#8647=CARTESIAN_POINT('',(5.79235327126501,6.16822973484873,0.));
#8648=CARTESIAN_POINT('Origin',(4.40838929365837,6.06762732219006,0.));
#8649=CARTESIAN_POINT('',(4.40838929365837,6.06762732219006,0.));
#8650=CARTESIAN_POINT('',(5.84433985908067,6.17200871771589,0.));
#8651=CARTESIAN_POINT('',(4.40838929365837,6.06762732219006,160.));
#8652=CARTESIAN_POINT('',(5.84433985908067,6.17200871771589,160.));
#8653=CARTESIAN_POINT('',(4.40838929365837,6.06762732219006,0.));
#8654=CARTESIAN_POINT('Origin',(4.0763994850892,7.41494313659727,0.));
#8655=CARTESIAN_POINT('',(4.0763994850892,7.41494313659727,0.));
#8656=CARTESIAN_POINT('',(4.06392877225538,7.46555308962671,0.));
#8657=CARTESIAN_POINT('',(4.0763994850892,7.41494313659727,160.));
#8658=CARTESIAN_POINT('',(4.06392877225538,7.46555308962671,160.));
#8659=CARTESIAN_POINT('',(4.0763994850892,7.41494313659727,0.));
#8660=CARTESIAN_POINT('Origin',(4.12581302382915,7.43153193442656,0.));
#8661=CARTESIAN_POINT('',(4.12581302382915,7.43153193442656,0.));
#8662=CARTESIAN_POINT('',(4.12581302382915,7.43153193442656,0.));
#8663=CARTESIAN_POINT('',(4.12581302382915,7.43153193442656,160.));
#8664=CARTESIAN_POINT('',(4.12581302382915,7.43153193442656,160.));
#8665=CARTESIAN_POINT('',(4.12581302382915,7.43153193442656,0.));
#8666=CARTESIAN_POINT('Origin',(0.,0.,0.));
#8667=CARTESIAN_POINT('',(4.06392877225538,7.46555308962671,0.));
#8668=CARTESIAN_POINT('Origin',(0.,0.,0.));
#8669=CARTESIAN_POINT('',(4.06392877225538,7.46555308962671,160.));
#8670=CARTESIAN_POINT('Origin',(0.,0.,160.));
#8671=CARTESIAN_POINT('',(4.06392877225538,7.46555308962671,0.));
#8672=CARTESIAN_POINT('Origin',(4.0763994850892,7.41494313659727,0.));
#8673=CARTESIAN_POINT('',(4.06392877225538,7.46555308962671,0.));
#8674=CARTESIAN_POINT('',(4.06392877225538,7.46555308962671,160.));
#8675=CARTESIAN_POINT('',(4.0763994850892,7.41494313659727,0.));
#8676=CARTESIAN_POINT('Origin',(2.7609340834234,6.97332348829596,0.));
#8677=CARTESIAN_POINT('',(2.7609340834234,6.97332348829596,0.));
#8678=CARTESIAN_POINT('',(4.12581302382915,7.43153193442656,0.));
#8679=CARTESIAN_POINT('',(2.7609340834234,6.97332348829596,160.));
#8680=CARTESIAN_POINT('',(4.12581302382915,7.43153193442656,160.));
#8681=CARTESIAN_POINT('',(2.7609340834234,6.97332348829596,0.));
#8682=CARTESIAN_POINT('Origin',(2.10431052731663,8.19574839082014,0.));
#8683=CARTESIAN_POINT('',(2.10431052731663,8.19574839082014,0.));
#8684=CARTESIAN_POINT('',(2.07964542135021,8.24166699894245,0.));
#8685=CARTESIAN_POINT('',(2.10431052731663,8.19574839082014,160.));
#8686=CARTESIAN_POINT('',(2.07964542135021,8.24166699894245,160.));
#8687=CARTESIAN_POINT('',(2.10431052731663,8.19574839082014,0.));
#8688=CARTESIAN_POINT('Origin',(2.14804618261156,8.22410466843461,0.));
#8689=CARTESIAN_POINT('',(2.14804618261156,8.22410466843461,0.));
#8690=CARTESIAN_POINT('',(2.14804618261156,8.22410466843461,0.));
#8691=CARTESIAN_POINT('',(2.14804618261156,8.22410466843461,160.));
#8692=CARTESIAN_POINT('',(2.14804618261156,8.22410466843461,160.));
#8693=CARTESIAN_POINT('',(2.14804618261156,8.22410466843461,0.));
#8694=CARTESIAN_POINT('Origin',(0.,0.,0.));
#8695=CARTESIAN_POINT('',(2.07964542135021,8.24166699894245,0.));
#8696=CARTESIAN_POINT('Origin',(0.,0.,0.));
#8697=CARTESIAN_POINT('',(2.07964542135021,8.24166699894245,160.));
#8698=CARTESIAN_POINT('Origin',(0.,0.,160.));
#8699=CARTESIAN_POINT('',(2.07964542135021,8.24166699894245,0.));
#8700=CARTESIAN_POINT('Origin',(2.10431052731663,8.19574839082014,0.));
#8701=CARTESIAN_POINT('',(2.07964542135021,8.24166699894245,0.));
#8702=CARTESIAN_POINT('',(2.07964542135021,8.24166699894245,160.));
#8703=CARTESIAN_POINT('',(2.10431052731663,8.19574839082014,0.));
#8704=CARTESIAN_POINT('Origin',(0.93999923072166,7.4408600935424,0.));
#8705=CARTESIAN_POINT('',(0.93999923072166,7.4408600935424,0.));
#8706=CARTESIAN_POINT('',(2.14804618261156,8.22410466843461,0.));
#8707=CARTESIAN_POINT('',(0.93999923072166,7.4408600935424,160.));
#8708=CARTESIAN_POINT('',(2.14804618261156,8.22410466843461,160.));
#8709=CARTESIAN_POINT('',(0.93999923072166,7.4408600935424,0.));
#8710=CARTESIAN_POINT('Origin',(-1.11889664200504E-15,8.46158463179365,
0.));
#8711=CARTESIAN_POINT('',(-1.09287578986539E-15,8.46158463179365,0.));
#8712=CARTESIAN_POINT('',(-0.0353096997792335,8.49992665998369,0.));
#8713=CARTESIAN_POINT('',(-1.11022302462516E-15,8.46158463179365,160.));
#8714=CARTESIAN_POINT('',(-0.0353096997792335,8.49992665998369,160.));
#8715=CARTESIAN_POINT('',(-1.09287578986539E-15,8.46158463179365,0.));
#8716=CARTESIAN_POINT('Origin',(0.0353096997792322,8.49992665998369,0.));
#8717=CARTESIAN_POINT('',(0.0353096997792322,8.49992665998369,0.));
#8718=CARTESIAN_POINT('',(0.0353096997792322,8.49992665998369,0.));
#8719=CARTESIAN_POINT('',(0.0353096997792322,8.49992665998369,160.));
#8720=CARTESIAN_POINT('',(0.0353096997792322,8.49992665998369,160.));
#8721=CARTESIAN_POINT('',(0.0353096997792322,8.49992665998369,0.));
#8722=CARTESIAN_POINT('Origin',(0.,0.,0.));
#8723=CARTESIAN_POINT('',(-0.0353096997792335,8.49992665998369,0.));
#8724=CARTESIAN_POINT('Origin',(0.,0.,0.));
#8725=CARTESIAN_POINT('',(-0.0353096997792335,8.49992665998369,160.));
#8726=CARTESIAN_POINT('Origin',(0.,0.,160.));
#8727=CARTESIAN_POINT('',(-0.0353096997792335,8.49992665998369,0.));
#8728=CARTESIAN_POINT('Origin',(-1.14058068545475E-15,8.46158463179365,
0.));
#8729=CARTESIAN_POINT('',(-0.0353096997792335,8.49992665998369,0.));
#8730=CARTESIAN_POINT('',(-0.0353096997792335,8.49992665998369,160.));
#8731=CARTESIAN_POINT('',(-1.09287578986539E-15,8.46158463179365,0.));
#8732=CARTESIAN_POINT('Origin',(-0.939999230721661,7.4408600935424,0.));
#8733=CARTESIAN_POINT('',(-0.939999230721662,7.4408600935424,0.));
#8734=CARTESIAN_POINT('',(0.0353096997792322,8.49992665998369,0.));
#8735=CARTESIAN_POINT('',(-0.939999230721662,7.4408600935424,160.));
#8736=CARTESIAN_POINT('',(0.0353096997792322,8.49992665998369,160.));
#8737=CARTESIAN_POINT('',(-0.939999230721662,7.4408600935424,0.));
#8738=CARTESIAN_POINT('Origin',(-2.10431052731663,8.19574839082014,0.));
#8739=CARTESIAN_POINT('',(-2.10431052731663,8.19574839082014,0.));
#8740=CARTESIAN_POINT('',(-2.14804618261156,8.22410466843461,0.));
#8741=CARTESIAN_POINT('',(-2.10431052731663,8.19574839082014,160.));
#8742=CARTESIAN_POINT('',(-2.14804618261156,8.22410466843461,160.));
#8743=CARTESIAN_POINT('',(-2.10431052731663,8.19574839082014,0.));
#8744=CARTESIAN_POINT('Origin',(-2.07964542135022,8.24166699894245,0.));
#8745=CARTESIAN_POINT('',(-2.07964542135022,8.24166699894245,0.));
#8746=CARTESIAN_POINT('',(-2.07964542135022,8.24166699894245,0.));
#8747=CARTESIAN_POINT('',(-2.07964542135022,8.24166699894245,160.));
#8748=CARTESIAN_POINT('',(-2.07964542135022,8.24166699894245,160.));
#8749=CARTESIAN_POINT('',(-2.07964542135022,8.24166699894245,0.));
#8750=CARTESIAN_POINT('Origin',(0.,0.,0.));
#8751=CARTESIAN_POINT('',(-2.14804618261156,8.22410466843461,0.));
#8752=CARTESIAN_POINT('Origin',(0.,0.,0.));
#8753=CARTESIAN_POINT('',(-2.14804618261156,8.22410466843461,160.));
#8754=CARTESIAN_POINT('Origin',(0.,0.,160.));
#8755=CARTESIAN_POINT('',(-2.14804618261156,8.22410466843461,0.));
#8756=CARTESIAN_POINT('Origin',(-2.10431052731663,8.19574839082014,0.));
#8757=CARTESIAN_POINT('',(-2.14804618261156,8.22410466843461,0.));
#8758=CARTESIAN_POINT('',(-2.14804618261156,8.22410466843461,160.));
#8759=CARTESIAN_POINT('',(-2.10431052731663,8.19574839082014,0.));
#8760=CARTESIAN_POINT('Origin',(-2.7609340834234,6.97332348829595,0.));
#8761=CARTESIAN_POINT('',(-2.7609340834234,6.97332348829595,0.));
#8762=CARTESIAN_POINT('',(-2.07964542135022,8.24166699894245,0.));
#8763=CARTESIAN_POINT('',(-2.7609340834234,6.97332348829596,160.));
#8764=CARTESIAN_POINT('',(-2.07964542135022,8.24166699894245,160.));
#8765=CARTESIAN_POINT('',(-2.7609340834234,6.97332348829595,0.));
#8766=CARTESIAN_POINT('Origin',(-4.0763994850892,7.41494313659727,0.));
#8767=CARTESIAN_POINT('',(-4.0763994850892,7.41494313659727,0.));
#8768=CARTESIAN_POINT('',(-4.12581302382915,7.43153193442656,0.));
#8769=CARTESIAN_POINT('',(-4.0763994850892,7.41494313659727,160.));
#8770=CARTESIAN_POINT('',(-4.12581302382915,7.43153193442656,160.));
#8771=CARTESIAN_POINT('',(-4.0763994850892,7.41494313659727,0.));
#8772=CARTESIAN_POINT('Origin',(-4.06392877225538,7.46555308962671,0.));
#8773=CARTESIAN_POINT('',(-4.06392877225538,7.46555308962671,0.));
#8774=CARTESIAN_POINT('',(-4.06392877225538,7.46555308962671,0.));
#8775=CARTESIAN_POINT('',(-4.06392877225538,7.46555308962671,160.));
#8776=CARTESIAN_POINT('',(-4.06392877225538,7.46555308962671,160.));
#8777=CARTESIAN_POINT('',(-4.06392877225538,7.46555308962671,0.));
#8778=CARTESIAN_POINT('Origin',(0.,0.,0.));
#8779=CARTESIAN_POINT('',(-4.12581302382915,7.43153193442656,0.));
#8780=CARTESIAN_POINT('Origin',(0.,0.,0.));
#8781=CARTESIAN_POINT('',(-4.12581302382915,7.43153193442656,160.));
#8782=CARTESIAN_POINT('Origin',(0.,0.,160.));
#8783=CARTESIAN_POINT('',(-4.12581302382915,7.43153193442656,0.));
#8784=CARTESIAN_POINT('Origin',(-4.0763994850892,7.41494313659727,0.));
#8785=CARTESIAN_POINT('',(-4.12581302382915,7.43153193442656,0.));
#8786=CARTESIAN_POINT('',(-4.12581302382915,7.43153193442656,160.));
#8787=CARTESIAN_POINT('',(-4.0763994850892,7.41494313659727,0.));
#8788=CARTESIAN_POINT('Origin',(-4.40838929365837,6.06762732219006,0.));
#8789=CARTESIAN_POINT('',(-4.40838929365837,6.06762732219006,0.));
#8790=CARTESIAN_POINT('',(-4.06392877225538,7.46555308962671,0.));
#8791=CARTESIAN_POINT('',(-4.40838929365837,6.06762732219006,160.));
#8792=CARTESIAN_POINT('',(-4.06392877225538,7.46555308962671,160.));
#8793=CARTESIAN_POINT('',(-4.40838929365837,6.06762732219006,0.));
#8794=CARTESIAN_POINT('Origin',(-5.79235327126501,6.16822973484873,0.));
#8795=CARTESIAN_POINT('',(-5.79235327126501,6.16822973484873,0.));
#8796=CARTESIAN_POINT('',(-5.84433985908067,6.17200871771589,0.));
#8797=CARTESIAN_POINT('',(-5.79235327126501,6.16822973484872,160.));
#8798=CARTESIAN_POINT('',(-5.84433985908067,6.17200871771589,160.));
#8799=CARTESIAN_POINT('',(-5.79235327126501,6.16822973484873,0.));
#8800=CARTESIAN_POINT('Origin',(-5.79286053231521,6.22035102330606,0.));
#8801=CARTESIAN_POINT('',(-5.79286053231521,6.22035102330606,0.));
#8802=CARTESIAN_POINT('',(-5.79286053231521,6.22035102330606,0.));
#8803=CARTESIAN_POINT('',(-5.79286053231521,6.22035102330606,160.));
#8804=CARTESIAN_POINT('',(-5.79286053231521,6.22035102330606,160.));
#8805=CARTESIAN_POINT('',(-5.79286053231521,6.22035102330606,0.));
#8806=CARTESIAN_POINT('Origin',(0.,0.,0.));
#8807=CARTESIAN_POINT('',(-5.84433985908067,6.17200871771589,0.));
#8808=CARTESIAN_POINT('Origin',(0.,0.,0.));
#8809=CARTESIAN_POINT('',(-5.84433985908067,6.17200871771589,160.));
#8810=CARTESIAN_POINT('Origin',(0.,0.,160.));
#8811=CARTESIAN_POINT('',(-5.84433985908067,6.17200871771589,0.));
#8812=CARTESIAN_POINT('Origin',(-5.79235327126501,6.16822973484873,0.));
#8813=CARTESIAN_POINT('',(-5.84433985908067,6.17200871771589,0.));
#8814=CARTESIAN_POINT('',(-5.84433985908067,6.17200871771589,160.));
#8815=CARTESIAN_POINT('',(-5.79235327126501,6.16822973484873,0.));
#8816=CARTESIAN_POINT('Origin',(-5.77884919165107,4.78067981625865,0.));
#8817=CARTESIAN_POINT('',(-5.77884919165107,4.78067981625865,0.));
#8818=CARTESIAN_POINT('',(-5.79286053231521,6.22035102330606,0.));
#8819=CARTESIAN_POINT('',(-5.77884919165107,4.78067981625865,160.));
#8820=CARTESIAN_POINT('',(-5.79286053231521,6.22035102330606,160.));
#8821=CARTESIAN_POINT('',(-5.77884919165107,4.78067981625865,0.));
#8822=CARTESIAN_POINT('Origin',(-7.14435219862207,4.53394377369752,0.));
#8823=CARTESIAN_POINT('',(-7.14435219862207,4.53394377369752,0.));
#8824=CARTESIAN_POINT('',(-7.19564532700768,4.52467549421089,0.));
#8825=CARTESIAN_POINT('',(-7.14435219862207,4.53394377369752,160.));
#8826=CARTESIAN_POINT('',(-7.19564532700768,4.52467549421089,160.));
#8827=CARTESIAN_POINT('',(-7.14435219862207,4.53394377369752,0.));
#8828=CARTESIAN_POINT('Origin',(-7.15780556047893,4.58430142534028,0.));
#8829=CARTESIAN_POINT('',(-7.15780556047893,4.58430142534028,0.));
#8830=CARTESIAN_POINT('',(-7.15780556047893,4.58430142534028,0.));
#8831=CARTESIAN_POINT('',(-7.15780556047893,4.58430142534028,160.));
#8832=CARTESIAN_POINT('',(-7.15780556047893,4.58430142534028,160.));
#8833=CARTESIAN_POINT('',(-7.15780556047893,4.58430142534028,0.));
#8834=CARTESIAN_POINT('Origin',(0.,0.,0.));
#8835=CARTESIAN_POINT('',(-7.19564532700768,4.52467549421089,0.));
#8836=CARTESIAN_POINT('Origin',(0.,0.,0.));
#8837=CARTESIAN_POINT('',(-7.19564532700768,4.52467549421089,160.));
#8838=CARTESIAN_POINT('Origin',(0.,0.,160.));
#8839=CARTESIAN_POINT('',(-7.19564532700768,4.52467549421089,0.));
#8840=CARTESIAN_POINT('Origin',(-7.14435219862207,4.53394377369752,0.));
#8841=CARTESIAN_POINT('',(-7.19564532700768,4.52467549421089,0.));
#8842=CARTESIAN_POINT('',(-7.19564532700768,4.52467549421089,160.));
#8843=CARTESIAN_POINT('',(-7.14435219862207,4.53394377369752,0.));
#8844=CARTESIAN_POINT('Origin',(-6.78620274181169,3.19334461536123,0.));
#8845=CARTESIAN_POINT('',(-6.78620274181169,3.19334461536123,0.));
#8846=CARTESIAN_POINT('',(-7.15780556047893,4.58430142534028,0.));
#8847=CARTESIAN_POINT('',(-6.78620274181169,3.19334461536122,160.));
#8848=CARTESIAN_POINT('',(-7.15780556047893,4.58430142534028,160.));
#8849=CARTESIAN_POINT('',(-6.78620274181169,3.19334461536123,0.));
#8850=CARTESIAN_POINT('Origin',(-8.04744520225028,2.61477345056612,0.));
#8851=CARTESIAN_POINT('',(-8.04744520225028,2.61477345056612,0.));
#8852=CARTESIAN_POINT('',(-8.09482193530645,2.59304026881218,0.));
#8853=CARTESIAN_POINT('',(-8.04744520225028,2.61477345056612,160.));
#8854=CARTESIAN_POINT('',(-8.09482193530645,2.59304026881218,160.));
#8855=CARTESIAN_POINT('',(-8.04744520225028,2.61477345056612,0.));
#8856=CARTESIAN_POINT('Origin',(-8.07299934071033,2.66020330893911,0.));
#8857=CARTESIAN_POINT('',(-8.07299934071033,2.66020330893911,0.));
#8858=CARTESIAN_POINT('',(-8.07299934071033,2.66020330893911,0.));
#8859=CARTESIAN_POINT('',(-8.07299934071033,2.66020330893911,160.));
#8860=CARTESIAN_POINT('',(-8.07299934071033,2.66020330893911,160.));
#8861=CARTESIAN_POINT('',(-8.07299934071033,2.66020330893911,0.));
#8862=CARTESIAN_POINT('Origin',(0.,0.,0.));
#8863=CARTESIAN_POINT('',(-8.09482193530645,2.59304026881218,0.));
#8864=CARTESIAN_POINT('Origin',(0.,0.,0.));
#8865=CARTESIAN_POINT('',(-8.09482193530645,2.59304026881218,160.));
#8866=CARTESIAN_POINT('Origin',(0.,0.,160.));
#8867=CARTESIAN_POINT('',(-8.09482193530645,2.59304026881218,0.));
#8868=CARTESIAN_POINT('Origin',(-8.04744520225028,2.61477345056612,0.));
#8869=CARTESIAN_POINT('',(-8.09482193530645,2.59304026881218,0.));
#8870=CARTESIAN_POINT('',(-8.09482193530645,2.59304026881218,160.));
#8871=CARTESIAN_POINT('',(-8.04744520225028,2.61477345056612,0.));
#8872=CARTESIAN_POINT('Origin',(-7.36715421579643,1.40535982798069,0.));
#8873=CARTESIAN_POINT('',(-7.36715421579643,1.40535982798069,0.));
#8874=CARTESIAN_POINT('',(-8.07299934071033,2.66020330893911,0.));
#8875=CARTESIAN_POINT('',(-7.36715421579643,1.40535982798069,160.));
#8876=CARTESIAN_POINT('',(-8.07299934071033,2.66020330893911,160.));
#8877=CARTESIAN_POINT('',(-7.36715421579643,1.40535982798069,0.));
#8878=CARTESIAN_POINT('Origin',(-8.44488762738796,0.531307295071575,0.));
#8879=CARTESIAN_POINT('',(-8.44488762738796,0.531307295071575,0.));
#8880=CARTESIAN_POINT('',(-8.48537111073733,0.498474786788986,0.));
#8881=CARTESIAN_POINT('',(-8.44488762738796,0.531307295071576,160.));
#8882=CARTESIAN_POINT('',(-8.48537111073733,0.498474786788986,160.));
#8883=CARTESIAN_POINT('',(-8.44488762738796,0.531307295071575,0.));
#8884=CARTESIAN_POINT('Origin',(-8.48093688195021,0.568954835093886,0.));
#8885=CARTESIAN_POINT('',(-8.48093688195021,0.568954835093886,0.));
#8886=CARTESIAN_POINT('',(-8.48093688195021,0.568954835093886,0.));
#8887=CARTESIAN_POINT('',(-8.48093688195021,0.568954835093886,160.));
#8888=CARTESIAN_POINT('',(-8.48093688195021,0.568954835093886,160.));
#8889=CARTESIAN_POINT('',(-8.48093688195021,0.568954835093886,0.));
#8890=CARTESIAN_POINT('Origin',(0.,0.,0.));
#8891=CARTESIAN_POINT('',(-8.48537111073733,0.498474786788986,0.));
#8892=CARTESIAN_POINT('Origin',(0.,0.,0.));
#8893=CARTESIAN_POINT('',(-8.48537111073733,0.498474786788986,160.));
#8894=CARTESIAN_POINT('Origin',(0.,0.,160.));
#8895=CARTESIAN_POINT('',(-8.48537111073733,0.498474786788986,0.));
#8896=CARTESIAN_POINT('Origin',(-8.44488762738796,0.531307295071575,0.));
#8897=CARTESIAN_POINT('',(-8.48537111073733,0.498474786788986,0.));
#8898=CARTESIAN_POINT('',(-8.48537111073733,0.498474786788986,160.));
#8899=CARTESIAN_POINT('',(-8.44488762738796,0.531307295071575,0.));
#8900=CARTESIAN_POINT('Origin',(-7.48520029590477,-0.470928885943772,0.));
#8901=CARTESIAN_POINT('',(-7.48520029590477,-0.470928885943772,0.));
#8902=CARTESIAN_POINT('',(-8.48093688195021,0.568954835093886,0.));
#8903=CARTESIAN_POINT('',(-7.48520029590477,-0.470928885943772,160.));
#8904=CARTESIAN_POINT('',(-8.48093688195021,0.568954835093886,160.));
#8905=CARTESIAN_POINT('',(-7.48520029590477,-0.470928885943772,0.));
#8906=CARTESIAN_POINT('Origin',(-8.31170670477271,-1.58554285178386,0.));
#8907=CARTESIAN_POINT('',(-8.31170670477271,-1.58554285178386,0.));
#8908=CARTESIAN_POINT('',(-8.34275321226861,-1.62741169935019,0.));
#8909=CARTESIAN_POINT('',(-8.31170670477271,-1.58554285178386,160.));
#8910=CARTESIAN_POINT('',(-8.34275321226861,-1.62741169935019,160.));
#8911=CARTESIAN_POINT('',(-8.31170670477271,-1.58554285178386,0.));
#8912=CARTESIAN_POINT('Origin',(-8.35598596819313,-1.55804316350979,0.));
#8913=CARTESIAN_POINT('',(-8.35598596819313,-1.55804316350979,0.));
#8914=CARTESIAN_POINT('',(-8.35598596819313,-1.55804316350979,0.));
#8915=CARTESIAN_POINT('',(-8.35598596819313,-1.55804316350979,160.));
#8916=CARTESIAN_POINT('',(-8.35598596819313,-1.55804316350979,160.));
#8917=CARTESIAN_POINT('',(-8.35598596819313,-1.55804316350979,0.));
#8918=CARTESIAN_POINT('Origin',(0.,0.,0.));
#8919=CARTESIAN_POINT('',(-8.34275321226861,-1.62741169935019,0.));
#8920=CARTESIAN_POINT('Origin',(0.,0.,0.));
#8921=CARTESIAN_POINT('',(-8.34275321226861,-1.62741169935019,160.));
#8922=CARTESIAN_POINT('Origin',(0.,0.,160.));
#8923=CARTESIAN_POINT('',(-8.34275321226861,-1.62741169935019,0.));
#8924=CARTESIAN_POINT('Origin',(-8.31170670477271,-1.58554285178386,0.));
#8925=CARTESIAN_POINT('',(-8.34275321226861,-1.62741169935019,0.));
#8926=CARTESIAN_POINT('',(-8.34275321226861,-1.62741169935019,160.));
#8927=CARTESIAN_POINT('',(-8.31170670477271,-1.58554285178386,0.));
#8928=CARTESIAN_POINT('Origin',(-7.13292371278038,-2.31762740600909,0.));
#8929=CARTESIAN_POINT('',(-7.13292371278038,-2.31762740600909,0.));
#8930=CARTESIAN_POINT('',(-8.35598596819313,-1.55804316350979,0.));
#8931=CARTESIAN_POINT('',(-7.13292371278038,-2.31762740600909,160.));
#8932=CARTESIAN_POINT('',(-8.35598596819313,-1.55804316350979,160.));
#8933=CARTESIAN_POINT('',(-7.13292371278038,-2.31762740600909,0.));
#8934=CARTESIAN_POINT('Origin',(-7.65627068157762,-3.60276751004301,0.));
#8935=CARTESIAN_POINT('',(-7.65627068157762,-3.60276751004301,0.));
#8936=CARTESIAN_POINT('',(-7.67592944697301,-3.65104192321763,0.));
#8937=CARTESIAN_POINT('',(-7.65627068157762,-3.60276751004301,160.));
#8938=CARTESIAN_POINT('',(-7.67592944697301,-3.65104192321763,160.));
#8939=CARTESIAN_POINT('',(-7.65627068157762,-3.60276751004301,0.));
#8940=CARTESIAN_POINT('Origin',(-7.70599772488776,-3.58714358006823,0.));
#8941=CARTESIAN_POINT('',(-7.70599772488776,-3.58714358006823,0.));
#8942=CARTESIAN_POINT('',(-7.70599772488776,-3.58714358006823,0.));
#8943=CARTESIAN_POINT('',(-7.70599772488776,-3.58714358006823,160.));
#8944=CARTESIAN_POINT('',(-7.70599772488776,-3.58714358006823,160.));
#8945=CARTESIAN_POINT('',(-7.70599772488776,-3.58714358006823,0.));
#8946=CARTESIAN_POINT('Origin',(0.,0.,0.));
#8947=CARTESIAN_POINT('',(-7.67592944697301,-3.65104192321763,0.));
#8948=CARTESIAN_POINT('Origin',(0.,0.,0.));
#8949=CARTESIAN_POINT('',(-7.67592944697301,-3.65104192321763,160.));
#8950=CARTESIAN_POINT('Origin',(0.,0.,160.));
#8951=CARTESIAN_POINT('',(-7.67592944697301,-3.65104192321763,0.));
#8952=CARTESIAN_POINT('Origin',(-7.65627068157762,-3.60276751004301,0.));
#8953=CARTESIAN_POINT('',(-7.67592944697301,-3.65104192321763,0.));
#8954=CARTESIAN_POINT('',(-7.67592944697301,-3.65104192321763,160.));
#8955=CARTESIAN_POINT('',(-7.65627068157762,-3.60276751004301,0.));
#8956=CARTESIAN_POINT('Origin',(-6.33245929972361,-4.01870087251751,0.));
#8957=CARTESIAN_POINT('',(-6.33245929972361,-4.01870087251751,0.));
#8958=CARTESIAN_POINT('',(-7.70599772488776,-3.58714358006823,0.));
#8959=CARTESIAN_POINT('',(-6.33245929972361,-4.01870087251751,160.));
#8960=CARTESIAN_POINT('',(-7.70599772488776,-3.58714358006823,160.));
#8961=CARTESIAN_POINT('',(-6.33245929972361,-4.01870087251751,0.));
#8962=CARTESIAN_POINT('Origin',(-6.51976301366511,-5.39361703559411,0.));
#8963=CARTESIAN_POINT('',(-6.51976301366511,-5.39361703559411,0.));
#8964=CARTESIAN_POINT('',(-6.52679880443031,-5.4452637554564,0.));
#8965=CARTESIAN_POINT('',(-6.51976301366511,-5.39361703559411,160.));
#8966=CARTESIAN_POINT('',(-6.52679880443031,-5.4452637554564,160.));
#8967=CARTESIAN_POINT('',(-6.51976301366511,-5.39361703559411,0.));
#8968=CARTESIAN_POINT('Origin',(-6.57181330385052,-5.39085057289973,0.));
#8969=CARTESIAN_POINT('',(-6.57181330385052,-5.39085057289973,0.));
#8970=CARTESIAN_POINT('',(-6.57181330385052,-5.39085057289973,0.));
#8971=CARTESIAN_POINT('',(-6.57181330385052,-5.39085057289973,160.));
#8972=CARTESIAN_POINT('',(-6.57181330385052,-5.39085057289973,160.));
#8973=CARTESIAN_POINT('',(-6.57181330385052,-5.39085057289973,0.));
#8974=CARTESIAN_POINT('Origin',(0.,0.,0.));
#8975=CARTESIAN_POINT('',(-6.52679880443031,-5.4452637554564,0.));
#8976=CARTESIAN_POINT('Origin',(0.,0.,0.));
#8977=CARTESIAN_POINT('',(-6.52679880443031,-5.4452637554564,160.));
#8978=CARTESIAN_POINT('Origin',(0.,0.,160.));
#8979=CARTESIAN_POINT('',(-6.52679880443031,-5.4452637554564,0.));
#8980=CARTESIAN_POINT('Origin',(-6.51976301366511,-5.39361703559411,0.));
#8981=CARTESIAN_POINT('',(-6.52679880443031,-5.4452637554564,0.));
#8982=CARTESIAN_POINT('',(-6.52679880443031,-5.4452637554564,160.));
#8983=CARTESIAN_POINT('',(-6.51976301366511,-5.39361703559411,0.));
#8984=CARTESIAN_POINT('Origin',(-5.13410317970901,-5.4672645834577,0.));
#8985=CARTESIAN_POINT('',(-5.13410317970901,-5.4672645834577,0.));
#8986=CARTESIAN_POINT('',(-6.57181330385052,-5.39085057289973,0.));
#8987=CARTESIAN_POINT('',(-5.13410317970901,-5.4672645834577,160.));
#8988=CARTESIAN_POINT('',(-6.57181330385052,-5.39085057289973,160.));
#8989=CARTESIAN_POINT('',(-5.13410317970901,-5.4672645834577,0.));
#8990=CARTESIAN_POINT('Origin',(-4.97359465759294,-6.84556576646295,0.));
#8991=CARTESIAN_POINT('',(-4.97359465759294,-6.84556576646295,0.));
#8992=CARTESIAN_POINT('',(-4.96756538911835,-6.8973396396606,0.));
#8993=CARTESIAN_POINT('',(-4.97359465759294,-6.84556576646295,160.));
#8994=CARTESIAN_POINT('',(-4.96756538911835,-6.8973396396606,160.));
#8995=CARTESIAN_POINT('',(-4.97359465759294,-6.84556576646295,0.));
#8996=CARTESIAN_POINT('Origin',(-5.02469768349371,-6.85583059807438,0.));
#8997=CARTESIAN_POINT('',(-5.02469768349371,-6.85583059807438,0.));
#8998=CARTESIAN_POINT('',(-5.02469768349371,-6.85583059807438,0.));
#8999=CARTESIAN_POINT('',(-5.02469768349371,-6.85583059807438,160.));
#9000=CARTESIAN_POINT('',(-5.02469768349371,-6.85583059807438,160.));
#9001=CARTESIAN_POINT('',(-5.02469768349371,-6.85583059807438,0.));
#9002=CARTESIAN_POINT('Origin',(0.,0.,0.));
#9003=CARTESIAN_POINT('',(-4.96756538911835,-6.8973396396606,0.));
#9004=CARTESIAN_POINT('Origin',(0.,0.,0.));
#9005=CARTESIAN_POINT('',(-4.96756538911835,-6.8973396396606,160.));
#9006=CARTESIAN_POINT('Origin',(0.,0.,160.));
#9007=CARTESIAN_POINT('',(-4.96756538911835,-6.8973396396606,0.));
#9008=CARTESIAN_POINT('Origin',(-4.97359465759294,-6.84556576646295,0.));
#9009=CARTESIAN_POINT('',(-4.96756538911835,-6.8973396396606,0.));
#9010=CARTESIAN_POINT('',(-4.96756538911835,-6.8973396396606,160.));
#9011=CARTESIAN_POINT('',(-4.97359465759294,-6.84556576646295,0.));
#9012=CARTESIAN_POINT('Origin',(-3.61315247500261,-6.57229995342662,0.));
#9013=CARTESIAN_POINT('',(-3.61315247500261,-6.57229995342662,0.));
#9014=CARTESIAN_POINT('',(-5.02469768349371,-6.85583059807438,0.));
#9015=CARTESIAN_POINT('',(-3.61315247500261,-6.57229995342662,160.));
#9016=CARTESIAN_POINT('',(-5.02469768349371,-6.85583059807438,160.));
#9017=CARTESIAN_POINT('',(-3.61315247500261,-6.57229995342662,0.));
#9018=CARTESIAN_POINT('Origin',(-3.11491705758258,-7.86738242399514,0.));
#9019=CARTESIAN_POINT('',(-3.11491705758258,-7.86738242399514,0.));
#9020=CARTESIAN_POINT('',(-3.09620157098056,-7.91603030766416,0.));
#9021=CARTESIAN_POINT('',(-3.11491705758258,-7.86738242399514,160.));
#9022=CARTESIAN_POINT('',(-3.09620157098056,-7.91603030766416,160.));
#9023=CARTESIAN_POINT('',(-3.11491705758258,-7.86738242399514,0.));
#9024=CARTESIAN_POINT('Origin',(-3.16186182813757,-7.89003357279084,0.));
#9025=CARTESIAN_POINT('',(-3.16186182813757,-7.89003357279084,0.));
#9026=CARTESIAN_POINT('',(-3.16186182813757,-7.89003357279084,0.));
#9027=CARTESIAN_POINT('',(-3.16186182813757,-7.89003357279084,160.));
#9028=CARTESIAN_POINT('',(-3.16186182813757,-7.89003357279084,160.));
#9029=CARTESIAN_POINT('',(-3.16186182813757,-7.89003357279084,0.));
#9030=CARTESIAN_POINT('Origin',(0.,0.,0.));
#9031=CARTESIAN_POINT('',(-3.09620157098056,-7.91603030766416,0.));
#9032=CARTESIAN_POINT('Origin',(0.,0.,0.));
#9033=CARTESIAN_POINT('',(-3.09620157098056,-7.91603030766416,160.));
#9034=CARTESIAN_POINT('Origin',(0.,0.,160.));
#9035=CARTESIAN_POINT('',(-3.09620157098056,-7.91603030766416,0.));
#9036=CARTESIAN_POINT('Origin',(-3.11491705758258,-7.86738242399514,0.));
#9037=CARTESIAN_POINT('',(-3.09620157098056,-7.91603030766416,0.));
#9038=CARTESIAN_POINT('',(-3.09620157098056,-7.91603030766416,160.));
#9039=CARTESIAN_POINT('',(-3.11491705758258,-7.86738242399514,0.));
#9040=CARTESIAN_POINT('Origin',(-1.86517411204652,-7.26437354609333,0.));
#9041=CARTESIAN_POINT('',(-1.86517411204652,-7.26437354609333,0.));
#9042=CARTESIAN_POINT('',(-3.16186182813757,-7.89003357279084,0.));
#9043=CARTESIAN_POINT('',(-1.86517411204652,-7.26437354609333,160.));
#9044=CARTESIAN_POINT('',(-3.16186182813757,-7.89003357279084,160.));
#9045=CARTESIAN_POINT('',(-1.86517411204652,-7.26437354609333,0.));
#9046=CARTESIAN_POINT('Origin',(-1.06051776298072,-8.39486250961913,0.));
#9047=CARTESIAN_POINT('',(-1.06051776298072,-8.39486250961913,0.));
#9048=CARTESIAN_POINT('',(-1.03029202110521,-8.4373276783142,0.));
#9049=CARTESIAN_POINT('',(-1.06051776298072,-8.39486250961913,160.));
#9050=CARTESIAN_POINT('',(-1.03029202110521,-8.4373276783142,160.));
#9051=CARTESIAN_POINT('',(-1.06051776298072,-8.39486250961913,0.));
#9052=CARTESIAN_POINT('Origin',(-1.10035456560517,-8.42847672061517,0.));
#9053=CARTESIAN_POINT('',(-1.10035456560517,-8.42847672061517,0.));
#9054=CARTESIAN_POINT('',(-1.10035456560517,-8.42847672061517,0.));
#9055=CARTESIAN_POINT('',(-1.10035456560517,-8.42847672061517,160.));
#9056=CARTESIAN_POINT('',(-1.10035456560517,-8.42847672061517,160.));
#9057=CARTESIAN_POINT('',(-1.10035456560517,-8.42847672061517,0.));
#9058=CARTESIAN_POINT('Origin',(0.,0.,0.));
#9059=CARTESIAN_POINT('',(-1.03029202110521,-8.4373276783142,0.));
#9060=CARTESIAN_POINT('Origin',(0.,0.,0.));
#9061=CARTESIAN_POINT('',(-1.03029202110521,-8.4373276783142,160.));
#9062=CARTESIAN_POINT('Origin',(0.,0.,160.));
#9063=CARTESIAN_POINT('',(-1.03029202110521,-8.4373276783142,0.));
#9064=CARTESIAN_POINT('Origin',(-1.06051776298072,-8.39486250961913,0.));
#9065=CARTESIAN_POINT('',(-1.03029202110521,-8.4373276783142,0.));
#9066=CARTESIAN_POINT('',(-1.03029202110521,-8.4373276783142,160.));
#9067=CARTESIAN_POINT('',(-1.06051776298072,-8.39486250961913,0.));
#9068=CARTESIAN_POINT('Origin',(0.,-7.49999983236194,0.));
#9069=CARTESIAN_POINT('',(0.,-7.49999983236194,0.));
#9070=CARTESIAN_POINT('',(-1.10035456560517,-8.42847672061517,0.));
#9071=CARTESIAN_POINT('',(0.,-7.49999983236194,160.));
#9072=CARTESIAN_POINT('',(-1.10035456560517,-8.42847672061517,160.));
#9073=CARTESIAN_POINT('',(0.,-7.49999983236194,0.));
#9074=CARTESIAN_POINT('Origin',(1.06051776298072,-8.39486250961913,0.));
#9075=CARTESIAN_POINT('',(1.10035456560517,-8.42847672061517,0.));
#9076=CARTESIAN_POINT('',(1.10035456560517,-8.42847672061517,160.));
#9077=CARTESIAN_POINT('',(1.06051776298072,-8.39486250961913,0.));
#9078=CARTESIAN_POINT('Origin',(1.03029202110522,-8.4373276783142,0.));
#9079=CARTESIAN_POINT('',(1.03029202110522,-8.4373276783142,0.));
#9080=CARTESIAN_POINT('',(1.03029202110522,-8.4373276783142,0.));
#9081=CARTESIAN_POINT('',(1.03029202110522,-8.4373276783142,160.));
#9082=CARTESIAN_POINT('',(1.03029202110522,-8.4373276783142,160.));
#9083=CARTESIAN_POINT('',(1.03029202110522,-8.4373276783142,0.));
#9084=CARTESIAN_POINT('Origin',(0.,0.,0.));
#9085=CARTESIAN_POINT('Origin',(0.,0.,0.));
#9086=CARTESIAN_POINT('Origin',(0.,0.,160.));
#9087=CARTESIAN_POINT('Origin',(0.,0.,0.));
#9088=CARTESIAN_POINT('',(-9.5,-1.11022302462516E-15,160.));
#9089=CARTESIAN_POINT('Origin',(0.,0.,160.));
#9090=CARTESIAN_POINT('',(-9.5,-1.16341445918999E-15,0.));
#9091=CARTESIAN_POINT('',(-9.5,-1.16341445918999E-15,0.));
#9092=CARTESIAN_POINT('Origin',(0.,0.,0.));
#9093=CARTESIAN_POINT('Origin',(0.,0.,160.));
#9094=CARTESIAN_POINT('Origin',(0.,0.,0.));
#9095=CARTESIAN_POINT('',(0.,0.,0.));
#9096=CARTESIAN_POINT('Origin',(-54.0972752118583,0.,34.0486376059291));
#9097=CARTESIAN_POINT('',(-54.0972752118583,0.,34.0486376059291));
#9098=CARTESIAN_POINT('',(-74.0972752118583,0.,34.0486376059291));
#9099=CARTESIAN_POINT('',(-54.0972752118583,0.,34.0486376059291));
#9100=CARTESIAN_POINT('',(-74.0972752118583,40.,34.0486376059291));
#9101=CARTESIAN_POINT('',(-74.0972752118583,0.,34.0486376059291));
#9102=CARTESIAN_POINT('',(-54.0972752118583,40.,34.0486376059291));
#9103=CARTESIAN_POINT('',(-54.0972752118583,40.,34.0486376059291));
#9104=CARTESIAN_POINT('',(-54.0972752118583,0.,34.0486376059291));
#9105=CARTESIAN_POINT('Origin',(-54.0972752118583,0.,37.0486376059291));
#9106=CARTESIAN_POINT('',(-54.0972752118583,0.,37.0486376059291));
#9107=CARTESIAN_POINT('',(-54.0972752118583,0.,37.0486376059291));
#9108=CARTESIAN_POINT('',(-54.0972752118583,40.,37.0486376059291));
#9109=CARTESIAN_POINT('',(-54.0972752118583,40.,37.0486376059291));
#9110=CARTESIAN_POINT('',(-54.0972752118583,0.,37.0486376059291));
#9111=CARTESIAN_POINT('Origin',(-74.0972752118583,0.,37.0486376059291));
#9112=CARTESIAN_POINT('',(-74.0972752118583,0.,37.0486376059291));
#9113=CARTESIAN_POINT('',(-74.0972752118583,0.,37.0486376059291));
#9114=CARTESIAN_POINT('',(-74.0972752118583,40.,37.0486376059291));
#9115=CARTESIAN_POINT('',(-74.0972752118583,40.,37.0486376059291));
#9116=CARTESIAN_POINT('',(-74.0972752118583,0.,37.0486376059291));
#9117=CARTESIAN_POINT('Origin',(-74.0972752118583,0.,34.0486376059291));
#9118=CARTESIAN_POINT('',(-74.0972752118583,0.,34.0486376059291));
#9119=CARTESIAN_POINT('',(-74.0972752118583,40.,34.0486376059291));
#9120=CARTESIAN_POINT('Origin',(-64.0972752118583,40.,35.5486376059291));
#9121=CARTESIAN_POINT('Origin',(-64.0972752118583,0.,35.5486376059291));
#9122=CARTESIAN_POINT('',(0.,0.,0.));
#9123=CARTESIAN_POINT('Origin',(46.95,30.95,10.5));
#9124=CARTESIAN_POINT('',(40.,31.85,9.5));
#9125=CARTESIAN_POINT('',(46.95,30.95,9.5));
#9126=CARTESIAN_POINT('',(46.95,30.95,9.5));
#9127=CARTESIAN_POINT('',(40.,31.85,10.5));
#9128=CARTESIAN_POINT('',(40.,31.85,14.9));
#9129=CARTESIAN_POINT('',(46.95,30.95,10.5));
#9130=CARTESIAN_POINT('',(43.5323122932044,31.3925782641894,10.5));
#9131=CARTESIAN_POINT('',(46.95,30.95,10.25));
#9132=CARTESIAN_POINT('Origin',(0.200000000000005,31.85,10.5));
#9133=CARTESIAN_POINT('',(-6.75,30.95,9.5));
#9134=CARTESIAN_POINT('',(0.200000000000005,31.85,9.5));
#9135=CARTESIAN_POINT('',(0.142687706795627,31.8425782641894,9.5));
#9136=CARTESIAN_POINT('',(-6.75,30.95,10.5));
#9137=CARTESIAN_POINT('',(-6.75,30.95,9.75));
#9138=CARTESIAN_POINT('',(0.200000000000005,31.85,10.5));
#9139=CARTESIAN_POINT('',(-3.275,31.4,10.5));
#9140=CARTESIAN_POINT('',(0.200000000000003,31.85,5.1));
#9141=CARTESIAN_POINT('Origin',(40.,30.95,10.5));
#9142=CARTESIAN_POINT('',(40.,30.95,10.5));
#9143=CARTESIAN_POINT('',(40.,30.95,10.5));
#9144=CARTESIAN_POINT('',(30.05,30.95,10.5));
#9145=CARTESIAN_POINT('Origin',(0.200000000000005,30.95,9.5));
#9146=CARTESIAN_POINT('',(0.200000000000005,30.95,9.5));
#9147=CARTESIAN_POINT('',(0.200000000000003,30.95,9.5));
#9148=CARTESIAN_POINT('',(10.15,30.95,9.5));
#9149=CARTESIAN_POINT('Origin',(0.5,0.,19.5));
#9150=CARTESIAN_POINT('',(0.499999999999998,30.95,20.));
#9151=CARTESIAN_POINT('',(0.,30.95,19.5));
#9152=CARTESIAN_POINT('Origin',(0.5,30.95,19.5));
#9153=CARTESIAN_POINT('',(0.,0.,19.5));
#9154=CARTESIAN_POINT('',(0.,0.,19.5));
#9155=CARTESIAN_POINT('',(0.499999999999998,0.,20.));
#9156=CARTESIAN_POINT('Origin',(0.5,0.,19.5));
#9157=CARTESIAN_POINT('',(0.5,0.,20.));
#9158=CARTESIAN_POINT('Origin',(0.,0.,0.));
#9159=CARTESIAN_POINT('',(0.,30.95,19.35));
#9160=CARTESIAN_POINT('',(0.,30.95,20.));
#9161=CARTESIAN_POINT('',(0.,28.45,19.35));
#9162=CARTESIAN_POINT('',(0.,28.45,19.35));
#9163=CARTESIAN_POINT('',(0.,28.45,0.649999999999999));
#9164=CARTESIAN_POINT('',(0.,28.45,20.));
#9165=CARTESIAN_POINT('',(0.,30.95,0.649999999999999));
#9166=CARTESIAN_POINT('',(0.,28.45,0.649999999999999));
#9167=CARTESIAN_POINT('',(0.,30.95,0.5));
#9168=CARTESIAN_POINT('',(0.,30.95,20.));
#9169=CARTESIAN_POINT('',(0.,0.,0.5));
#9170=CARTESIAN_POINT('',(0.,0.,0.5));
#9171=CARTESIAN_POINT('',(0.,0.,20.));
#9172=CARTESIAN_POINT('Origin',(20.1,30.95,10.));
#9173=CARTESIAN_POINT('',(46.5434658856084,30.95,3.825));
#9174=CARTESIAN_POINT('',(47.3,30.95,3.825));
#9175=CARTESIAN_POINT('',(44.825,30.95,3.825));
#9176=CARTESIAN_POINT('',(47.3,30.95,0.649999999999999));
#9177=CARTESIAN_POINT('',(47.3,30.95,1.23259516440783E-31));
#9178=CARTESIAN_POINT('',(40.2,30.95,0.649999999999999));
#9179=CARTESIAN_POINT('',(47.3,30.95,0.649999999999999));
#9180=CARTESIAN_POINT('',(40.2,30.95,0.5));
#9181=CARTESIAN_POINT('',(40.2,30.95,20.));
#9182=CARTESIAN_POINT('',(39.7,30.95,0.));
#9183=CARTESIAN_POINT('Origin',(39.7,30.95,0.5));
#9184=CARTESIAN_POINT('',(0.5,30.95,0.));
#9185=CARTESIAN_POINT('',(0.,30.95,0.));
#9186=CARTESIAN_POINT('Origin',(0.5,30.95,0.5));
#9187=CARTESIAN_POINT('',(-7.1,30.95,0.649999999999999));
#9188=CARTESIAN_POINT('',(-7.1,30.95,0.649999999999999));
#9189=CARTESIAN_POINT('',(-7.1,30.95,3.825));
#9190=CARTESIAN_POINT('',(-7.1,30.95,0.));
#9191=CARTESIAN_POINT('',(-6.34346588560844,30.95,3.825));
#9192=CARTESIAN_POINT('',(-4.625,30.95,3.825));
#9193=CARTESIAN_POINT('',(-6.34346588560844,30.95,6.325));
#9194=CARTESIAN_POINT('Origin',(-4.625,30.95,5.075));
#9195=CARTESIAN_POINT('',(-7.1,30.95,6.325));
#9196=CARTESIAN_POINT('',(-4.625,30.95,6.325));
#9197=CARTESIAN_POINT('',(-7.1,30.95,13.675));
#9198=CARTESIAN_POINT('',(-7.1,30.95,0.));
#9199=CARTESIAN_POINT('',(-6.34346588560844,30.95,13.675));
#9200=CARTESIAN_POINT('',(-4.625,30.95,13.675));
#9201=CARTESIAN_POINT('',(-6.34346588560844,30.95,16.175));
#9202=CARTESIAN_POINT('Origin',(-4.625,30.95,14.925));
#9203=CARTESIAN_POINT('',(-7.1,30.95,16.175));
#9204=CARTESIAN_POINT('',(-4.625,30.95,16.175));
#9205=CARTESIAN_POINT('',(-7.1,30.95,19.35));
#9206=CARTESIAN_POINT('',(-7.1,30.95,0.));
#9207=CARTESIAN_POINT('',(-7.1,30.95,19.35));
#9208=CARTESIAN_POINT('',(39.7,30.95,20.));
#9209=CARTESIAN_POINT('',(40.2,30.95,20.));
#9210=CARTESIAN_POINT('',(40.2,30.95,19.5));
#9211=CARTESIAN_POINT('Origin',(39.7,30.95,19.5));
#9212=CARTESIAN_POINT('',(40.2,30.95,19.35));
#9213=CARTESIAN_POINT('',(40.2,30.95,20.));
#9214=CARTESIAN_POINT('',(47.3,30.95,19.35));
#9215=CARTESIAN_POINT('',(47.3,30.95,19.35));
#9216=CARTESIAN_POINT('',(47.3,30.95,16.175));
#9217=CARTESIAN_POINT('',(47.3,30.95,1.23259516440783E-31));
#9218=CARTESIAN_POINT('',(46.5434658856084,30.95,16.175));
#9219=CARTESIAN_POINT('',(44.825,30.95,16.175));
#9220=CARTESIAN_POINT('',(46.5434658856084,30.95,13.675));
#9221=CARTESIAN_POINT('Origin',(44.825,30.95,14.925));
#9222=CARTESIAN_POINT('',(47.3,30.95,13.675));
#9223=CARTESIAN_POINT('',(44.825,30.95,13.675));
#9224=CARTESIAN_POINT('',(47.3,30.95,6.325));
#9225=CARTESIAN_POINT('',(47.3,30.95,1.23259516440783E-31));
#9226=CARTESIAN_POINT('',(46.5434658856084,30.95,6.325));
#9227=CARTESIAN_POINT('',(44.825,30.95,6.325));
#9228=CARTESIAN_POINT('Origin',(44.825,30.95,5.075));
#9229=CARTESIAN_POINT('',(40.,30.95,19.3));
#9230=CARTESIAN_POINT('',(40.,30.95,14.9));
#9231=CARTESIAN_POINT('',(39.5,30.95,19.8));
#9232=CARTESIAN_POINT('Origin',(39.5,30.95,19.3));
#9233=CARTESIAN_POINT('',(0.700000000000002,30.95,19.8));
#9234=CARTESIAN_POINT('',(10.15,30.95,19.8));
#9235=CARTESIAN_POINT('',(0.200000000000002,30.95,19.3));
#9236=CARTESIAN_POINT('Origin',(0.700000000000002,30.95,19.3));
#9237=CARTESIAN_POINT('',(0.200000000000005,30.95,10.5));
#9238=CARTESIAN_POINT('',(0.200000000000004,30.95,5.1));
#9239=CARTESIAN_POINT('',(6.675,30.95,10.5));
#9240=CARTESIAN_POINT('',(0.200000000000004,30.95,0.699999999999998));
#9241=CARTESIAN_POINT('',(0.200000000000004,30.95,5.1));
#9242=CARTESIAN_POINT('',(0.700000000000003,30.95,0.199999999999998));
#9243=CARTESIAN_POINT('Origin',(0.700000000000003,30.95,0.699999999999999));
#9244=CARTESIAN_POINT('',(39.5,30.95,0.200000000000003));
#9245=CARTESIAN_POINT('',(30.05,30.95,0.200000000000002));
#9246=CARTESIAN_POINT('',(40.,30.95,0.700000000000003));
#9247=CARTESIAN_POINT('Origin',(39.5,30.95,0.700000000000003));
#9248=CARTESIAN_POINT('',(40.,30.95,9.5));
#9249=CARTESIAN_POINT('',(40.,30.95,14.9));
#9250=CARTESIAN_POINT('',(33.525,30.95,9.5));
#9251=CARTESIAN_POINT('Origin',(0.700000000000003,30.95,0.699999999999999));
#9252=CARTESIAN_POINT('',(0.200000000000004,36.55,0.699999999999999));
#9253=CARTESIAN_POINT('',(0.700000000000003,36.55,0.199999999999999));
#9254=CARTESIAN_POINT('Origin',(0.700000000000003,36.55,0.699999999999999));
#9255=CARTESIAN_POINT('',(0.700000000000003,30.95,0.199999999999999));
#9256=CARTESIAN_POINT('',(0.200000000000004,30.95,0.699999999999999));
#9257=CARTESIAN_POINT('Origin',(20.1,36.55,10.));
#9258=CARTESIAN_POINT('',(0.200000000000002,36.55,19.3));
#9259=CARTESIAN_POINT('',(0.200000000000004,36.55,0.));
#9260=CARTESIAN_POINT('',(0.700000000000002,36.55,19.8));
#9261=CARTESIAN_POINT('Origin',(0.700000000000002,36.55,19.3));
#9262=CARTESIAN_POINT('',(30.2,36.55,19.8));
#9263=CARTESIAN_POINT('',(0.200000000000004,36.55,19.8));
#9264=CARTESIAN_POINT('',(26.2078201443462,36.55,18.9500000000062));
#9265=CARTESIAN_POINT('Origin',(30.2,36.55,10.));
#9266=CARTESIAN_POINT('',(6.5,36.55,18.9500000000062));
#9267=CARTESIAN_POINT('',(13.05,36.55,18.9500000000062));
#9268=CARTESIAN_POINT('',(6.,36.55,18.4500000000062));
#9269=CARTESIAN_POINT('Origin',(6.5,36.55,18.4500000000062));
#9270=CARTESIAN_POINT('',(6.,36.55,14.5));
#9271=CARTESIAN_POINT('',(6.,36.55,12.25));
#9272=CARTESIAN_POINT('',(6.,36.55,5.5));
#9273=CARTESIAN_POINT('Ctrl Pts',(6.,36.55,14.5));
#9274=CARTESIAN_POINT('Ctrl Pts',(5.84072002069186,36.55,14.3200000000018));
#9275=CARTESIAN_POINT('Ctrl Pts',(5.53606990676638,36.55,13.960000000005));
#9276=CARTESIAN_POINT('Ctrl Pts',(5.12082299110437,36.55,13.4200000000083));
#9277=CARTESIAN_POINT('Ctrl Pts',(4.65200101993851,36.55,12.7000000000102));
#9278=CARTESIAN_POINT('Ctrl Pts',(4.21697108215943,36.55,11.8000000000089));
#9279=CARTESIAN_POINT('Ctrl Pts',(3.9464331757283,36.55,10.9000000000051));
#9280=CARTESIAN_POINT('Ctrl Pts',(3.85381110148356,36.55,10.));
#9281=CARTESIAN_POINT('Ctrl Pts',(3.94643317572451,36.55,9.09999999999487));
#9282=CARTESIAN_POINT('Ctrl Pts',(4.21697108215279,36.55,8.19999999999096));
#9283=CARTESIAN_POINT('Ctrl Pts',(4.65200101993087,36.55,7.29999999998953));
#9284=CARTESIAN_POINT('Ctrl Pts',(5.1208229910981,36.55,6.57999999999135));
#9285=CARTESIAN_POINT('Ctrl Pts',(5.53606990676263,36.55,6.0399999999948));
#9286=CARTESIAN_POINT('Ctrl Pts',(5.84072002069049,36.55,5.6799999999981));
#9287=CARTESIAN_POINT('Ctrl Pts',(6.,36.55,5.5));
#9288=CARTESIAN_POINT('',(6.00000000000001,36.55,1.54999999999376));
#9289=CARTESIAN_POINT('',(6.00000000000001,36.55,5.52499999999688));
#9290=CARTESIAN_POINT('',(6.5,36.55,1.04999999999376));
#9291=CARTESIAN_POINT('Origin',(6.5,36.55,1.54999999999376));
#9292=CARTESIAN_POINT('',(26.2078201443462,36.55,1.04999999999376));
#9293=CARTESIAN_POINT('',(23.1539100721731,36.55,1.04999999999376));
#9294=CARTESIAN_POINT('',(30.2,36.55,0.200000000000001));
#9295=CARTESIAN_POINT('Origin',(30.2,36.55,10.));
#9296=CARTESIAN_POINT('',(0.200000000000004,36.55,0.199999999999999));
#9297=CARTESIAN_POINT('Origin',(0.200000000000004,30.95,0.199999999999999));
#9298=CARTESIAN_POINT('',(0.200000000000002,30.95,10.5));
#9299=CARTESIAN_POINT('',(0.200000000000002,30.95,19.3));
#9300=CARTESIAN_POINT('Origin',(0.5,0.,0.5));
#9301=CARTESIAN_POINT('',(0.5,0.,0.));
#9302=CARTESIAN_POINT('',(0.5,0.,0.));
#9303=CARTESIAN_POINT('Origin',(0.5,0.,0.5));
#9304=CARTESIAN_POINT('Origin',(40.2,0.,0.));
#9305=CARTESIAN_POINT('',(39.7,0.,0.));
#9306=CARTESIAN_POINT('',(39.7,0.,0.));
#9307=CARTESIAN_POINT('',(0.,0.,0.));
#9308=CARTESIAN_POINT('Origin',(39.7,0.,0.5));
#9309=CARTESIAN_POINT('',(40.2,0.,0.5));
#9310=CARTESIAN_POINT('',(40.2,0.,0.5));
#9311=CARTESIAN_POINT('Origin',(39.7,0.,0.5));
#9312=CARTESIAN_POINT('Origin',(40.2,0.,20.));
#9313=CARTESIAN_POINT('',(40.2,28.45,0.649999999999999));
#9314=CARTESIAN_POINT('',(40.2,28.45,0.649999999999999));
#9315=CARTESIAN_POINT('',(40.2,28.45,19.35));
#9316=CARTESIAN_POINT('',(40.2,28.45,20.));
#9317=CARTESIAN_POINT('',(40.2,28.45,19.35));
#9318=CARTESIAN_POINT('',(40.2,0.,19.5));
#9319=CARTESIAN_POINT('',(40.2,0.,19.5));
#9320=CARTESIAN_POINT('',(40.2,0.,20.));
#9321=CARTESIAN_POINT('Origin',(39.7,0.,19.5));
#9322=CARTESIAN_POINT('',(39.7,0.,20.));
#9323=CARTESIAN_POINT('',(39.7,0.,20.));
#9324=CARTESIAN_POINT('Origin',(39.7,0.,19.5));
#9325=CARTESIAN_POINT('Origin',(0.,0.,20.));
#9326=CARTESIAN_POINT('',(40.2,0.,20.));
#9327=CARTESIAN_POINT('Origin',(39.5,30.95,0.700000000000003));
#9328=CARTESIAN_POINT('',(39.5,36.55,0.200000000000003));
#9329=CARTESIAN_POINT('',(40.,36.55,0.700000000000003));
#9330=CARTESIAN_POINT('Origin',(39.5,36.55,0.700000000000003));
#9331=CARTESIAN_POINT('',(40.,30.95,0.700000000000003));
#9332=CARTESIAN_POINT('',(39.5,30.95,0.200000000000003));
#9333=CARTESIAN_POINT('Origin',(40.,30.95,19.8));
#9334=CARTESIAN_POINT('',(40.,36.55,10.));
#9335=CARTESIAN_POINT('',(40.,36.55,0.));
#9336=CARTESIAN_POINT('',(40.,36.55,19.3));
#9337=CARTESIAN_POINT('',(40.,36.55,0.));
#9338=CARTESIAN_POINT('',(40.,30.95,19.3));
#9339=CARTESIAN_POINT('',(40.,30.95,9.5));
#9340=CARTESIAN_POINT('Origin',(20.1,36.55,10.));
#9341=CARTESIAN_POINT('',(0.200000000000004,36.55,0.199999999999999));
#9342=CARTESIAN_POINT('Origin',(30.2,36.55,10.));
#9343=CARTESIAN_POINT('Origin',(39.5,30.95,19.3));
#9344=CARTESIAN_POINT('',(39.5,36.55,19.8));
#9345=CARTESIAN_POINT('Origin',(39.5,36.55,19.3));
#9346=CARTESIAN_POINT('',(39.5,30.95,19.8));
#9347=CARTESIAN_POINT('Origin',(0.200000000000004,30.95,19.8));
#9348=CARTESIAN_POINT('',(0.200000000000004,36.55,19.8));
#9349=CARTESIAN_POINT('',(0.700000000000002,30.95,19.8));
#9350=CARTESIAN_POINT('Origin',(20.1,36.55,10.));
#9351=CARTESIAN_POINT('Origin',(30.2,36.55,10.));
#9352=CARTESIAN_POINT('Origin',(6.5,36.55,1.54999999999376));
#9353=CARTESIAN_POINT('',(6.,38.55,1.54999999999376));
#9354=CARTESIAN_POINT('',(6.5,38.55,1.04999999999376));
#9355=CARTESIAN_POINT('Origin',(6.5,38.55,1.54999999999376));
#9356=CARTESIAN_POINT('',(6.5,36.55,1.04999999999376));
#9357=CARTESIAN_POINT('',(6.,36.55,1.54999999999376));
#9358=CARTESIAN_POINT('Origin',(26.2078201443462,36.55,1.04999999999376));
#9359=CARTESIAN_POINT('',(26.2078201443462,38.55,1.04999999999376));
#9360=CARTESIAN_POINT('',(0.200000000000004,38.55,1.04999999999376));
#9361=CARTESIAN_POINT('',(26.2078201443462,36.55,1.04999999999376));
#9362=CARTESIAN_POINT('Origin',(21.9269055507418,38.55,10.));
#9363=CARTESIAN_POINT('',(6.,38.55,5.5));
#9364=CARTESIAN_POINT('',(6.,38.55,1.04999999999376));
#9365=CARTESIAN_POINT('',(6.,38.55,14.5));
#9366=CARTESIAN_POINT('Ctrl Pts',(6.,38.55,5.5));
#9367=CARTESIAN_POINT('Ctrl Pts',(5.84072002069049,38.55,5.6799999999981));
#9368=CARTESIAN_POINT('Ctrl Pts',(5.53606990676263,38.55,6.0399999999948));
#9369=CARTESIAN_POINT('Ctrl Pts',(5.1208229910981,38.55,6.57999999999135));
#9370=CARTESIAN_POINT('Ctrl Pts',(4.65200101993087,38.55,7.29999999998953));
#9371=CARTESIAN_POINT('Ctrl Pts',(4.21697108215279,38.55,8.19999999999096));
#9372=CARTESIAN_POINT('Ctrl Pts',(3.94643317572451,38.55,9.09999999999487));
#9373=CARTESIAN_POINT('Ctrl Pts',(3.85381110148356,38.55,10.));
#9374=CARTESIAN_POINT('Ctrl Pts',(3.9464331757283,38.55,10.9000000000051));
#9375=CARTESIAN_POINT('Ctrl Pts',(4.21697108215943,38.55,11.8000000000089));
#9376=CARTESIAN_POINT('Ctrl Pts',(4.65200101993851,38.55,12.7000000000102));
#9377=CARTESIAN_POINT('Ctrl Pts',(5.12082299110437,38.55,13.4200000000083));
#9378=CARTESIAN_POINT('Ctrl Pts',(5.53606990676638,38.55,13.960000000005));
#9379=CARTESIAN_POINT('Ctrl Pts',(5.84072002069186,38.55,14.3200000000018));
#9380=CARTESIAN_POINT('Ctrl Pts',(6.,38.55,14.5));
#9381=CARTESIAN_POINT('',(6.,38.55,18.4500000000062));
#9382=CARTESIAN_POINT('',(6.,38.55,1.04999999999376));
#9383=CARTESIAN_POINT('',(6.5,38.55,18.9500000000062));
#9384=CARTESIAN_POINT('Origin',(6.5,38.55,18.4500000000062));
#9385=CARTESIAN_POINT('',(26.2078201443462,38.55,18.9500000000062));
#9386=CARTESIAN_POINT('',(0.200000000000004,38.55,18.9500000000062));
#9387=CARTESIAN_POINT('Origin',(30.2,38.55,10.));
#9388=CARTESIAN_POINT('',(23.7,38.55,10.));
#9389=CARTESIAN_POINT('Origin',(30.2,38.55,10.));
#9390=CARTESIAN_POINT('Origin',(6.5,36.55,18.4500000000062));
#9391=CARTESIAN_POINT('',(6.,36.55,18.4500000000062));
#9392=CARTESIAN_POINT('',(6.5,36.55,18.9500000000062));
#9393=CARTESIAN_POINT('Origin',(6.,36.55,18.9500000000062));
#9394=CARTESIAN_POINT('',(26.2078201443462,36.55,18.9500000000062));
#9395=CARTESIAN_POINT('Origin',(0.700000000000002,30.95,19.3));
#9396=CARTESIAN_POINT('Origin',(30.2,40.55,10.));
#9397=CARTESIAN_POINT('',(27.275,44.55,10.));
#9398=CARTESIAN_POINT('Origin',(30.2,44.55,10.));
#9399=CARTESIAN_POINT('',(27.275,40.55,10.));
#9400=CARTESIAN_POINT('',(27.275,40.55,10.));
#9401=CARTESIAN_POINT('Origin',(30.2,40.55,10.));
#9402=CARTESIAN_POINT('Origin',(30.2,44.55,10.));
#9403=CARTESIAN_POINT('Origin',(30.2,40.05,10.));
#9404=CARTESIAN_POINT('',(24.85,40.55,10.));
#9405=CARTESIAN_POINT('Origin',(30.2,40.55,10.));
#9406=CARTESIAN_POINT('',(24.85,40.05,10.));
#9407=CARTESIAN_POINT('',(24.85,40.05,10.));
#9408=CARTESIAN_POINT('Origin',(30.2,40.05,10.));
#9409=CARTESIAN_POINT('Origin',(30.2,40.55,10.));
#9410=CARTESIAN_POINT('Origin',(30.2,38.55,10.));
#9411=CARTESIAN_POINT('',(23.7,40.05,10.));
#9412=CARTESIAN_POINT('Origin',(30.2,40.05,10.));
#9413=CARTESIAN_POINT('',(23.7,38.55,10.));
#9414=CARTESIAN_POINT('Origin',(30.2,40.05,10.));
#9415=CARTESIAN_POINT('Origin',(30.2,36.55,10.));
#9416=CARTESIAN_POINT('Origin',(6.,36.55,14.5));
#9417=CARTESIAN_POINT('',(6.,36.55,14.5));
#9418=CARTESIAN_POINT('Ctrl Pts',(6.,36.55,5.5));
#9419=CARTESIAN_POINT('Ctrl Pts',(6.,38.95,5.5));
#9420=CARTESIAN_POINT('Ctrl Pts',(5.84072002069049,36.55,5.6799999999981));
#9421=CARTESIAN_POINT('Ctrl Pts',(5.84072002069049,38.95,5.6799999999981));
#9422=CARTESIAN_POINT('Ctrl Pts',(5.53606990676263,36.55,6.0399999999948));
#9423=CARTESIAN_POINT('Ctrl Pts',(5.53606990676263,38.95,6.0399999999948));
#9424=CARTESIAN_POINT('Ctrl Pts',(5.1208229910981,36.55,6.57999999999135));
#9425=CARTESIAN_POINT('Ctrl Pts',(5.1208229910981,38.95,6.57999999999135));
#9426=CARTESIAN_POINT('Ctrl Pts',(4.65200101993087,36.55,7.29999999998953));
#9427=CARTESIAN_POINT('Ctrl Pts',(4.65200101993087,38.95,7.29999999998953));
#9428=CARTESIAN_POINT('Ctrl Pts',(4.21697108215279,36.55,8.19999999999096));
#9429=CARTESIAN_POINT('Ctrl Pts',(4.21697108215279,38.95,8.19999999999096));
#9430=CARTESIAN_POINT('Ctrl Pts',(3.94643317572451,36.55,9.09999999999487));
#9431=CARTESIAN_POINT('Ctrl Pts',(3.94643317572451,38.95,9.09999999999487));
#9432=CARTESIAN_POINT('Ctrl Pts',(3.85381110148356,36.55,10.));
#9433=CARTESIAN_POINT('Ctrl Pts',(3.85381110148356,38.95,10.));
#9434=CARTESIAN_POINT('Ctrl Pts',(3.9464331757283,36.55,10.9000000000051));
#9435=CARTESIAN_POINT('Ctrl Pts',(3.9464331757283,38.95,10.9000000000051));
#9436=CARTESIAN_POINT('Ctrl Pts',(4.21697108215943,36.55,11.8000000000089));
#9437=CARTESIAN_POINT('Ctrl Pts',(4.21697108215943,38.95,11.8000000000089));
#9438=CARTESIAN_POINT('Ctrl Pts',(4.65200101993851,36.55,12.7000000000102));
#9439=CARTESIAN_POINT('Ctrl Pts',(4.65200101993851,38.95,12.7000000000102));
#9440=CARTESIAN_POINT('Ctrl Pts',(5.12082299110437,36.55,13.4200000000083));
#9441=CARTESIAN_POINT('Ctrl Pts',(5.12082299110437,38.95,13.4200000000083));
#9442=CARTESIAN_POINT('Ctrl Pts',(5.53606990676638,36.55,13.960000000005));
#9443=CARTESIAN_POINT('Ctrl Pts',(5.53606990676638,38.95,13.960000000005));
#9444=CARTESIAN_POINT('Ctrl Pts',(5.84072002069186,36.55,14.3200000000018));
#9445=CARTESIAN_POINT('Ctrl Pts',(5.84072002069186,38.95,14.3200000000018));
#9446=CARTESIAN_POINT('Ctrl Pts',(6.,36.55,14.5));
#9447=CARTESIAN_POINT('Ctrl Pts',(6.,38.95,14.5));
#9448=CARTESIAN_POINT('',(6.,36.55,5.5));
#9449=CARTESIAN_POINT('Origin',(6.,36.55,1.04999999999376));
#9450=CARTESIAN_POINT('Origin',(-6.75,30.95,10.5));
#9451=CARTESIAN_POINT('Origin',(46.95,30.95,9.5));
#9452=CARTESIAN_POINT('Origin',(40.,30.95,0.200000000000003));
#9453=CARTESIAN_POINT('Origin',(20.1,28.45,10.));
#9454=CARTESIAN_POINT('',(-7.1,28.45,19.35));
#9455=CARTESIAN_POINT('',(-7.1,28.45,19.35));
#9456=CARTESIAN_POINT('',(-7.1,28.45,16.175));
#9457=CARTESIAN_POINT('',(-7.1,28.45,0.));
#9458=CARTESIAN_POINT('',(-6.34346588560844,28.45,16.175));
#9459=CARTESIAN_POINT('',(-4.625,28.45,16.175));
#9460=CARTESIAN_POINT('',(-6.34346588560844,28.45,13.675));
#9461=CARTESIAN_POINT('Origin',(-4.625,28.45,14.925));
#9462=CARTESIAN_POINT('',(-7.1,28.45,13.675));
#9463=CARTESIAN_POINT('',(-4.625,28.45,13.675));
#9464=CARTESIAN_POINT('',(-7.1,28.45,6.325));
#9465=CARTESIAN_POINT('',(-7.1,28.45,0.));
#9466=CARTESIAN_POINT('',(-6.34346588560844,28.45,6.325));
#9467=CARTESIAN_POINT('',(-4.625,28.45,6.325));
#9468=CARTESIAN_POINT('',(-6.34346588560844,28.45,3.825));
#9469=CARTESIAN_POINT('Origin',(-4.625,28.45,5.075));
#9470=CARTESIAN_POINT('',(-7.1,28.45,3.825));
#9471=CARTESIAN_POINT('',(-4.625,28.45,3.825));
#9472=CARTESIAN_POINT('',(-7.1,28.45,0.649999999999999));
#9473=CARTESIAN_POINT('',(-7.1,28.45,0.));
#9474=CARTESIAN_POINT('',(-7.1,28.45,0.649999999999999));
#9475=CARTESIAN_POINT('Origin',(20.1,28.45,10.));
#9476=CARTESIAN_POINT('',(47.3,28.45,0.649999999999999));
#9477=CARTESIAN_POINT('',(47.3,28.45,0.649999999999999));
#9478=CARTESIAN_POINT('',(47.3,28.45,3.825));
#9479=CARTESIAN_POINT('',(47.3,28.45,1.23259516440783E-31));
#9480=CARTESIAN_POINT('',(46.5434658856084,28.45,3.825));
#9481=CARTESIAN_POINT('',(44.825,28.45,3.825));
#9482=CARTESIAN_POINT('',(46.5434658856084,28.45,6.325));
#9483=CARTESIAN_POINT('Origin',(44.825,28.45,5.075));
#9484=CARTESIAN_POINT('',(47.3,28.45,6.325));
#9485=CARTESIAN_POINT('',(44.825,28.45,6.325));
#9486=CARTESIAN_POINT('',(47.3,28.45,13.675));
#9487=CARTESIAN_POINT('',(47.3,28.45,1.23259516440783E-31));
#9488=CARTESIAN_POINT('',(46.5434658856084,28.45,13.675));
#9489=CARTESIAN_POINT('',(44.825,28.45,13.675));
#9490=CARTESIAN_POINT('',(46.5434658856084,28.45,16.175));
#9491=CARTESIAN_POINT('Origin',(44.825,28.45,14.925));
#9492=CARTESIAN_POINT('',(47.3,28.45,16.175));
#9493=CARTESIAN_POINT('',(44.825,28.45,16.175));
#9494=CARTESIAN_POINT('',(47.3,28.45,19.35));
#9495=CARTESIAN_POINT('',(47.3,28.45,1.23259516440783E-31));
#9496=CARTESIAN_POINT('',(47.3,28.45,19.35));
#9497=CARTESIAN_POINT('Origin',(44.825,28.45,5.075));
#9498=CARTESIAN_POINT('',(46.5434658856084,28.45,3.825));
#9499=CARTESIAN_POINT('',(46.5434658856084,28.45,6.325));
#9500=CARTESIAN_POINT('Origin',(47.3,28.45,6.325));
#9501=CARTESIAN_POINT('',(47.3,28.45,6.325));
#9502=CARTESIAN_POINT('Origin',(47.3,28.45,13.675));
#9503=CARTESIAN_POINT('',(47.3,28.45,13.675));
#9504=CARTESIAN_POINT('Origin',(46.5434658856084,28.45,13.675));
#9505=CARTESIAN_POINT('',(46.5434658856084,28.45,13.675));
#9506=CARTESIAN_POINT('Origin',(44.825,28.45,14.925));
#9507=CARTESIAN_POINT('',(46.5434658856084,28.45,16.175));
#9508=CARTESIAN_POINT('Origin',(47.3,28.45,16.175));
#9509=CARTESIAN_POINT('',(47.3,28.45,16.175));
#9510=CARTESIAN_POINT('Origin',(47.3,28.45,19.35));
#9511=CARTESIAN_POINT('',(47.3,28.45,19.35));
#9512=CARTESIAN_POINT('Origin',(40.2,28.45,19.35));
#9513=CARTESIAN_POINT('Origin',(-7.1,28.45,19.35));
#9514=CARTESIAN_POINT('',(-7.1,28.45,19.35));
#9515=CARTESIAN_POINT('Origin',(-7.1,28.45,16.175));
#9516=CARTESIAN_POINT('',(-7.1,28.45,16.175));
#9517=CARTESIAN_POINT('Origin',(-6.34346588560844,28.45,16.175));
#9518=CARTESIAN_POINT('',(-6.34346588560844,28.45,16.175));
#9519=CARTESIAN_POINT('Origin',(-4.625,28.45,14.925));
#9520=CARTESIAN_POINT('',(-6.34346588560844,28.45,13.675));
#9521=CARTESIAN_POINT('Origin',(-7.1,28.45,13.675));
#9522=CARTESIAN_POINT('',(-7.1,28.45,13.675));
#9523=CARTESIAN_POINT('Origin',(-7.1,28.45,6.325));
#9524=CARTESIAN_POINT('',(-7.1,28.45,6.325));
#9525=CARTESIAN_POINT('Origin',(-6.34346588560844,28.45,6.325));
#9526=CARTESIAN_POINT('',(-6.34346588560844,28.45,6.325));
#9527=CARTESIAN_POINT('Origin',(-4.625,28.45,5.075));
#9528=CARTESIAN_POINT('',(-6.34346588560844,28.45,3.825));
#9529=CARTESIAN_POINT('Origin',(-7.1,28.45,3.825));
#9530=CARTESIAN_POINT('',(-7.1,28.45,3.825));
#9531=CARTESIAN_POINT('Origin',(-7.1,28.45,0.649999999999999));
#9532=CARTESIAN_POINT('',(-7.1,28.45,0.649999999999999));
#9533=CARTESIAN_POINT('Origin',(0.,28.45,0.649999999999999));
#9534=CARTESIAN_POINT('Origin',(47.3,28.45,0.649999999999999));
#9535=CARTESIAN_POINT('',(47.3,28.45,0.649999999999999));
#9536=CARTESIAN_POINT('Origin',(47.3,28.45,3.825));
#9537=CARTESIAN_POINT('',(47.3,28.45,3.825));
#9538=CARTESIAN_POINT('Origin',(46.5434658856084,28.45,3.825));
#9539=CARTESIAN_POINT('Origin',(20.1,0.,10.));
#9540=CARTESIAN_POINT('Origin',(18.,38.55,18.4500000000062));
#9541=CARTESIAN_POINT('',(18.5,38.85,18.4500000000062));
#9542=CARTESIAN_POINT('',(18.,38.85,18.9500000000062));
#9543=CARTESIAN_POINT('Origin',(18.,38.85,18.4500000000062));
#9544=CARTESIAN_POINT('',(18.,38.55,18.9500000000062));
#9545=CARTESIAN_POINT('',(18.,38.55,18.9500000000062));
#9546=CARTESIAN_POINT('',(18.5,38.55,18.4500000000062));
#9547=CARTESIAN_POINT('Origin',(18.,38.55,18.4500000000062));
#9548=CARTESIAN_POINT('',(18.5,38.55,18.4500000000062));
#9549=CARTESIAN_POINT('Origin',(6.,38.55,18.9500000000062));
#9550=CARTESIAN_POINT('',(6.,38.85,18.9500000000062));
#9551=CARTESIAN_POINT('',(0.200000000000004,38.85,18.9500000000062));
#9552=CARTESIAN_POINT('',(6.,38.55,18.9500000000062));
#9553=CARTESIAN_POINT('',(6.,38.55,18.9500000000062));
#9554=CARTESIAN_POINT('',(0.200000000000004,38.55,18.9500000000062));
#9555=CARTESIAN_POINT('Origin',(13.25,38.85,10.));
#9556=CARTESIAN_POINT('',(18.5,38.85,12.));
#9557=CARTESIAN_POINT('',(18.5,38.85,0.200000000000001));
#9558=CARTESIAN_POINT('',(18.5,38.85,8.00000000000001));
#9559=CARTESIAN_POINT('Origin',(18.5,38.85,10.));
#9560=CARTESIAN_POINT('',(18.5,38.85,1.54999999999376));
#9561=CARTESIAN_POINT('',(18.5,38.85,0.200000000000001));
#9562=CARTESIAN_POINT('',(18.,38.85,1.04999999999376));
#9563=CARTESIAN_POINT('Origin',(18.,38.85,1.54999999999376));
#9564=CARTESIAN_POINT('',(6.5,38.85,1.04999999999376));
#9565=CARTESIAN_POINT('',(0.200000000000004,38.85,1.04999999999376));
#9566=CARTESIAN_POINT('',(6.,38.85,1.54999999999376));
#9567=CARTESIAN_POINT('Origin',(6.5,38.85,1.54999999999376));
#9568=CARTESIAN_POINT('',(6.,38.85,1.04999999999376));
#9569=CARTESIAN_POINT('',(7.,38.85,17.9500000000062));
#9570=CARTESIAN_POINT('',(7.,38.85,2.04999999999376));
#9571=CARTESIAN_POINT('',(7.,38.85,0.199999999999999));
#9572=CARTESIAN_POINT('',(17.5,38.85,2.04999999999376));
#9573=CARTESIAN_POINT('',(7.,38.85,2.04999999999376));
#9574=CARTESIAN_POINT('',(17.5,38.85,17.9500000000062));
#9575=CARTESIAN_POINT('',(17.5,38.85,0.200000000000001));
#9576=CARTESIAN_POINT('',(7.,38.85,17.9500000000062));
#9577=CARTESIAN_POINT('Origin',(18.,38.55,1.54999999999376));
#9578=CARTESIAN_POINT('',(18.5,38.55,1.54999999999376));
#9579=CARTESIAN_POINT('',(18.5,38.55,1.54999999999376));
#9580=CARTESIAN_POINT('',(18.,38.55,1.04999999999376));
#9581=CARTESIAN_POINT('Origin',(18.,38.55,1.54999999999376));
#9582=CARTESIAN_POINT('',(18.,38.55,1.04999999999376));
#9583=CARTESIAN_POINT('Origin',(18.5,38.55,8.00000000000001));
#9584=CARTESIAN_POINT('',(18.5,38.55,8.00000000000001));
#9585=CARTESIAN_POINT('',(18.5,38.55,8.00000000000001));
#9586=CARTESIAN_POINT('',(18.5,38.55,0.200000000000001));
#9587=CARTESIAN_POINT('Origin',(6.5,38.55,1.54999999999376));
#9588=CARTESIAN_POINT('',(6.5,38.55,1.04999999999376));
#9589=CARTESIAN_POINT('',(6.5,38.55,1.04999999999376));
#9590=CARTESIAN_POINT('',(6.,38.55,1.54999999999376));
#9591=CARTESIAN_POINT('Origin',(6.5,38.55,1.54999999999376));
#9592=CARTESIAN_POINT('',(6.,38.55,1.54999999999376));
#9593=CARTESIAN_POINT('Origin',(6.,38.55,1.04999999999376));
#9594=CARTESIAN_POINT('',(6.,38.55,1.04999999999376));
#9595=CARTESIAN_POINT('Origin',(17.5,38.55,17.9500000000062));
#9596=CARTESIAN_POINT('',(17.5,38.55,17.9500000000062));
#9597=CARTESIAN_POINT('',(7.,38.55,17.9500000000062));
#9598=CARTESIAN_POINT('',(7.,38.55,17.9500000000062));
#9599=CARTESIAN_POINT('',(7.,38.55,17.9500000000062));
#9600=CARTESIAN_POINT('',(17.5,38.55,17.9500000000062));
#9601=CARTESIAN_POINT('Origin',(17.5,38.55,2.04999999999376));
#9602=CARTESIAN_POINT('',(17.5,38.55,2.04999999999376));
#9603=CARTESIAN_POINT('',(17.5,38.55,0.200000000000001));
#9604=CARTESIAN_POINT('',(17.5,38.55,2.04999999999376));
#9605=CARTESIAN_POINT('Origin',(7.,38.55,2.04999999999376));
#9606=CARTESIAN_POINT('',(7.,38.55,2.04999999999376));
#9607=CARTESIAN_POINT('',(7.,38.55,2.04999999999376));
#9608=CARTESIAN_POINT('',(7.,38.55,2.04999999999376));
#9609=CARTESIAN_POINT('Origin',(7.,38.55,17.9500000000062));
#9610=CARTESIAN_POINT('',(7.,38.55,0.199999999999999));
#9611=CARTESIAN_POINT('Origin',(18.5,38.55,1.04999999999376));
#9612=CARTESIAN_POINT('',(0.200000000000004,38.55,1.04999999999376));
#9613=CARTESIAN_POINT('Origin',(18.5,38.55,10.));
#9614=CARTESIAN_POINT('',(18.5,38.55,12.));
#9615=CARTESIAN_POINT('Origin',(18.5,38.55,10.));
#9616=CARTESIAN_POINT('',(18.5,38.55,12.));
#9617=CARTESIAN_POINT('Origin',(18.5,38.55,18.9500000000062));
#9618=CARTESIAN_POINT('',(18.5,38.55,0.200000000000001));
#9619=CARTESIAN_POINT('Origin',(13.25,38.55,10.));
#9620=CARTESIAN_POINT('',(0.,0.,0.));
#9621=CARTESIAN_POINT('Origin',(100.,0.,-125.));
#9622=CARTESIAN_POINT('',(100.,0.,-125.));
#9623=CARTESIAN_POINT('',(-50.,0.,-125.));
#9624=CARTESIAN_POINT('',(100.,0.,-125.));
#9625=CARTESIAN_POINT('',(-50.,2.,-125.));
#9626=CARTESIAN_POINT('',(-50.,0.,-125.));
#9627=CARTESIAN_POINT('',(100.,2.,-125.));
#9628=CARTESIAN_POINT('',(100.,2.,-125.));
#9629=CARTESIAN_POINT('',(100.,0.,-125.));
#9630=CARTESIAN_POINT('Origin',(100.,0.,25.));
#9631=CARTESIAN_POINT('',(100.,0.,25.));
#9632=CARTESIAN_POINT('',(100.,0.,25.));
#9633=CARTESIAN_POINT('',(100.,2.,25.));
#9634=CARTESIAN_POINT('',(100.,2.,25.));
#9635=CARTESIAN_POINT('',(100.,0.,25.));
#9636=CARTESIAN_POINT('Origin',(-50.,0.,25.));
#9637=CARTESIAN_POINT('',(-50.,0.,25.));
#9638=CARTESIAN_POINT('',(-50.,0.,25.));
#9639=CARTESIAN_POINT('',(-50.,2.,25.));
#9640=CARTESIAN_POINT('',(-50.,2.,25.));
#9641=CARTESIAN_POINT('',(-50.,0.,25.));
#9642=CARTESIAN_POINT('Origin',(-50.,0.,-125.));
#9643=CARTESIAN_POINT('',(-50.,0.,-125.));
#9644=CARTESIAN_POINT('',(-50.,2.,-125.));
#9645=CARTESIAN_POINT('Origin',(25.,2.,-50.));
#9646=CARTESIAN_POINT('Origin',(25.,0.,-50.));
#9647=CARTESIAN_POINT('',(0.,0.,0.));
#9648=CARTESIAN_POINT('Origin',(-70.,0.,30.));
#9649=CARTESIAN_POINT('',(44.,0.,30.));
#9650=CARTESIAN_POINT('',(-70.,0.,30.));
#9651=CARTESIAN_POINT('',(44.,0.,30.));
#9652=CARTESIAN_POINT('',(44.,136.,30.));
#9653=CARTESIAN_POINT('',(44.,0.,30.));
#9654=CARTESIAN_POINT('',(-70.,136.,30.));
#9655=CARTESIAN_POINT('',(44.,136.,30.));
#9656=CARTESIAN_POINT('',(-70.,0.,30.));
#9657=CARTESIAN_POINT('Origin',(-76.138149885432,0.,31.138149885432));
#9658=CARTESIAN_POINT('',(-75.,0.,25.));
#9659=CARTESIAN_POINT('Origin',(-76.138149885432,0.,31.138149885432));
#9660=CARTESIAN_POINT('',(-75.,136.,25.));
#9661=CARTESIAN_POINT('Origin',(-76.138149885432,136.,31.138149885432));
#9662=CARTESIAN_POINT('',(-75.,0.,25.));
#9663=CARTESIAN_POINT('Origin',(44.,0.,25.));
#9664=CARTESIAN_POINT('',(44.,0.,25.));
#9665=CARTESIAN_POINT('',(-75.,0.,25.));
#9666=CARTESIAN_POINT('',(44.,136.,25.));
#9667=CARTESIAN_POINT('',(-75.,136.,25.));
#9668=CARTESIAN_POINT('',(44.,0.,25.));
#9669=CARTESIAN_POINT('Origin',(44.,0.,30.));
#9670=CARTESIAN_POINT('',(44.,0.,25.));
#9671=CARTESIAN_POINT('',(44.,136.,25.));
#9672=CARTESIAN_POINT('Origin',(-15.5,136.,27.5));
#9673=CARTESIAN_POINT('Origin',(-15.5,0.,27.5));
#9674=CARTESIAN_POINT('',(275.8,-100.8,-74.9999999999999));
#9675=CARTESIAN_POINT('',(0.,0.,0.));
#9676=CARTESIAN_POINT('',(-125.8,350.8,-74.9999999999999));
#9677=CARTESIAN_POINT('',(300.8,325.8,-74.9999999999999));
#9678=CARTESIAN_POINT('',(-150.8,-75.8000000000001,-74.9999999999999));
#9679=CARTESIAN_POINT('',(-120.3,-81.3000000000001,-799.999999999998));
#9680=CARTESIAN_POINT('',(270.3,331.300000000001,-799.999999999998));
#9681=CARTESIAN_POINT('',(-131.3,320.3,-799.999999999998));
#9682=CARTESIAN_POINT('',(270.3,-81.3000000000002,-799.999999999998));
#9683=CARTESIAN_POINT('',(-27.2852966326908,150.050630046065,-235.191436938081));
#9684=CARTESIAN_POINT('',(47.8383630763037,50.3113499839317,-285.191436938082));
#9685=CARTESIAN_POINT('',(47.8383630763038,195.311349983931,-285.191436938082));
#9686=CARTESIAN_POINT('',(47.8383630763039,195.311349983931,-385.191436938082));
#9687=CARTESIAN_POINT('',(47.838363076304,50.3113499839317,-385.191436938081));
#9688=CARTESIAN_POINT('',(63.2820665126399,100.311349983931,-532.67103793916));
#9689=CARTESIAN_POINT('',(-46.5348118334274,100.311349983933,-607.821425924025));
#9690=CARTESIAN_POINT('',(127.524510416019,210.311349983931,-396.612335606209));
#9691=CARTESIAN_POINT('',(18.0388796016621,200.311349983931,-396.926578651545));
#9692=CARTESIAN_POINT('',(-12.1611203983378,0.761349983931137,-406.926578651546));
#9693=CARTESIAN_POINT('',(86.9356382881622,50.3113499839312,-372.70732918557));
#9694=CARTESIAN_POINT('',(157.724510416019,249.861349983931,-406.61233560621));
#9695=CARTESIAN_POINT('',(186.935638288162,200.311349983932,-443.80460439743));
#9696=CARTESIAN_POINT('',(123.313363076304,95.2113499839314,-255.191436938082));
#9697=CARTESIAN_POINT('',(-4.16163692369626,150.311349983931,-260.191436938083));
#9698=CARTESIAN_POINT('',(118.613504013275,193.311349983931,-481.400363825072));
#9699=CARTESIAN_POINT('',(27.2608464714589,57.3113499839326,-481.856348162972));
#9700=CARTESIAN_POINT('Origin',(0.,0.,0.));
#9701=UNCERTAINTY_MEASURE_WITH_UNIT(LENGTH_MEASURE(0.01),#9729,
'DISTANCE_ACCURACY_VALUE',
'Maximum model space distance between geometric entities at asserted c
onnectivities');
#9702=UNCERTAINTY_MEASURE_WITH_UNIT(LENGTH_MEASURE(0.01),#9729,
'DISTANCE_ACCURACY_VALUE',
'Maximum model space distance between geometric entities at asserted c
onnectivities');
#9703=UNCERTAINTY_MEASURE_WITH_UNIT(LENGTH_MEASURE(0.01),#9729,
'DISTANCE_ACCURACY_VALUE',
'Maximum model space distance between geometric entities at asserted c
onnectivities');
#9704=UNCERTAINTY_MEASURE_WITH_UNIT(LENGTH_MEASURE(0.01),#9729,
'DISTANCE_ACCURACY_VALUE',
'Maximum model space distance between geometric entities at asserted c
onnectivities');
#9705=UNCERTAINTY_MEASURE_WITH_UNIT(LENGTH_MEASURE(0.01),#9729,
'DISTANCE_ACCURACY_VALUE',
'Maximum model space distance between geometric entities at asserted c
onnectivities');
#9706=UNCERTAINTY_MEASURE_WITH_UNIT(LENGTH_MEASURE(0.01),#9729,
'DISTANCE_ACCURACY_VALUE',
'Maximum model space distance between geometric entities at asserted c
onnectivities');
#9707=UNCERTAINTY_MEASURE_WITH_UNIT(LENGTH_MEASURE(0.01),#9729,
'DISTANCE_ACCURACY_VALUE',
'Maximum model space distance between geometric entities at asserted c
onnectivities');
#9708=UNCERTAINTY_MEASURE_WITH_UNIT(LENGTH_MEASURE(0.01),#9729,
'DISTANCE_ACCURACY_VALUE',
'Maximum model space distance between geometric entities at asserted c
onnectivities');
#9709=UNCERTAINTY_MEASURE_WITH_UNIT(LENGTH_MEASURE(0.01),#9729,
'DISTANCE_ACCURACY_VALUE',
'Maximum model space distance between geometric entities at asserted c
onnectivities');
#9710=UNCERTAINTY_MEASURE_WITH_UNIT(LENGTH_MEASURE(0.01),#9729,
'DISTANCE_ACCURACY_VALUE',
'Maximum model space distance between geometric entities at asserted c
onnectivities');
#9711=UNCERTAINTY_MEASURE_WITH_UNIT(LENGTH_MEASURE(0.01),#9729,
'DISTANCE_ACCURACY_VALUE',
'Maximum model space distance between geometric entities at asserted c
onnectivities');
#9712=UNCERTAINTY_MEASURE_WITH_UNIT(LENGTH_MEASURE(0.01),#9729,
'DISTANCE_ACCURACY_VALUE',
'Maximum model space distance between geometric entities at asserted c
onnectivities');
#9713=UNCERTAINTY_MEASURE_WITH_UNIT(LENGTH_MEASURE(0.01),#9729,
'DISTANCE_ACCURACY_VALUE',
'Maximum model space distance between geometric entities at asserted c
onnectivities');
#9714=UNCERTAINTY_MEASURE_WITH_UNIT(LENGTH_MEASURE(0.01),#9729,
'DISTANCE_ACCURACY_VALUE',
'Maximum model space distance between geometric entities at asserted c
onnectivities');
#9715=(
GEOMETRIC_REPRESENTATION_CONTEXT(3)
GLOBAL_UNCERTAINTY_ASSIGNED_CONTEXT((#9701))
GLOBAL_UNIT_ASSIGNED_CONTEXT((#9729,#9731,#9732))
REPRESENTATION_CONTEXT('','3D')
);
#9716=(
GEOMETRIC_REPRESENTATION_CONTEXT(3)
GLOBAL_UNCERTAINTY_ASSIGNED_CONTEXT((#9702))
GLOBAL_UNIT_ASSIGNED_CONTEXT((#9729,#9731,#9732))
REPRESENTATION_CONTEXT('','3D')
);
#9717=(
GEOMETRIC_REPRESENTATION_CONTEXT(3)
GLOBAL_UNCERTAINTY_ASSIGNED_CONTEXT((#9703))
GLOBAL_UNIT_ASSIGNED_CONTEXT((#9729,#9731,#9732))
REPRESENTATION_CONTEXT('','3D')
);
#9718=(
GEOMETRIC_REPRESENTATION_CONTEXT(3)
GLOBAL_UNCERTAINTY_ASSIGNED_CONTEXT((#9704))
GLOBAL_UNIT_ASSIGNED_CONTEXT((#9729,#9731,#9732))
REPRESENTATION_CONTEXT('','3D')
);
#9719=(
GEOMETRIC_REPRESENTATION_CONTEXT(3)
GLOBAL_UNCERTAINTY_ASSIGNED_CONTEXT((#9705))
GLOBAL_UNIT_ASSIGNED_CONTEXT((#9729,#9731,#9732))
REPRESENTATION_CONTEXT('','3D')
);
#9720=(
GEOMETRIC_REPRESENTATION_CONTEXT(3)
GLOBAL_UNCERTAINTY_ASSIGNED_CONTEXT((#9706))
GLOBAL_UNIT_ASSIGNED_CONTEXT((#9729,#9731,#9732))
REPRESENTATION_CONTEXT('','3D')
);
#9721=(
GEOMETRIC_REPRESENTATION_CONTEXT(3)
GLOBAL_UNCERTAINTY_ASSIGNED_CONTEXT((#9707))
GLOBAL_UNIT_ASSIGNED_CONTEXT((#9729,#9731,#9732))
REPRESENTATION_CONTEXT('','3D')
);
#9722=(
GEOMETRIC_REPRESENTATION_CONTEXT(3)
GLOBAL_UNCERTAINTY_ASSIGNED_CONTEXT((#9708))
GLOBAL_UNIT_ASSIGNED_CONTEXT((#9729,#9731,#9732))
REPRESENTATION_CONTEXT('','3D')
);
#9723=(
GEOMETRIC_REPRESENTATION_CONTEXT(3)
GLOBAL_UNCERTAINTY_ASSIGNED_CONTEXT((#9709))
GLOBAL_UNIT_ASSIGNED_CONTEXT((#9729,#9731,#9732))
REPRESENTATION_CONTEXT('','3D')
);
#9724=(
GEOMETRIC_REPRESENTATION_CONTEXT(3)
GLOBAL_UNCERTAINTY_ASSIGNED_CONTEXT((#9710))
GLOBAL_UNIT_ASSIGNED_CONTEXT((#9729,#9731,#9732))
REPRESENTATION_CONTEXT('','3D')
);
#9725=(
GEOMETRIC_REPRESENTATION_CONTEXT(3)
GLOBAL_UNCERTAINTY_ASSIGNED_CONTEXT((#9711))
GLOBAL_UNIT_ASSIGNED_CONTEXT((#9729,#9731,#9732))
REPRESENTATION_CONTEXT('','3D')
);
#9726=(
GEOMETRIC_REPRESENTATION_CONTEXT(3)
GLOBAL_UNCERTAINTY_ASSIGNED_CONTEXT((#9712))
GLOBAL_UNIT_ASSIGNED_CONTEXT((#9729,#9731,#9732))
REPRESENTATION_CONTEXT('','3D')
);
#9727=(
GEOMETRIC_REPRESENTATION_CONTEXT(3)
GLOBAL_UNCERTAINTY_ASSIGNED_CONTEXT((#9713))
GLOBAL_UNIT_ASSIGNED_CONTEXT((#9729,#9731,#9732))
REPRESENTATION_CONTEXT('','3D')
);
#9728=(
GEOMETRIC_REPRESENTATION_CONTEXT(3)
GLOBAL_UNCERTAINTY_ASSIGNED_CONTEXT((#9714))
GLOBAL_UNIT_ASSIGNED_CONTEXT((#9729,#9731,#9732))
REPRESENTATION_CONTEXT('','3D')
);
#9729=(
LENGTH_UNIT()
NAMED_UNIT(*)
SI_UNIT(.MILLI.,.METRE.)
);
#9730=(
LENGTH_UNIT()
NAMED_UNIT(*)
SI_UNIT($,.METRE.)
);
#9731=(
NAMED_UNIT(*)
PLANE_ANGLE_UNIT()
SI_UNIT($,.RADIAN.)
);
#9732=(
NAMED_UNIT(*)
SI_UNIT($,.STERADIAN.)
SOLID_ANGLE_UNIT()
);
#9733=SHAPE_DEFINITION_REPRESENTATION(#9746,#9785);
#9734=SHAPE_DEFINITION_REPRESENTATION(#9747,#9786);
#9735=SHAPE_DEFINITION_REPRESENTATION(#9748,#9787);
#9736=SHAPE_DEFINITION_REPRESENTATION(#9749,#9788);
#9737=SHAPE_DEFINITION_REPRESENTATION(#9750,#9789);
#9738=SHAPE_DEFINITION_REPRESENTATION(#9751,#9790);
#9739=SHAPE_DEFINITION_REPRESENTATION(#9752,#9791);
#9740=SHAPE_DEFINITION_REPRESENTATION(#9753,#9792);
#9741=SHAPE_DEFINITION_REPRESENTATION(#9754,#9793);
#9742=SHAPE_DEFINITION_REPRESENTATION(#9755,#9794);
#9743=SHAPE_DEFINITION_REPRESENTATION(#9756,#9795);
#9744=SHAPE_DEFINITION_REPRESENTATION(#9757,#9796);
#9745=SHAPE_DEFINITION_REPRESENTATION(#9758,#9797);
#9746=PRODUCT_DEFINITION_SHAPE('',$,#9799);
#9747=PRODUCT_DEFINITION_SHAPE('',$,#9800);
#9748=PRODUCT_DEFINITION_SHAPE('',$,#9801);
#9749=PRODUCT_DEFINITION_SHAPE('',$,#9802);
#9750=PRODUCT_DEFINITION_SHAPE('',$,#9803);
#9751=PRODUCT_DEFINITION_SHAPE('',$,#9804);
#9752=PRODUCT_DEFINITION_SHAPE('',$,#9805);
#9753=PRODUCT_DEFINITION_SHAPE('',$,#9806);
#9754=PRODUCT_DEFINITION_SHAPE('',$,#9807);
#9755=PRODUCT_DEFINITION_SHAPE('',$,#9808);
#9756=PRODUCT_DEFINITION_SHAPE('',$,#9809);
#9757=PRODUCT_DEFINITION_SHAPE('',$,#9810);
#9758=PRODUCT_DEFINITION_SHAPE('',$,#9811);
#9759=PRODUCT_DEFINITION_SHAPE($,$,#95);
#9760=PRODUCT_DEFINITION_SHAPE($,$,#96);
#9761=PRODUCT_DEFINITION_SHAPE($,$,#97);
#9762=PRODUCT_DEFINITION_SHAPE($,$,#98);
#9763=PRODUCT_DEFINITION_SHAPE($,$,#99);
#9764=PRODUCT_DEFINITION_SHAPE($,$,#100);
#9765=PRODUCT_DEFINITION_SHAPE($,$,#101);
#9766=PRODUCT_DEFINITION_SHAPE($,$,#102);
#9767=PRODUCT_DEFINITION_SHAPE($,$,#103);
#9768=PRODUCT_DEFINITION_SHAPE($,$,#104);
#9769=PRODUCT_DEFINITION_SHAPE($,$,#105);
#9770=PRODUCT_DEFINITION_SHAPE($,$,#106);
#9771=PRODUCT_DEFINITION_SHAPE($,$,#107);
#9772=PRODUCT_DEFINITION_SHAPE($,$,#108);
#9773=PRODUCT_DEFINITION_SHAPE($,$,#109);
#9774=PRODUCT_DEFINITION_SHAPE($,$,#110);
#9775=PRODUCT_DEFINITION_SHAPE($,$,#111);
#9776=PRODUCT_DEFINITION_SHAPE($,$,#112);
#9777=PRODUCT_DEFINITION_SHAPE($,$,#113);
#9778=PRODUCT_DEFINITION_SHAPE($,$,#114);
#9779=PRODUCT_DEFINITION_SHAPE($,$,#115);
#9780=PRODUCT_DEFINITION_SHAPE($,$,#116);
#9781=PRODUCT_DEFINITION_SHAPE($,$,#117);
#9782=PRODUCT_DEFINITION_SHAPE($,$,#118);
#9783=PRODUCT_DEFINITION_SHAPE($,$,#119);
#9784=PRODUCT_DEFINITION_SHAPE($,$,#120);
#9785=SHAPE_REPRESENTATION('',(#5970,#6392,#6393,#6394,#6395,#6396,#6397,
#6398,#6399,#6400,#6401,#6402,#6403,#6404,#6405,#6406,#6407,#6408,#6409,
#6410,#6411,#6412,#6413,#6414,#6415,#6416,#6417),#9715);
#9786=SHAPE_REPRESENTATION('',(#5971),#9716);
#9787=SHAPE_REPRESENTATION('',(#5982),#9717);
#9788=SHAPE_REPRESENTATION('',(#5994),#9718);
#9789=SHAPE_REPRESENTATION('',(#6011),#9719);
#9790=SHAPE_REPRESENTATION('',(#6026),#9720);
#9791=SHAPE_REPRESENTATION('',(#6037),#9721);
#9792=SHAPE_REPRESENTATION('',(#6049),#9722);
#9793=SHAPE_REPRESENTATION('',(#6060),#9723);
#9794=SHAPE_REPRESENTATION('',(#6241),#9724);
#9795=SHAPE_REPRESENTATION('',(#6248),#9725);
#9796=SHAPE_REPRESENTATION('',(#6376),#9726);
#9797=SHAPE_REPRESENTATION('',(#6383),#9727);
#9798=PRODUCT_DEFINITION_CONTEXT('part definition',#9839,'design');
#9799=PRODUCT_DEFINITION('areca system assembly',
'areca system assembly v16',#9812,#9798);
#9800=PRODUCT_DEFINITION('Hopper Mounting Frame',
'Hopper Mounting Frame v3',#9813,#9798);
#9801=PRODUCT_DEFINITION('Hopper Support Leg','Hopper Support Leg v3',#9814,
#9798);
#9802=PRODUCT_DEFINITION('rubber foot','rubber foot v1',#9815,#9798);
#9803=PRODUCT_DEFINITION('Hopper','Hopper v4',#9816,#9798);
#9804=PRODUCT_DEFINITION('Rectangular Slotted Panel',
'Rectangular Slotted Panel v3',#9817,#9798);
#9805=PRODUCT_DEFINITION('Triangular Mounting Bracket',
'Triangular Mounting Bracket v4',#9818,#9798);
#9806=PRODUCT_DEFINITION('Discharge Guide Channel',
'Discharge Guide Channel v5',#9819,#9798);
#9807=PRODUCT_DEFINITION('splined drive shaft','splined drive shaft v2',
#9820,#9798);
#9808=PRODUCT_DEFINITION('Servo Mounting Plate',
'Servo Mounting Plate v3',#9821,#9798);
#9809=PRODUCT_DEFINITION('MG995','MG995 v5 Servo motor v1',#9822,#9798);
#9810=PRODUCT_DEFINITION('Hopper Side Cover Plate',
'Hopper Side Cover Plate v3',#9823,#9798);
#9811=PRODUCT_DEFINITION('Discharge Flap','Discharge Flap v3',#9824,#9798);
#9812=PRODUCT_DEFINITION_FORMATION('',$,#9841);
#9813=PRODUCT_DEFINITION_FORMATION('',$,#9842);
#9814=PRODUCT_DEFINITION_FORMATION('',$,#9843);
#9815=PRODUCT_DEFINITION_FORMATION('',$,#9844);
#9816=PRODUCT_DEFINITION_FORMATION('',$,#9845);
#9817=PRODUCT_DEFINITION_FORMATION('',$,#9846);
#9818=PRODUCT_DEFINITION_FORMATION('',$,#9847);
#9819=PRODUCT_DEFINITION_FORMATION('',$,#9848);
#9820=PRODUCT_DEFINITION_FORMATION('',$,#9849);
#9821=PRODUCT_DEFINITION_FORMATION('',$,#9850);
#9822=PRODUCT_DEFINITION_FORMATION('',$,#9851);
#9823=PRODUCT_DEFINITION_FORMATION('',$,#9852);
#9824=PRODUCT_DEFINITION_FORMATION('',$,#9853);
#9825=PRODUCT_RELATED_PRODUCT_CATEGORY('areca system assembly v16',
'areca system assembly v16',(#9841));
#9826=PRODUCT_RELATED_PRODUCT_CATEGORY('Hopper Mounting Frame v3',
'Hopper Mounting Frame v3',(#9842));
#9827=PRODUCT_RELATED_PRODUCT_CATEGORY('Hopper Support Leg v3',
'Hopper Support Leg v3',(#9843));
#9828=PRODUCT_RELATED_PRODUCT_CATEGORY('rubber foot v1',
'rubber foot v1',(#9844));
#9829=PRODUCT_RELATED_PRODUCT_CATEGORY('Hopper v4','Hopper v4',(#9845));
#9830=PRODUCT_RELATED_PRODUCT_CATEGORY('Rectangular Slotted Panel v3',
'Rectangular Slotted Panel v3',(#9846));
#9831=PRODUCT_RELATED_PRODUCT_CATEGORY('Triangular Mounting Bracket v4',
'Triangular Mounting Bracket v4',(#9847));
#9832=PRODUCT_RELATED_PRODUCT_CATEGORY('Discharge Guide Channel v5',
'Discharge Guide Channel v5',(#9848));
#9833=PRODUCT_RELATED_PRODUCT_CATEGORY('splined drive shaft v2',
'splined drive shaft v2',(#9849));
#9834=PRODUCT_RELATED_PRODUCT_CATEGORY('Servo Mounting Plate v3',
'Servo Mounting Plate v3',(#9850));
#9835=PRODUCT_RELATED_PRODUCT_CATEGORY('MG995 v5 Servo motor v1',
'MG995 v5 Servo motor v1',(#9851));
#9836=PRODUCT_RELATED_PRODUCT_CATEGORY('Hopper Side Cover Plate v3',
'Hopper Side Cover Plate v3',(#9852));
#9837=PRODUCT_RELATED_PRODUCT_CATEGORY('Discharge Flap v3',
'Discharge Flap v3',(#9853));
#9838=APPLICATION_PROTOCOL_DEFINITION('international standard',
'automotive_design',2009,#9839);
#9839=APPLICATION_CONTEXT(
'Core Data for Automotive Mechanical Design Process');
#9840=PRODUCT_CONTEXT('part definition',#9839,'mechanical');
#9841=PRODUCT('areca system assembly','areca system assembly v16',$,(#9840));
#9842=PRODUCT('Hopper Mounting Frame','Hopper Mounting Frame v3',$,(#9840));
#9843=PRODUCT('Hopper Support Leg','Hopper Support Leg v3',$,(#9840));
#9844=PRODUCT('rubber foot','rubber foot v1',$,(#9840));
#9845=PRODUCT('Hopper','Hopper v4',$,(#9840));
#9846=PRODUCT('Rectangular Slotted Panel',
'Rectangular Slotted Panel v3',$,(#9840));
#9847=PRODUCT('Triangular Mounting Bracket',
'Triangular Mounting Bracket v4',$,(#9840));
#9848=PRODUCT('Discharge Guide Channel','Discharge Guide Channel v5',$,
(#9840));
#9849=PRODUCT('splined drive shaft','splined drive shaft v2',$,(#9840));
#9850=PRODUCT('Servo Mounting Plate','Servo Mounting Plate v3',$,(#9840));
#9851=PRODUCT('MG995','MG995 v5 Servo motor v1',$,(#9840));
#9852=PRODUCT('Hopper Side Cover Plate','Hopper Side Cover Plate v3',$,
(#9840));
#9853=PRODUCT('Discharge Flap','Discharge Flap v3',$,(#9840));
#9854=PRESENTATION_STYLE_ASSIGNMENT((#9860));
#9855=PRESENTATION_STYLE_ASSIGNMENT((#9861));
#9856=PRESENTATION_STYLE_ASSIGNMENT((#9862));
#9857=PRESENTATION_STYLE_ASSIGNMENT((#9863));
#9858=PRESENTATION_STYLE_ASSIGNMENT((#9864));
#9859=PRESENTATION_STYLE_ASSIGNMENT((NULL_STYLE(.NULL.)));
#9860=SURFACE_STYLE_USAGE(.BOTH.,#9865);
#9861=SURFACE_STYLE_USAGE(.BOTH.,#9866);
#9862=SURFACE_STYLE_USAGE(.BOTH.,#9867);
#9863=SURFACE_STYLE_USAGE(.BOTH.,#9868);
#9864=SURFACE_STYLE_USAGE(.BOTH.,#9869);
#9865=SURFACE_SIDE_STYLE('',(#9870));
#9866=SURFACE_SIDE_STYLE('',(#9871));
#9867=SURFACE_SIDE_STYLE('',(#9872));
#9868=SURFACE_SIDE_STYLE('',(#9873));
#9869=SURFACE_SIDE_STYLE('',(#9874));
#9870=SURFACE_STYLE_FILL_AREA(#9875);
#9871=SURFACE_STYLE_FILL_AREA(#9876);
#9872=SURFACE_STYLE_FILL_AREA(#9877);
#9873=SURFACE_STYLE_FILL_AREA(#9878);
#9874=SURFACE_STYLE_FILL_AREA(#9879);
#9875=FILL_AREA_STYLE('Steel - Satin',(#9880));
#9876=FILL_AREA_STYLE('Rubber - Soft',(#9881));
#9877=FILL_AREA_STYLE('ABS (White)',(#9882));
#9878=FILL_AREA_STYLE('Aluminum - Anodized Glossy (Grey)',(#9883));
#9879=FILL_AREA_STYLE('Opaque(160,160,160)',(#9884));
#9880=FILL_AREA_STYLE_COLOUR('Steel - Satin',#9885);
#9881=FILL_AREA_STYLE_COLOUR('Rubber - Soft',#9886);
#9882=FILL_AREA_STYLE_COLOUR('ABS (White)',#9887);
#9883=FILL_AREA_STYLE_COLOUR('Aluminum - Anodized Glossy (Grey)',#9888);
#9884=FILL_AREA_STYLE_COLOUR('Opaque(160,160,160)',#9889);
#9885=COLOUR_RGB('Steel - Satin',0.627450980392157,0.627450980392157,0.627450980392157);
#9886=COLOUR_RGB('Rubber - Soft',0.152941176470588,0.152941176470588,0.152941176470588);
#9887=COLOUR_RGB('ABS (White)',0.964705882352941,0.964705882352941,0.952941176470588);
#9888=COLOUR_RGB('Aluminum - Anodized Glossy (Grey)',0.537254901960784,
0.537254901960784,0.537254901960784);
#9889=COLOUR_RGB('Opaque(160,160,160)',0.627450980392157,0.627450980392157,
0.627450980392157);
ENDSEC;
END-ISO-10303-21;
