ISO-10303-21;
HEADER;
/* Generated by software containing ST-Developer
 * from STEP Tools, Inc. (www.steptools.com) 
 */

FILE_DESCRIPTION(
/* description */ (''),
/* implementation_level */ '2;1');

FILE_NAME(
/* name */ 'MG995 v5.step',
/* time_stamp */ '2025-05-19T15:54:05+09:00',
/* author */ (''),
/* organization */ (''),
/* preprocessor_version */ 'ST-DEVELOPER v20.1',
/* originating_system */ 'Autodesk Translation Framework v14.4.0.0',
/* authorisation */ '');

FILE_SCHEMA (('AUTOMOTIVE_DESIGN { 1 0 10303 214 3 1 1 }'));
ENDSEC;

DATA;
#10=MECHANICAL_DESIGN_GEOMETRIC_PRESENTATION_REPRESENTATION('',(#13,#14),
#2593);
#11=SHAPE_REPRESENTATION_RELATIONSHIP('SRR','None',#2600,#12);
#12=ADVANCED_BREP_SHAPE_REPRESENTATION('',(#15,#16),#2592);
#13=STYLED_ITEM('',(#2609),#15);
#14=STYLED_ITEM('',(#2609),#16);
#15=MANIFOLD_SOLID_BREP('\X2\30DC30C730A3\X0\1',#1527);
#16=MANIFOLD_SOLID_BREP('\X2\30DC30C730A3\X0\2',#1528);
#17=(
BOUNDED_SURFACE()
B_SPLINE_SURFACE(5,1,((#2388,#2389),(#2390,#2391),(#2392,#2393),(#2394,
#2395),(#2396,#2397),(#2398,#2399),(#2400,#2401),(#2402,#2403),(#2404,#2405),
(#2406,#2407),(#2408,#2409),(#2410,#2411),(#2412,#2413),(#2414,#2415),(#2416,
#2417)),.UNSPECIFIED.,.F.,.F.,.F.)
B_SPLINE_SURFACE_WITH_KNOTS((6,1,1,1,1,1,1,1,1,1,6),(2,2),(0.,0.1,0.2,0.3,
0.4,0.5,0.6,0.7,0.8,0.9,1.),(0.,0.2),.UNSPECIFIED.)
GEOMETRIC_REPRESENTATION_ITEM()
RATIONAL_B_SPLINE_SURFACE(((1.,1.),(1.,1.),(1.,1.),(1.,1.),(1.,1.),(1.,
1.),(1.,1.),(1.,1.),(1.,1.),(1.,1.),(1.,1.),(1.,1.),(1.,1.),(1.,1.),(1.,
1.)))
REPRESENTATION_ITEM('')
SURFACE()
);
#18=(
BOUNDED_CURVE()
B_SPLINE_CURVE(5,(#2243,#2244,#2245,#2246,#2247,#2248,#2249,#2250,#2251,
#2252,#2253,#2254,#2255,#2256,#2257),.UNSPECIFIED.,.F.,.F.)
B_SPLINE_CURVE_WITH_KNOTS((6,1,1,1,1,1,1,1,1,1,6),(-1.,-0.9,-0.8,-0.7,-0.6,
-0.5,-0.4,-0.3,-0.2,-0.1,0.),.UNSPECIFIED.)
CURVE()
GEOMETRIC_REPRESENTATION_ITEM()
RATIONAL_B_SPLINE_CURVE((1.,1.,1.,1.,1.,1.,1.,1.,1.,1.,1.,1.,1.,1.,1.))
REPRESENTATION_ITEM('')
);
#19=(
BOUNDED_CURVE()
B_SPLINE_CURVE(5,(#2336,#2337,#2338,#2339,#2340,#2341,#2342,#2343,#2344,
#2345,#2346,#2347,#2348,#2349,#2350),.UNSPECIFIED.,.F.,.F.)
B_SPLINE_CURVE_WITH_KNOTS((6,1,1,1,1,1,1,1,1,1,6),(0.,0.1,0.2,0.3,0.4,0.5,
0.6,0.7,0.8,0.9,1.),.UNSPECIFIED.)
CURVE()
GEOMETRIC_REPRESENTATION_ITEM()
RATIONAL_B_SPLINE_CURVE((1.,1.,1.,1.,1.,1.,1.,1.,1.,1.,1.,1.,1.,1.,1.))
REPRESENTATION_ITEM('')
);
#20=FACE_BOUND('',#183,.T.);
#21=FACE_BOUND('',#202,.T.);
#22=FACE_BOUND('',#210,.T.);
#23=FACE_BOUND('',#213,.T.);
#24=FACE_BOUND('',#249,.T.);
#25=FACE_BOUND('',#262,.T.);
#26=CIRCLE('',#1547,0.5);
#27=CIRCLE('',#1548,0.5);
#28=CIRCLE('',#1551,0.5);
#29=CIRCLE('',#1552,0.5);
#30=CIRCLE('',#1553,2.125);
#31=CIRCLE('',#1554,2.125);
#32=CIRCLE('',#1555,0.5);
#33=CIRCLE('',#1556,2.125);
#34=CIRCLE('',#1557,2.125);
#35=CIRCLE('',#1558,0.5);
#36=CIRCLE('',#1559,0.5);
#37=CIRCLE('',#1560,0.5);
#38=CIRCLE('',#1561,0.5);
#39=CIRCLE('',#1563,0.5);
#40=CIRCLE('',#1565,0.5);
#41=CIRCLE('',#1566,9.8);
#42=CIRCLE('',#1567,0.5);
#43=CIRCLE('',#1568,0.5);
#44=CIRCLE('',#1569,9.8);
#45=CIRCLE('',#1572,0.5);
#46=CIRCLE('',#1575,0.5);
#47=CIRCLE('',#1578,0.5);
#48=CIRCLE('',#1581,0.5);
#49=CIRCLE('',#1584,9.8);
#50=CIRCLE('',#1586,0.5);
#51=CIRCLE('',#1589,9.8);
#52=CIRCLE('',#1591,0.5);
#53=CIRCLE('',#1594,0.5);
#54=CIRCLE('',#1595,9.8);
#55=CIRCLE('',#1596,6.5);
#56=CIRCLE('',#1601,2.925);
#57=CIRCLE('',#1602,2.925);
#58=CIRCLE('',#1605,5.35);
#59=CIRCLE('',#1606,5.35);
#60=CIRCLE('',#1609,6.5);
#61=CIRCLE('',#1618,2.125);
#62=CIRCLE('',#1619,2.125);
#63=CIRCLE('',#1621,2.125);
#64=CIRCLE('',#1622,2.125);
#65=CIRCLE('',#1647,0.5);
#66=CIRCLE('',#1648,0.5);
#67=CIRCLE('',#1651,2.);
#68=CIRCLE('',#1652,0.5);
#69=CIRCLE('',#1653,0.5);
#70=CIRCLE('',#1655,0.5);
#71=CIRCLE('',#1658,0.5);
#72=CIRCLE('',#1666,2.);
#73=CYLINDRICAL_SURFACE('',#1546,0.5);
#74=CYLINDRICAL_SURFACE('',#1562,0.5);
#75=CYLINDRICAL_SURFACE('',#1571,0.5);
#76=CYLINDRICAL_SURFACE('',#1574,0.5);
#77=CYLINDRICAL_SURFACE('',#1577,0.5);
#78=CYLINDRICAL_SURFACE('',#1580,0.5);
#79=CYLINDRICAL_SURFACE('',#1585,0.5);
#80=CYLINDRICAL_SURFACE('',#1590,0.5);
#81=CYLINDRICAL_SURFACE('',#1597,0.5);
#82=CYLINDRICAL_SURFACE('',#1599,0.5);
#83=CYLINDRICAL_SURFACE('',#1600,2.925);
#84=CYLINDRICAL_SURFACE('',#1604,5.35);
#85=CYLINDRICAL_SURFACE('',#1608,6.5);
#86=CYLINDRICAL_SURFACE('',#1611,9.8);
#87=CYLINDRICAL_SURFACE('',#1623,2.125);
#88=CYLINDRICAL_SURFACE('',#1627,2.125);
#89=CYLINDRICAL_SURFACE('',#1634,2.125);
#90=CYLINDRICAL_SURFACE('',#1638,2.125);
#91=CYLINDRICAL_SURFACE('',#1646,0.5);
#92=CYLINDRICAL_SURFACE('',#1654,0.5);
#93=CYLINDRICAL_SURFACE('',#1657,0.5);
#94=CYLINDRICAL_SURFACE('',#1665,2.);
#95=FACE_OUTER_BOUND('',#176,.T.);
#96=FACE_OUTER_BOUND('',#177,.T.);
#97=FACE_OUTER_BOUND('',#178,.T.);
#98=FACE_OUTER_BOUND('',#179,.T.);
#99=FACE_OUTER_BOUND('',#180,.T.);
#100=FACE_OUTER_BOUND('',#181,.T.);
#101=FACE_OUTER_BOUND('',#182,.T.);
#102=FACE_OUTER_BOUND('',#184,.T.);
#103=FACE_OUTER_BOUND('',#185,.T.);
#104=FACE_OUTER_BOUND('',#186,.T.);
#105=FACE_OUTER_BOUND('',#187,.T.);
#106=FACE_OUTER_BOUND('',#188,.T.);
#107=FACE_OUTER_BOUND('',#189,.T.);
#108=FACE_OUTER_BOUND('',#190,.T.);
#109=FACE_OUTER_BOUND('',#191,.T.);
#110=FACE_OUTER_BOUND('',#192,.T.);
#111=FACE_OUTER_BOUND('',#193,.T.);
#112=FACE_OUTER_BOUND('',#194,.T.);
#113=FACE_OUTER_BOUND('',#195,.T.);
#114=FACE_OUTER_BOUND('',#196,.T.);
#115=FACE_OUTER_BOUND('',#197,.T.);
#116=FACE_OUTER_BOUND('',#198,.T.);
#117=FACE_OUTER_BOUND('',#199,.T.);
#118=FACE_OUTER_BOUND('',#200,.T.);
#119=FACE_OUTER_BOUND('',#201,.T.);
#120=FACE_OUTER_BOUND('',#203,.T.);
#121=FACE_OUTER_BOUND('',#204,.T.);
#122=FACE_OUTER_BOUND('',#205,.T.);
#123=FACE_OUTER_BOUND('',#206,.T.);
#124=FACE_OUTER_BOUND('',#207,.T.);
#125=FACE_OUTER_BOUND('',#208,.T.);
#126=FACE_OUTER_BOUND('',#209,.T.);
#127=FACE_OUTER_BOUND('',#211,.T.);
#128=FACE_OUTER_BOUND('',#212,.T.);
#129=FACE_OUTER_BOUND('',#214,.T.);
#130=FACE_OUTER_BOUND('',#215,.T.);
#131=FACE_OUTER_BOUND('',#216,.T.);
#132=FACE_OUTER_BOUND('',#217,.T.);
#133=FACE_OUTER_BOUND('',#218,.T.);
#134=FACE_OUTER_BOUND('',#219,.T.);
#135=FACE_OUTER_BOUND('',#220,.T.);
#136=FACE_OUTER_BOUND('',#221,.T.);
#137=FACE_OUTER_BOUND('',#222,.T.);
#138=FACE_OUTER_BOUND('',#223,.T.);
#139=FACE_OUTER_BOUND('',#224,.T.);
#140=FACE_OUTER_BOUND('',#225,.T.);
#141=FACE_OUTER_BOUND('',#226,.T.);
#142=FACE_OUTER_BOUND('',#227,.T.);
#143=FACE_OUTER_BOUND('',#228,.T.);
#144=FACE_OUTER_BOUND('',#229,.T.);
#145=FACE_OUTER_BOUND('',#230,.T.);
#146=FACE_OUTER_BOUND('',#231,.T.);
#147=FACE_OUTER_BOUND('',#232,.T.);
#148=FACE_OUTER_BOUND('',#233,.T.);
#149=FACE_OUTER_BOUND('',#234,.T.);
#150=FACE_OUTER_BOUND('',#235,.T.);
#151=FACE_OUTER_BOUND('',#236,.T.);
#152=FACE_OUTER_BOUND('',#237,.T.);
#153=FACE_OUTER_BOUND('',#238,.T.);
#154=FACE_OUTER_BOUND('',#239,.T.);
#155=FACE_OUTER_BOUND('',#240,.T.);
#156=FACE_OUTER_BOUND('',#241,.T.);
#157=FACE_OUTER_BOUND('',#242,.T.);
#158=FACE_OUTER_BOUND('',#243,.T.);
#159=FACE_OUTER_BOUND('',#244,.T.);
#160=FACE_OUTER_BOUND('',#245,.T.);
#161=FACE_OUTER_BOUND('',#246,.T.);
#162=FACE_OUTER_BOUND('',#247,.T.);
#163=FACE_OUTER_BOUND('',#248,.T.);
#164=FACE_OUTER_BOUND('',#250,.T.);
#165=FACE_OUTER_BOUND('',#251,.T.);
#166=FACE_OUTER_BOUND('',#252,.T.);
#167=FACE_OUTER_BOUND('',#253,.T.);
#168=FACE_OUTER_BOUND('',#254,.T.);
#169=FACE_OUTER_BOUND('',#255,.T.);
#170=FACE_OUTER_BOUND('',#256,.T.);
#171=FACE_OUTER_BOUND('',#257,.T.);
#172=FACE_OUTER_BOUND('',#258,.T.);
#173=FACE_OUTER_BOUND('',#259,.T.);
#174=FACE_OUTER_BOUND('',#260,.T.);
#175=FACE_OUTER_BOUND('',#261,.T.);
#176=EDGE_LOOP('',(#956,#957,#958,#959));
#177=EDGE_LOOP('',(#960,#961,#962,#963));
#178=EDGE_LOOP('',(#964,#965,#966));
#179=EDGE_LOOP('',(#967,#968,#969));
#180=EDGE_LOOP('',(#970,#971,#972,#973));
#181=EDGE_LOOP('',(#974,#975,#976,#977,#978,#979,#980,#981));
#182=EDGE_LOOP('',(#982,#983,#984,#985,#986,#987,#988,#989,#990,#991,#992,
#993,#994,#995,#996,#997,#998,#999,#1000,#1001,#1002,#1003,#1004,#1005,
#1006,#1007,#1008,#1009,#1010,#1011,#1012,#1013));
#183=EDGE_LOOP('',(#1014,#1015,#1016,#1017,#1018,#1019,#1020,#1021,#1022,
#1023,#1024,#1025,#1026,#1027,#1028,#1029));
#184=EDGE_LOOP('',(#1030,#1031,#1032,#1033));
#185=EDGE_LOOP('',(#1034,#1035,#1036,#1037,#1038,#1039,#1040,#1041,#1042,
#1043,#1044,#1045,#1046,#1047));
#186=EDGE_LOOP('',(#1048,#1049,#1050,#1051,#1052,#1053,#1054,#1055));
#187=EDGE_LOOP('',(#1056,#1057,#1058,#1059));
#188=EDGE_LOOP('',(#1060,#1061,#1062,#1063));
#189=EDGE_LOOP('',(#1064,#1065,#1066,#1067));
#190=EDGE_LOOP('',(#1068,#1069,#1070,#1071,#1072,#1073,#1074,#1075));
#191=EDGE_LOOP('',(#1076,#1077,#1078,#1079));
#192=EDGE_LOOP('',(#1080,#1081,#1082,#1083));
#193=EDGE_LOOP('',(#1084,#1085,#1086,#1087));
#194=EDGE_LOOP('',(#1088,#1089,#1090,#1091,#1092,#1093,#1094,#1095,#1096));
#195=EDGE_LOOP('',(#1097,#1098,#1099,#1100));
#196=EDGE_LOOP('',(#1101,#1102,#1103,#1104));
#197=EDGE_LOOP('',(#1105,#1106,#1107,#1108,#1109));
#198=EDGE_LOOP('',(#1110,#1111,#1112,#1113));
#199=EDGE_LOOP('',(#1114,#1115,#1116,#1117));
#200=EDGE_LOOP('',(#1118,#1119,#1120,#1121));
#201=EDGE_LOOP('',(#1122,#1123,#1124,#1125,#1126,#1127,#1128,#1129));
#202=EDGE_LOOP('',(#1130));
#203=EDGE_LOOP('',(#1131,#1132,#1133,#1134));
#204=EDGE_LOOP('',(#1135,#1136,#1137,#1138));
#205=EDGE_LOOP('',(#1139,#1140,#1141,#1142));
#206=EDGE_LOOP('',(#1143,#1144,#1145,#1146));
#207=EDGE_LOOP('',(#1147));
#208=EDGE_LOOP('',(#1148,#1149,#1150,#1151));
#209=EDGE_LOOP('',(#1152));
#210=EDGE_LOOP('',(#1153));
#211=EDGE_LOOP('',(#1154,#1155,#1156,#1157));
#212=EDGE_LOOP('',(#1158));
#213=EDGE_LOOP('',(#1159));
#214=EDGE_LOOP('',(#1160,#1161,#1162,#1163,#1164,#1165,#1166));
#215=EDGE_LOOP('',(#1167,#1168,#1169,#1170));
#216=EDGE_LOOP('',(#1171,#1172,#1173,#1174));
#217=EDGE_LOOP('',(#1175,#1176,#1177,#1178));
#218=EDGE_LOOP('',(#1179,#1180,#1181));
#219=EDGE_LOOP('',(#1182,#1183,#1184));
#220=EDGE_LOOP('',(#1185,#1186,#1187,#1188,#1189));
#221=EDGE_LOOP('',(#1190,#1191,#1192,#1193,#1194,#1195,#1196,#1197,#1198,
#1199,#1200,#1201));
#222=EDGE_LOOP('',(#1202,#1203,#1204,#1205,#1206,#1207,#1208,#1209,#1210,
#1211,#1212,#1213));
#223=EDGE_LOOP('',(#1214,#1215,#1216,#1217));
#224=EDGE_LOOP('',(#1218,#1219,#1220,#1221));
#225=EDGE_LOOP('',(#1222,#1223,#1224,#1225));
#226=EDGE_LOOP('',(#1226,#1227,#1228,#1229));
#227=EDGE_LOOP('',(#1230,#1231,#1232,#1233));
#228=EDGE_LOOP('',(#1234,#1235,#1236,#1237));
#229=EDGE_LOOP('',(#1238,#1239,#1240,#1241));
#230=EDGE_LOOP('',(#1242,#1243,#1244,#1245));
#231=EDGE_LOOP('',(#1246,#1247,#1248,#1249));
#232=EDGE_LOOP('',(#1250,#1251,#1252,#1253));
#233=EDGE_LOOP('',(#1254,#1255,#1256,#1257));
#234=EDGE_LOOP('',(#1258,#1259,#1260,#1261));
#235=EDGE_LOOP('',(#1262,#1263,#1264,#1265));
#236=EDGE_LOOP('',(#1266,#1267,#1268,#1269));
#237=EDGE_LOOP('',(#1270,#1271,#1272,#1273));
#238=EDGE_LOOP('',(#1274,#1275,#1276,#1277));
#239=EDGE_LOOP('',(#1278,#1279,#1280,#1281));
#240=EDGE_LOOP('',(#1282,#1283,#1284,#1285));
#241=EDGE_LOOP('',(#1286,#1287,#1288,#1289));
#242=EDGE_LOOP('',(#1290,#1291,#1292,#1293));
#243=EDGE_LOOP('',(#1294,#1295,#1296,#1297));
#244=EDGE_LOOP('',(#1298,#1299,#1300,#1301));
#245=EDGE_LOOP('',(#1302,#1303,#1304,#1305,#1306,#1307,#1308,#1309));
#246=EDGE_LOOP('',(#1310,#1311,#1312,#1313));
#247=EDGE_LOOP('',(#1314,#1315,#1316,#1317));
#248=EDGE_LOOP('',(#1318,#1319,#1320,#1321,#1322,#1323,#1324,#1325,#1326));
#249=EDGE_LOOP('',(#1327,#1328,#1329,#1330));
#250=EDGE_LOOP('',(#1331,#1332,#1333,#1334));
#251=EDGE_LOOP('',(#1335,#1336,#1337,#1338));
#252=EDGE_LOOP('',(#1339,#1340,#1341,#1342));
#253=EDGE_LOOP('',(#1343,#1344,#1345,#1346));
#254=EDGE_LOOP('',(#1347,#1348,#1349,#1350));
#255=EDGE_LOOP('',(#1351,#1352,#1353,#1354));
#256=EDGE_LOOP('',(#1355,#1356,#1357,#1358));
#257=EDGE_LOOP('',(#1359,#1360,#1361,#1362));
#258=EDGE_LOOP('',(#1363,#1364,#1365,#1366));
#259=EDGE_LOOP('',(#1367,#1368,#1369,#1370));
#260=EDGE_LOOP('',(#1371,#1372,#1373,#1374));
#261=EDGE_LOOP('',(#1375,#1376,#1377,#1378,#1379,#1380,#1381,#1382,#1383));
#262=EDGE_LOOP('',(#1384,#1385,#1386,#1387));
#263=LINE('',#2096,#430);
#264=LINE('',#2098,#431);
#265=LINE('',#2100,#432);
#266=LINE('',#2101,#433);
#267=LINE('',#2105,#434);
#268=LINE('',#2107,#435);
#269=LINE('',#2109,#436);
#270=LINE('',#2110,#437);
#271=LINE('',#2113,#438);
#272=LINE('',#2114,#439);
#273=LINE('',#2117,#440);
#274=LINE('',#2118,#441);
#275=LINE('',#2124,#442);
#276=LINE('',#2127,#443);
#277=LINE('',#2130,#444);
#278=LINE('',#2132,#445);
#279=LINE('',#2134,#446);
#280=LINE('',#2136,#447);
#281=LINE('',#2138,#448);
#282=LINE('',#2140,#449);
#283=LINE('',#2141,#450);
#284=LINE('',#2145,#451);
#285=LINE('',#2147,#452);
#286=LINE('',#2149,#453);
#287=LINE('',#2151,#454);
#288=LINE('',#2155,#455);
#289=LINE('',#2158,#456);
#290=LINE('',#2160,#457);
#291=LINE('',#2162,#458);
#292=LINE('',#2166,#459);
#293=LINE('',#2168,#460);
#294=LINE('',#2170,#461);
#295=LINE('',#2174,#462);
#296=LINE('',#2176,#463);
#297=LINE('',#2177,#464);
#298=LINE('',#2179,#465);
#299=LINE('',#2183,#466);
#300=LINE('',#2185,#467);
#301=LINE('',#2187,#468);
#302=LINE('',#2189,#469);
#303=LINE('',#2193,#470);
#304=LINE('',#2195,#471);
#305=LINE('',#2197,#472);
#306=LINE('',#2200,#473);
#307=LINE('',#2204,#474);
#308=LINE('',#2208,#475);
#309=LINE('',#2209,#476);
#310=LINE('',#2211,#477);
#311=LINE('',#2215,#478);
#312=LINE('',#2219,#479);
#313=LINE('',#2220,#480);
#314=LINE('',#2225,#481);
#315=LINE('',#2226,#482);
#316=LINE('',#2229,#483);
#317=LINE('',#2233,#484);
#318=LINE('',#2237,#485);
#319=LINE('',#2241,#486);
#320=LINE('',#2259,#487);
#321=LINE('',#2263,#488);
#322=LINE('',#2266,#489);
#323=LINE('',#2268,#490);
#324=LINE('',#2269,#491);
#325=LINE('',#2272,#492);
#326=LINE('',#2276,#493);
#327=LINE('',#2277,#494);
#328=LINE('',#2280,#495);
#329=LINE('',#2284,#496);
#330=LINE('',#2286,#497);
#331=LINE('',#2287,#498);
#332=LINE('',#2289,#499);
#333=LINE('',#2290,#500);
#334=LINE('',#2293,#501);
#335=LINE('',#2296,#502);
#336=LINE('',#2301,#503);
#337=LINE('',#2302,#504);
#338=LINE('',#2305,#505);
#339=LINE('',#2307,#506);
#340=LINE('',#2308,#507);
#341=LINE('',#2309,#508);
#342=LINE('',#2311,#509);
#343=LINE('',#2316,#510);
#344=LINE('',#2318,#511);
#345=LINE('',#2319,#512);
#346=LINE('',#2326,#513);
#347=LINE('',#2327,#514);
#348=LINE('',#2330,#515);
#349=LINE('',#2331,#516);
#350=LINE('',#2334,#517);
#351=LINE('',#2352,#518);
#352=LINE('',#2356,#519);
#353=LINE('',#2361,#520);
#354=LINE('',#2362,#521);
#355=LINE('',#2364,#522);
#356=LINE('',#2370,#523);
#357=LINE('',#2377,#524);
#358=LINE('',#2383,#525);
#359=LINE('',#2387,#526);
#360=LINE('',#2418,#527);
#361=LINE('',#2425,#528);
#362=LINE('',#2427,#529);
#363=LINE('',#2429,#530);
#364=LINE('',#2433,#531);
#365=LINE('',#2435,#532);
#366=LINE('',#2437,#533);
#367=LINE('',#2441,#534);
#368=LINE('',#2443,#535);
#369=LINE('',#2444,#536);
#370=LINE('',#2447,#537);
#371=LINE('',#2449,#538);
#372=LINE('',#2451,#539);
#373=LINE('',#2455,#540);
#374=LINE('',#2457,#541);
#375=LINE('',#2459,#542);
#376=LINE('',#2463,#543);
#377=LINE('',#2465,#544);
#378=LINE('',#2466,#545);
#379=LINE('',#2468,#546);
#380=LINE('',#2469,#547);
#381=LINE('',#2471,#548);
#382=LINE('',#2473,#549);
#383=LINE('',#2475,#550);
#384=LINE('',#2477,#551);
#385=LINE('',#2479,#552);
#386=LINE('',#2481,#553);
#387=LINE('',#2484,#554);
#388=LINE('',#2486,#555);
#389=LINE('',#2488,#556);
#390=LINE('',#2490,#557);
#391=LINE('',#2492,#558);
#392=LINE('',#2494,#559);
#393=LINE('',#2496,#560);
#394=LINE('',#2498,#561);
#395=LINE('',#2500,#562);
#396=LINE('',#2502,#563);
#397=LINE('',#2505,#564);
#398=LINE('',#2507,#565);
#399=LINE('',#2515,#566);
#400=LINE('',#2518,#567);
#401=LINE('',#2521,#568);
#402=LINE('',#2523,#569);
#403=LINE('',#2524,#570);
#404=LINE('',#2527,#571);
#405=LINE('',#2531,#572);
#406=LINE('',#2535,#573);
#407=LINE('',#2538,#574);
#408=LINE('',#2541,#575);
#409=LINE('',#2543,#576);
#410=LINE('',#2545,#577);
#411=LINE('',#2546,#578);
#412=LINE('',#2549,#579);
#413=LINE('',#2552,#580);
#414=LINE('',#2555,#581);
#415=LINE('',#2556,#582);
#416=LINE('',#2559,#583);
#417=LINE('',#2562,#584);
#418=LINE('',#2564,#585);
#419=LINE('',#2568,#586);
#420=LINE('',#2569,#587);
#421=LINE('',#2570,#588);
#422=LINE('',#2573,#589);
#423=LINE('',#2574,#590);
#424=LINE('',#2577,#591);
#425=LINE('',#2578,#592);
#426=LINE('',#2580,#593);
#427=LINE('',#2582,#594);
#428=LINE('',#2586,#595);
#429=LINE('',#2588,#596);
#430=VECTOR('',#1673,10.);
#431=VECTOR('',#1674,10.);
#432=VECTOR('',#1675,10.);
#433=VECTOR('',#1676,10.);
#434=VECTOR('',#1679,10.);
#435=VECTOR('',#1680,10.);
#436=VECTOR('',#1681,10.);
#437=VECTOR('',#1682,10.);
#438=VECTOR('',#1685,10.);
#439=VECTOR('',#1686,10.);
#440=VECTOR('',#1689,10.);
#441=VECTOR('',#1690,10.);
#442=VECTOR('',#1695,10.);
#443=VECTOR('',#1698,10.);
#444=VECTOR('',#1701,10.);
#445=VECTOR('',#1702,10.);
#446=VECTOR('',#1703,10.);
#447=VECTOR('',#1704,10.);
#448=VECTOR('',#1705,10.);
#449=VECTOR('',#1706,10.);
#450=VECTOR('',#1707,10.);
#451=VECTOR('',#1710,10.);
#452=VECTOR('',#1711,10.);
#453=VECTOR('',#1712,10.);
#454=VECTOR('',#1713,10.);
#455=VECTOR('',#1716,10.);
#456=VECTOR('',#1719,10.);
#457=VECTOR('',#1720,10.);
#458=VECTOR('',#1721,10.);
#459=VECTOR('',#1724,10.);
#460=VECTOR('',#1725,10.);
#461=VECTOR('',#1726,10.);
#462=VECTOR('',#1729,10.);
#463=VECTOR('',#1730,10.);
#464=VECTOR('',#1731,10.);
#465=VECTOR('',#1732,10.);
#466=VECTOR('',#1735,10.);
#467=VECTOR('',#1736,10.);
#468=VECTOR('',#1737,10.);
#469=VECTOR('',#1738,10.);
#470=VECTOR('',#1741,10.);
#471=VECTOR('',#1742,10.);
#472=VECTOR('',#1743,10.);
#473=VECTOR('',#1746,10.);
#474=VECTOR('',#1749,10.);
#475=VECTOR('',#1752,10.);
#476=VECTOR('',#1753,10.);
#477=VECTOR('',#1754,10.);
#478=VECTOR('',#1757,10.);
#479=VECTOR('',#1760,10.);
#480=VECTOR('',#1761,10.);
#481=VECTOR('',#1766,10.);
#482=VECTOR('',#1767,10.);
#483=VECTOR('',#1770,10.);
#484=VECTOR('',#1773,10.);
#485=VECTOR('',#1776,10.);
#486=VECTOR('',#1779,10.);
#487=VECTOR('',#1780,10.);
#488=VECTOR('',#1783,10.);
#489=VECTOR('',#1786,10.);
#490=VECTOR('',#1789,10.);
#491=VECTOR('',#1790,10.);
#492=VECTOR('',#1793,10.);
#493=VECTOR('',#1798,10.);
#494=VECTOR('',#1799,10.);
#495=VECTOR('',#1802,10.);
#496=VECTOR('',#1807,10.);
#497=VECTOR('',#1808,10.);
#498=VECTOR('',#1809,10.);
#499=VECTOR('',#1810,10.);
#500=VECTOR('',#1811,10.);
#501=VECTOR('',#1814,10.);
#502=VECTOR('',#1819,10.);
#503=VECTOR('',#1824,10.);
#504=VECTOR('',#1825,10.);
#505=VECTOR('',#1828,10.);
#506=VECTOR('',#1829,10.);
#507=VECTOR('',#1830,10.);
#508=VECTOR('',#1831,10.);
#509=VECTOR('',#1834,10.);
#510=VECTOR('',#1841,10.);
#511=VECTOR('',#1844,10.);
#512=VECTOR('',#1845,10.);
#513=VECTOR('',#1854,10.);
#514=VECTOR('',#1855,10.);
#515=VECTOR('',#1858,10.);
#516=VECTOR('',#1859,10.);
#517=VECTOR('',#1862,10.);
#518=VECTOR('',#1863,10.);
#519=VECTOR('',#1866,10.);
#520=VECTOR('',#1873,10.);
#521=VECTOR('',#1874,10.);
#522=VECTOR('',#1877,10.);
#523=VECTOR('',#1884,2.925);
#524=VECTOR('',#1893,5.35);
#525=VECTOR('',#1902,6.5);
#526=VECTOR('',#1909,10.);
#527=VECTOR('',#1910,10.);
#528=VECTOR('',#1921,10.);
#529=VECTOR('',#1922,10.);
#530=VECTOR('',#1923,10.);
#531=VECTOR('',#1926,10.);
#532=VECTOR('',#1927,10.);
#533=VECTOR('',#1928,10.);
#534=VECTOR('',#1931,10.);
#535=VECTOR('',#1932,10.);
#536=VECTOR('',#1933,10.);
#537=VECTOR('',#1936,10.);
#538=VECTOR('',#1937,10.);
#539=VECTOR('',#1938,10.);
#540=VECTOR('',#1941,10.);
#541=VECTOR('',#1942,10.);
#542=VECTOR('',#1943,10.);
#543=VECTOR('',#1946,10.);
#544=VECTOR('',#1947,10.);
#545=VECTOR('',#1948,10.);
#546=VECTOR('',#1951,10.);
#547=VECTOR('',#1952,10.);
#548=VECTOR('',#1955,10.);
#549=VECTOR('',#1958,10.);
#550=VECTOR('',#1961,10.);
#551=VECTOR('',#1964,10.);
#552=VECTOR('',#1967,10.);
#553=VECTOR('',#1970,10.);
#554=VECTOR('',#1975,10.);
#555=VECTOR('',#1978,10.);
#556=VECTOR('',#1981,10.);
#557=VECTOR('',#1984,10.);
#558=VECTOR('',#1987,10.);
#559=VECTOR('',#1990,10.);
#560=VECTOR('',#1993,10.);
#561=VECTOR('',#1996,10.);
#562=VECTOR('',#1999,10.);
#563=VECTOR('',#2002,10.);
#564=VECTOR('',#2007,10.);
#565=VECTOR('',#2010,10.);
#566=VECTOR('',#2019,10.);
#567=VECTOR('',#2022,10.);
#568=VECTOR('',#2025,10.);
#569=VECTOR('',#2026,10.);
#570=VECTOR('',#2027,10.);
#571=VECTOR('',#2030,10.);
#572=VECTOR('',#2033,10.);
#573=VECTOR('',#2036,10.);
#574=VECTOR('',#2039,10.);
#575=VECTOR('',#2040,10.);
#576=VECTOR('',#2041,10.);
#577=VECTOR('',#2042,10.);
#578=VECTOR('',#2043,10.);
#579=VECTOR('',#2046,10.);
#580=VECTOR('',#2049,10.);
#581=VECTOR('',#2052,10.);
#582=VECTOR('',#2053,10.);
#583=VECTOR('',#2056,10.);
#584=VECTOR('',#2059,10.);
#585=VECTOR('',#2062,10.);
#586=VECTOR('',#2065,10.);
#587=VECTOR('',#2066,10.);
#588=VECTOR('',#2067,10.);
#589=VECTOR('',#2070,10.);
#590=VECTOR('',#2071,10.);
#591=VECTOR('',#2074,10.);
#592=VECTOR('',#2075,10.);
#593=VECTOR('',#2078,10.);
#594=VECTOR('',#2081,10.);
#595=VECTOR('',#2086,10.);
#596=VECTOR('',#2089,10.);
#597=VERTEX_POINT('',#2094);
#598=VERTEX_POINT('',#2095);
#599=VERTEX_POINT('',#2097);
#600=VERTEX_POINT('',#2099);
#601=VERTEX_POINT('',#2103);
#602=VERTEX_POINT('',#2104);
#603=VERTEX_POINT('',#2106);
#604=VERTEX_POINT('',#2108);
#605=VERTEX_POINT('',#2112);
#606=VERTEX_POINT('',#2116);
#607=VERTEX_POINT('',#2120);
#608=VERTEX_POINT('',#2121);
#609=VERTEX_POINT('',#2123);
#610=VERTEX_POINT('',#2125);
#611=VERTEX_POINT('',#2129);
#612=VERTEX_POINT('',#2131);
#613=VERTEX_POINT('',#2133);
#614=VERTEX_POINT('',#2135);
#615=VERTEX_POINT('',#2137);
#616=VERTEX_POINT('',#2139);
#617=VERTEX_POINT('',#2143);
#618=VERTEX_POINT('',#2144);
#619=VERTEX_POINT('',#2146);
#620=VERTEX_POINT('',#2148);
#621=VERTEX_POINT('',#2150);
#622=VERTEX_POINT('',#2152);
#623=VERTEX_POINT('',#2154);
#624=VERTEX_POINT('',#2157);
#625=VERTEX_POINT('',#2159);
#626=VERTEX_POINT('',#2161);
#627=VERTEX_POINT('',#2163);
#628=VERTEX_POINT('',#2165);
#629=VERTEX_POINT('',#2167);
#630=VERTEX_POINT('',#2169);
#631=VERTEX_POINT('',#2171);
#632=VERTEX_POINT('',#2173);
#633=VERTEX_POINT('',#2175);
#634=VERTEX_POINT('',#2178);
#635=VERTEX_POINT('',#2180);
#636=VERTEX_POINT('',#2182);
#637=VERTEX_POINT('',#2184);
#638=VERTEX_POINT('',#2186);
#639=VERTEX_POINT('',#2188);
#640=VERTEX_POINT('',#2190);
#641=VERTEX_POINT('',#2192);
#642=VERTEX_POINT('',#2194);
#643=VERTEX_POINT('',#2196);
#644=VERTEX_POINT('',#2199);
#645=VERTEX_POINT('',#2201);
#646=VERTEX_POINT('',#2203);
#647=VERTEX_POINT('',#2205);
#648=VERTEX_POINT('',#2207);
#649=VERTEX_POINT('',#2210);
#650=VERTEX_POINT('',#2212);
#651=VERTEX_POINT('',#2214);
#652=VERTEX_POINT('',#2216);
#653=VERTEX_POINT('',#2218);
#654=VERTEX_POINT('',#2222);
#655=VERTEX_POINT('',#2223);
#656=VERTEX_POINT('',#2228);
#657=VERTEX_POINT('',#2230);
#658=VERTEX_POINT('',#2232);
#659=VERTEX_POINT('',#2234);
#660=VERTEX_POINT('',#2236);
#661=VERTEX_POINT('',#2238);
#662=VERTEX_POINT('',#2240);
#663=VERTEX_POINT('',#2242);
#664=VERTEX_POINT('',#2258);
#665=VERTEX_POINT('',#2260);
#666=VERTEX_POINT('',#2262);
#667=VERTEX_POINT('',#2264);
#668=VERTEX_POINT('',#2271);
#669=VERTEX_POINT('',#2275);
#670=VERTEX_POINT('',#2279);
#671=VERTEX_POINT('',#2283);
#672=VERTEX_POINT('',#2285);
#673=VERTEX_POINT('',#2288);
#674=VERTEX_POINT('',#2292);
#675=VERTEX_POINT('',#2298);
#676=VERTEX_POINT('',#2299);
#677=VERTEX_POINT('',#2304);
#678=VERTEX_POINT('',#2306);
#679=VERTEX_POINT('',#2314);
#680=VERTEX_POINT('',#2323);
#681=VERTEX_POINT('',#2324);
#682=VERTEX_POINT('',#2329);
#683=VERTEX_POINT('',#2333);
#684=VERTEX_POINT('',#2335);
#685=VERTEX_POINT('',#2351);
#686=VERTEX_POINT('',#2353);
#687=VERTEX_POINT('',#2355);
#688=VERTEX_POINT('',#2358);
#689=VERTEX_POINT('',#2367);
#690=VERTEX_POINT('',#2369);
#691=VERTEX_POINT('',#2374);
#692=VERTEX_POINT('',#2376);
#693=VERTEX_POINT('',#2381);
#694=VERTEX_POINT('',#2424);
#695=VERTEX_POINT('',#2426);
#696=VERTEX_POINT('',#2428);
#697=VERTEX_POINT('',#2430);
#698=VERTEX_POINT('',#2432);
#699=VERTEX_POINT('',#2434);
#700=VERTEX_POINT('',#2436);
#701=VERTEX_POINT('',#2438);
#702=VERTEX_POINT('',#2440);
#703=VERTEX_POINT('',#2442);
#704=VERTEX_POINT('',#2446);
#705=VERTEX_POINT('',#2448);
#706=VERTEX_POINT('',#2450);
#707=VERTEX_POINT('',#2452);
#708=VERTEX_POINT('',#2454);
#709=VERTEX_POINT('',#2456);
#710=VERTEX_POINT('',#2458);
#711=VERTEX_POINT('',#2460);
#712=VERTEX_POINT('',#2462);
#713=VERTEX_POINT('',#2464);
#714=VERTEX_POINT('',#2511);
#715=VERTEX_POINT('',#2512);
#716=VERTEX_POINT('',#2514);
#717=VERTEX_POINT('',#2516);
#718=VERTEX_POINT('',#2520);
#719=VERTEX_POINT('',#2522);
#720=VERTEX_POINT('',#2526);
#721=VERTEX_POINT('',#2528);
#722=VERTEX_POINT('',#2530);
#723=VERTEX_POINT('',#2532);
#724=VERTEX_POINT('',#2534);
#725=VERTEX_POINT('',#2536);
#726=VERTEX_POINT('',#2539);
#727=VERTEX_POINT('',#2540);
#728=VERTEX_POINT('',#2542);
#729=VERTEX_POINT('',#2544);
#730=VERTEX_POINT('',#2548);
#731=VERTEX_POINT('',#2550);
#732=VERTEX_POINT('',#2554);
#733=VERTEX_POINT('',#2558);
#734=VERTEX_POINT('',#2560);
#735=VERTEX_POINT('',#2566);
#736=VERTEX_POINT('',#2567);
#737=VERTEX_POINT('',#2572);
#738=VERTEX_POINT('',#2576);
#739=VERTEX_POINT('',#2584);
#740=EDGE_CURVE('',#597,#598,#263,.T.);
#741=EDGE_CURVE('',#599,#597,#264,.T.);
#742=EDGE_CURVE('',#600,#599,#265,.T.);
#743=EDGE_CURVE('',#598,#600,#266,.T.);
#744=EDGE_CURVE('',#601,#602,#267,.T.);
#745=EDGE_CURVE('',#603,#601,#268,.T.);
#746=EDGE_CURVE('',#604,#603,#269,.T.);
#747=EDGE_CURVE('',#602,#604,#270,.T.);
#748=EDGE_CURVE('',#605,#599,#271,.T.);
#749=EDGE_CURVE('',#600,#605,#272,.T.);
#750=EDGE_CURVE('',#606,#602,#273,.T.);
#751=EDGE_CURVE('',#601,#606,#274,.T.);
#752=EDGE_CURVE('',#607,#608,#26,.T.);
#753=EDGE_CURVE('',#608,#609,#275,.T.);
#754=EDGE_CURVE('',#609,#610,#27,.T.);
#755=EDGE_CURVE('',#610,#607,#276,.T.);
#756=EDGE_CURVE('',#611,#608,#277,.T.);
#757=EDGE_CURVE('',#612,#611,#278,.T.);
#758=EDGE_CURVE('',#613,#612,#279,.T.);
#759=EDGE_CURVE('',#613,#614,#280,.T.);
#760=EDGE_CURVE('',#615,#614,#281,.T.);
#761=EDGE_CURVE('',#616,#615,#282,.T.);
#762=EDGE_CURVE('',#609,#616,#283,.T.);
#763=EDGE_CURVE('',#617,#618,#284,.T.);
#764=EDGE_CURVE('',#618,#619,#285,.T.);
#765=EDGE_CURVE('',#619,#620,#286,.T.);
#766=EDGE_CURVE('',#620,#621,#287,.T.);
#767=EDGE_CURVE('',#622,#621,#28,.T.);
#768=EDGE_CURVE('',#622,#623,#288,.T.);
#769=EDGE_CURVE('',#615,#623,#29,.T.);
#770=EDGE_CURVE('',#614,#624,#289,.T.);
#771=EDGE_CURVE('',#624,#625,#290,.T.);
#772=EDGE_CURVE('',#625,#626,#291,.T.);
#773=EDGE_CURVE('',#626,#627,#30,.T.);
#774=EDGE_CURVE('',#627,#628,#292,.T.);
#775=EDGE_CURVE('',#628,#629,#293,.T.);
#776=EDGE_CURVE('',#629,#630,#294,.T.);
#777=EDGE_CURVE('',#630,#631,#31,.T.);
#778=EDGE_CURVE('',#631,#632,#295,.T.);
#779=EDGE_CURVE('',#632,#633,#296,.T.);
#780=EDGE_CURVE('',#633,#611,#297,.T.);
#781=EDGE_CURVE('',#607,#634,#298,.T.);
#782=EDGE_CURVE('',#635,#634,#32,.T.);
#783=EDGE_CURVE('',#635,#636,#299,.T.);
#784=EDGE_CURVE('',#636,#637,#300,.T.);
#785=EDGE_CURVE('',#637,#638,#301,.T.);
#786=EDGE_CURVE('',#638,#639,#302,.T.);
#787=EDGE_CURVE('',#639,#640,#33,.T.);
#788=EDGE_CURVE('',#640,#641,#303,.T.);
#789=EDGE_CURVE('',#641,#642,#304,.T.);
#790=EDGE_CURVE('',#642,#643,#305,.T.);
#791=EDGE_CURVE('',#643,#617,#34,.T.);
#792=EDGE_CURVE('',#605,#644,#306,.T.);
#793=EDGE_CURVE('',#645,#644,#35,.F.);
#794=EDGE_CURVE('',#645,#646,#307,.T.);
#795=EDGE_CURVE('',#647,#646,#36,.F.);
#796=EDGE_CURVE('',#647,#648,#308,.T.);
#797=EDGE_CURVE('',#648,#603,#309,.T.);
#798=EDGE_CURVE('',#606,#649,#310,.T.);
#799=EDGE_CURVE('',#650,#649,#37,.F.);
#800=EDGE_CURVE('',#650,#651,#311,.T.);
#801=EDGE_CURVE('',#652,#651,#38,.F.);
#802=EDGE_CURVE('',#652,#653,#312,.T.);
#803=EDGE_CURVE('',#653,#598,#313,.T.);
#804=EDGE_CURVE('',#654,#655,#39,.T.);
#805=EDGE_CURVE('',#655,#650,#314,.T.);
#806=EDGE_CURVE('',#649,#654,#315,.T.);
#807=EDGE_CURVE('',#654,#656,#316,.T.);
#808=EDGE_CURVE('',#657,#656,#40,.T.);
#809=EDGE_CURVE('',#657,#658,#317,.T.);
#810=EDGE_CURVE('',#658,#659,#41,.T.);
#811=EDGE_CURVE('',#659,#660,#318,.T.);
#812=EDGE_CURVE('',#661,#660,#42,.F.);
#813=EDGE_CURVE('',#661,#662,#319,.T.);
#814=EDGE_CURVE('',#662,#663,#18,.T.);
#815=EDGE_CURVE('',#663,#664,#320,.T.);
#816=EDGE_CURVE('',#665,#664,#43,.F.);
#817=EDGE_CURVE('',#665,#666,#321,.T.);
#818=EDGE_CURVE('',#666,#667,#44,.T.);
#819=EDGE_CURVE('',#667,#655,#322,.T.);
#820=EDGE_CURVE('',#604,#648,#323,.T.);
#821=EDGE_CURVE('',#656,#647,#324,.T.);
#822=EDGE_CURVE('',#623,#668,#325,.T.);
#823=EDGE_CURVE('',#668,#616,#45,.T.);
#824=EDGE_CURVE('',#669,#622,#326,.T.);
#825=EDGE_CURVE('',#668,#669,#327,.T.);
#826=EDGE_CURVE('',#621,#670,#328,.T.);
#827=EDGE_CURVE('',#670,#669,#46,.T.);
#828=EDGE_CURVE('',#671,#620,#329,.T.);
#829=EDGE_CURVE('',#672,#671,#330,.T.);
#830=EDGE_CURVE('',#672,#636,#331,.T.);
#831=EDGE_CURVE('',#673,#635,#332,.T.);
#832=EDGE_CURVE('',#673,#670,#333,.T.);
#833=EDGE_CURVE('',#634,#674,#334,.T.);
#834=EDGE_CURVE('',#674,#673,#47,.T.);
#835=EDGE_CURVE('',#674,#610,#335,.T.);
#836=EDGE_CURVE('',#675,#676,#48,.T.);
#837=EDGE_CURVE('',#676,#652,#336,.T.);
#838=EDGE_CURVE('',#651,#675,#337,.T.);
#839=EDGE_CURVE('',#677,#676,#338,.T.);
#840=EDGE_CURVE('',#678,#677,#339,.T.);
#841=EDGE_CURVE('',#644,#678,#340,.T.);
#842=EDGE_CURVE('',#597,#653,#341,.T.);
#843=EDGE_CURVE('',#675,#667,#342,.T.);
#844=EDGE_CURVE('',#667,#677,#49,.T.);
#845=EDGE_CURVE('',#678,#679,#50,.T.);
#846=EDGE_CURVE('',#679,#645,#343,.T.);
#847=EDGE_CURVE('',#658,#679,#344,.T.);
#848=EDGE_CURVE('',#646,#657,#345,.T.);
#849=EDGE_CURVE('',#677,#658,#51,.T.);
#850=EDGE_CURVE('',#680,#681,#52,.T.);
#851=EDGE_CURVE('',#681,#665,#346,.T.);
#852=EDGE_CURVE('',#664,#680,#347,.T.);
#853=EDGE_CURVE('',#682,#681,#348,.T.);
#854=EDGE_CURVE('',#666,#682,#349,.T.);
#855=EDGE_CURVE('',#680,#683,#350,.T.);
#856=EDGE_CURVE('',#683,#684,#19,.T.);
#857=EDGE_CURVE('',#684,#685,#351,.T.);
#858=EDGE_CURVE('',#686,#685,#53,.T.);
#859=EDGE_CURVE('',#686,#687,#352,.T.);
#860=EDGE_CURVE('',#687,#682,#54,.T.);
#861=EDGE_CURVE('',#688,#688,#55,.T.);
#862=EDGE_CURVE('',#685,#661,#353,.T.);
#863=EDGE_CURVE('',#660,#686,#354,.T.);
#864=EDGE_CURVE('',#659,#687,#355,.T.);
#865=EDGE_CURVE('',#689,#689,#56,.T.);
#866=EDGE_CURVE('',#689,#690,#356,.T.);
#867=EDGE_CURVE('',#690,#690,#57,.T.);
#868=EDGE_CURVE('',#691,#691,#58,.T.);
#869=EDGE_CURVE('',#691,#692,#357,.T.);
#870=EDGE_CURVE('',#692,#692,#59,.T.);
#871=EDGE_CURVE('',#693,#693,#60,.T.);
#872=EDGE_CURVE('',#693,#688,#358,.T.);
#873=EDGE_CURVE('',#662,#684,#359,.T.);
#874=EDGE_CURVE('',#663,#683,#360,.T.);
#875=EDGE_CURVE('',#694,#612,#361,.T.);
#876=EDGE_CURVE('',#695,#694,#362,.T.);
#877=EDGE_CURVE('',#696,#695,#363,.T.);
#878=EDGE_CURVE('',#696,#697,#61,.T.);
#879=EDGE_CURVE('',#697,#698,#364,.T.);
#880=EDGE_CURVE('',#699,#698,#365,.T.);
#881=EDGE_CURVE('',#700,#699,#366,.T.);
#882=EDGE_CURVE('',#700,#701,#62,.T.);
#883=EDGE_CURVE('',#701,#702,#367,.T.);
#884=EDGE_CURVE('',#703,#702,#368,.T.);
#885=EDGE_CURVE('',#703,#613,#369,.T.);
#886=EDGE_CURVE('',#704,#671,#370,.T.);
#887=EDGE_CURVE('',#704,#705,#371,.T.);
#888=EDGE_CURVE('',#706,#705,#372,.T.);
#889=EDGE_CURVE('',#706,#707,#63,.T.);
#890=EDGE_CURVE('',#707,#708,#373,.T.);
#891=EDGE_CURVE('',#708,#709,#374,.T.);
#892=EDGE_CURVE('',#710,#709,#375,.T.);
#893=EDGE_CURVE('',#710,#711,#64,.T.);
#894=EDGE_CURVE('',#711,#712,#376,.T.);
#895=EDGE_CURVE('',#712,#713,#377,.T.);
#896=EDGE_CURVE('',#713,#672,#378,.T.);
#897=EDGE_CURVE('',#706,#617,#379,.T.);
#898=EDGE_CURVE('',#707,#643,#380,.T.);
#899=EDGE_CURVE('',#708,#642,#381,.T.);
#900=EDGE_CURVE('',#709,#641,#382,.T.);
#901=EDGE_CURVE('',#710,#640,#383,.T.);
#902=EDGE_CURVE('',#711,#639,#384,.T.);
#903=EDGE_CURVE('',#712,#638,#385,.T.);
#904=EDGE_CURVE('',#713,#637,#386,.T.);
#905=EDGE_CURVE('',#694,#633,#387,.T.);
#906=EDGE_CURVE('',#695,#632,#388,.T.);
#907=EDGE_CURVE('',#696,#631,#389,.T.);
#908=EDGE_CURVE('',#697,#630,#390,.T.);
#909=EDGE_CURVE('',#698,#629,#391,.T.);
#910=EDGE_CURVE('',#699,#628,#392,.T.);
#911=EDGE_CURVE('',#700,#627,#393,.T.);
#912=EDGE_CURVE('',#701,#626,#394,.T.);
#913=EDGE_CURVE('',#702,#625,#395,.T.);
#914=EDGE_CURVE('',#703,#624,#396,.T.);
#915=EDGE_CURVE('',#704,#619,#397,.T.);
#916=EDGE_CURVE('',#705,#618,#398,.T.);
#917=EDGE_CURVE('',#714,#715,#65,.T.);
#918=EDGE_CURVE('',#715,#716,#399,.T.);
#919=EDGE_CURVE('',#716,#717,#66,.T.);
#920=EDGE_CURVE('',#717,#714,#400,.T.);
#921=EDGE_CURVE('',#718,#715,#401,.T.);
#922=EDGE_CURVE('',#719,#718,#402,.T.);
#923=EDGE_CURVE('',#719,#716,#403,.T.);
#924=EDGE_CURVE('',#714,#720,#404,.T.);
#925=EDGE_CURVE('',#720,#721,#67,.T.);
#926=EDGE_CURVE('',#721,#722,#405,.T.);
#927=EDGE_CURVE('',#723,#722,#68,.T.);
#928=EDGE_CURVE('',#723,#724,#406,.T.);
#929=EDGE_CURVE('',#725,#724,#69,.T.);
#930=EDGE_CURVE('',#725,#718,#407,.T.);
#931=EDGE_CURVE('',#726,#727,#408,.T.);
#932=EDGE_CURVE('',#727,#728,#409,.T.);
#933=EDGE_CURVE('',#728,#729,#410,.T.);
#934=EDGE_CURVE('',#729,#726,#411,.T.);
#935=EDGE_CURVE('',#722,#730,#412,.T.);
#936=EDGE_CURVE('',#730,#731,#70,.T.);
#937=EDGE_CURVE('',#731,#723,#413,.T.);
#938=EDGE_CURVE('',#732,#721,#414,.T.);
#939=EDGE_CURVE('',#730,#732,#415,.T.);
#940=EDGE_CURVE('',#724,#733,#416,.T.);
#941=EDGE_CURVE('',#733,#734,#71,.T.);
#942=EDGE_CURVE('',#734,#725,#417,.T.);
#943=EDGE_CURVE('',#734,#719,#418,.T.);
#944=EDGE_CURVE('',#735,#736,#419,.T.);
#945=EDGE_CURVE('',#736,#726,#420,.T.);
#946=EDGE_CURVE('',#735,#729,#421,.T.);
#947=EDGE_CURVE('',#737,#735,#422,.T.);
#948=EDGE_CURVE('',#737,#728,#423,.T.);
#949=EDGE_CURVE('',#738,#737,#424,.T.);
#950=EDGE_CURVE('',#738,#727,#425,.T.);
#951=EDGE_CURVE('',#736,#738,#426,.T.);
#952=EDGE_CURVE('',#733,#731,#427,.T.);
#953=EDGE_CURVE('',#739,#732,#72,.T.);
#954=EDGE_CURVE('',#739,#720,#428,.T.);
#955=EDGE_CURVE('',#739,#717,#429,.T.);
#956=ORIENTED_EDGE('',*,*,#740,.F.);
#957=ORIENTED_EDGE('',*,*,#741,.F.);
#958=ORIENTED_EDGE('',*,*,#742,.F.);
#959=ORIENTED_EDGE('',*,*,#743,.F.);
#960=ORIENTED_EDGE('',*,*,#744,.F.);
#961=ORIENTED_EDGE('',*,*,#745,.F.);
#962=ORIENTED_EDGE('',*,*,#746,.F.);
#963=ORIENTED_EDGE('',*,*,#747,.F.);
#964=ORIENTED_EDGE('',*,*,#742,.T.);
#965=ORIENTED_EDGE('',*,*,#748,.F.);
#966=ORIENTED_EDGE('',*,*,#749,.F.);
#967=ORIENTED_EDGE('',*,*,#744,.T.);
#968=ORIENTED_EDGE('',*,*,#750,.F.);
#969=ORIENTED_EDGE('',*,*,#751,.F.);
#970=ORIENTED_EDGE('',*,*,#752,.T.);
#971=ORIENTED_EDGE('',*,*,#753,.T.);
#972=ORIENTED_EDGE('',*,*,#754,.T.);
#973=ORIENTED_EDGE('',*,*,#755,.T.);
#974=ORIENTED_EDGE('',*,*,#753,.F.);
#975=ORIENTED_EDGE('',*,*,#756,.F.);
#976=ORIENTED_EDGE('',*,*,#757,.F.);
#977=ORIENTED_EDGE('',*,*,#758,.F.);
#978=ORIENTED_EDGE('',*,*,#759,.T.);
#979=ORIENTED_EDGE('',*,*,#760,.F.);
#980=ORIENTED_EDGE('',*,*,#761,.F.);
#981=ORIENTED_EDGE('',*,*,#762,.F.);
#982=ORIENTED_EDGE('',*,*,#763,.T.);
#983=ORIENTED_EDGE('',*,*,#764,.T.);
#984=ORIENTED_EDGE('',*,*,#765,.T.);
#985=ORIENTED_EDGE('',*,*,#766,.T.);
#986=ORIENTED_EDGE('',*,*,#767,.F.);
#987=ORIENTED_EDGE('',*,*,#768,.T.);
#988=ORIENTED_EDGE('',*,*,#769,.F.);
#989=ORIENTED_EDGE('',*,*,#760,.T.);
#990=ORIENTED_EDGE('',*,*,#770,.T.);
#991=ORIENTED_EDGE('',*,*,#771,.T.);
#992=ORIENTED_EDGE('',*,*,#772,.T.);
#993=ORIENTED_EDGE('',*,*,#773,.T.);
#994=ORIENTED_EDGE('',*,*,#774,.T.);
#995=ORIENTED_EDGE('',*,*,#775,.T.);
#996=ORIENTED_EDGE('',*,*,#776,.T.);
#997=ORIENTED_EDGE('',*,*,#777,.T.);
#998=ORIENTED_EDGE('',*,*,#778,.T.);
#999=ORIENTED_EDGE('',*,*,#779,.T.);
#1000=ORIENTED_EDGE('',*,*,#780,.T.);
#1001=ORIENTED_EDGE('',*,*,#756,.T.);
#1002=ORIENTED_EDGE('',*,*,#752,.F.);
#1003=ORIENTED_EDGE('',*,*,#781,.T.);
#1004=ORIENTED_EDGE('',*,*,#782,.F.);
#1005=ORIENTED_EDGE('',*,*,#783,.T.);
#1006=ORIENTED_EDGE('',*,*,#784,.T.);
#1007=ORIENTED_EDGE('',*,*,#785,.T.);
#1008=ORIENTED_EDGE('',*,*,#786,.T.);
#1009=ORIENTED_EDGE('',*,*,#787,.T.);
#1010=ORIENTED_EDGE('',*,*,#788,.T.);
#1011=ORIENTED_EDGE('',*,*,#789,.T.);
#1012=ORIENTED_EDGE('',*,*,#790,.T.);
#1013=ORIENTED_EDGE('',*,*,#791,.T.);
#1014=ORIENTED_EDGE('',*,*,#743,.T.);
#1015=ORIENTED_EDGE('',*,*,#749,.T.);
#1016=ORIENTED_EDGE('',*,*,#792,.T.);
#1017=ORIENTED_EDGE('',*,*,#793,.F.);
#1018=ORIENTED_EDGE('',*,*,#794,.T.);
#1019=ORIENTED_EDGE('',*,*,#795,.F.);
#1020=ORIENTED_EDGE('',*,*,#796,.T.);
#1021=ORIENTED_EDGE('',*,*,#797,.T.);
#1022=ORIENTED_EDGE('',*,*,#745,.T.);
#1023=ORIENTED_EDGE('',*,*,#751,.T.);
#1024=ORIENTED_EDGE('',*,*,#798,.T.);
#1025=ORIENTED_EDGE('',*,*,#799,.F.);
#1026=ORIENTED_EDGE('',*,*,#800,.T.);
#1027=ORIENTED_EDGE('',*,*,#801,.F.);
#1028=ORIENTED_EDGE('',*,*,#802,.T.);
#1029=ORIENTED_EDGE('',*,*,#803,.T.);
#1030=ORIENTED_EDGE('',*,*,#804,.T.);
#1031=ORIENTED_EDGE('',*,*,#805,.T.);
#1032=ORIENTED_EDGE('',*,*,#799,.T.);
#1033=ORIENTED_EDGE('',*,*,#806,.T.);
#1034=ORIENTED_EDGE('',*,*,#804,.F.);
#1035=ORIENTED_EDGE('',*,*,#807,.T.);
#1036=ORIENTED_EDGE('',*,*,#808,.F.);
#1037=ORIENTED_EDGE('',*,*,#809,.T.);
#1038=ORIENTED_EDGE('',*,*,#810,.T.);
#1039=ORIENTED_EDGE('',*,*,#811,.T.);
#1040=ORIENTED_EDGE('',*,*,#812,.F.);
#1041=ORIENTED_EDGE('',*,*,#813,.T.);
#1042=ORIENTED_EDGE('',*,*,#814,.T.);
#1043=ORIENTED_EDGE('',*,*,#815,.T.);
#1044=ORIENTED_EDGE('',*,*,#816,.F.);
#1045=ORIENTED_EDGE('',*,*,#817,.T.);
#1046=ORIENTED_EDGE('',*,*,#818,.T.);
#1047=ORIENTED_EDGE('',*,*,#819,.T.);
#1048=ORIENTED_EDGE('',*,*,#806,.F.);
#1049=ORIENTED_EDGE('',*,*,#798,.F.);
#1050=ORIENTED_EDGE('',*,*,#750,.T.);
#1051=ORIENTED_EDGE('',*,*,#747,.T.);
#1052=ORIENTED_EDGE('',*,*,#820,.T.);
#1053=ORIENTED_EDGE('',*,*,#796,.F.);
#1054=ORIENTED_EDGE('',*,*,#821,.F.);
#1055=ORIENTED_EDGE('',*,*,#807,.F.);
#1056=ORIENTED_EDGE('',*,*,#769,.T.);
#1057=ORIENTED_EDGE('',*,*,#822,.T.);
#1058=ORIENTED_EDGE('',*,*,#823,.T.);
#1059=ORIENTED_EDGE('',*,*,#761,.T.);
#1060=ORIENTED_EDGE('',*,*,#822,.F.);
#1061=ORIENTED_EDGE('',*,*,#768,.F.);
#1062=ORIENTED_EDGE('',*,*,#824,.F.);
#1063=ORIENTED_EDGE('',*,*,#825,.F.);
#1064=ORIENTED_EDGE('',*,*,#767,.T.);
#1065=ORIENTED_EDGE('',*,*,#826,.T.);
#1066=ORIENTED_EDGE('',*,*,#827,.T.);
#1067=ORIENTED_EDGE('',*,*,#824,.T.);
#1068=ORIENTED_EDGE('',*,*,#826,.F.);
#1069=ORIENTED_EDGE('',*,*,#766,.F.);
#1070=ORIENTED_EDGE('',*,*,#828,.F.);
#1071=ORIENTED_EDGE('',*,*,#829,.F.);
#1072=ORIENTED_EDGE('',*,*,#830,.T.);
#1073=ORIENTED_EDGE('',*,*,#783,.F.);
#1074=ORIENTED_EDGE('',*,*,#831,.F.);
#1075=ORIENTED_EDGE('',*,*,#832,.T.);
#1076=ORIENTED_EDGE('',*,*,#782,.T.);
#1077=ORIENTED_EDGE('',*,*,#833,.T.);
#1078=ORIENTED_EDGE('',*,*,#834,.T.);
#1079=ORIENTED_EDGE('',*,*,#831,.T.);
#1080=ORIENTED_EDGE('',*,*,#755,.F.);
#1081=ORIENTED_EDGE('',*,*,#835,.F.);
#1082=ORIENTED_EDGE('',*,*,#833,.F.);
#1083=ORIENTED_EDGE('',*,*,#781,.F.);
#1084=ORIENTED_EDGE('',*,*,#836,.T.);
#1085=ORIENTED_EDGE('',*,*,#837,.T.);
#1086=ORIENTED_EDGE('',*,*,#801,.T.);
#1087=ORIENTED_EDGE('',*,*,#838,.T.);
#1088=ORIENTED_EDGE('',*,*,#837,.F.);
#1089=ORIENTED_EDGE('',*,*,#839,.F.);
#1090=ORIENTED_EDGE('',*,*,#840,.F.);
#1091=ORIENTED_EDGE('',*,*,#841,.F.);
#1092=ORIENTED_EDGE('',*,*,#792,.F.);
#1093=ORIENTED_EDGE('',*,*,#748,.T.);
#1094=ORIENTED_EDGE('',*,*,#741,.T.);
#1095=ORIENTED_EDGE('',*,*,#842,.T.);
#1096=ORIENTED_EDGE('',*,*,#802,.F.);
#1097=ORIENTED_EDGE('',*,*,#836,.F.);
#1098=ORIENTED_EDGE('',*,*,#843,.T.);
#1099=ORIENTED_EDGE('',*,*,#844,.T.);
#1100=ORIENTED_EDGE('',*,*,#839,.T.);
#1101=ORIENTED_EDGE('',*,*,#845,.T.);
#1102=ORIENTED_EDGE('',*,*,#846,.T.);
#1103=ORIENTED_EDGE('',*,*,#793,.T.);
#1104=ORIENTED_EDGE('',*,*,#841,.T.);
#1105=ORIENTED_EDGE('',*,*,#846,.F.);
#1106=ORIENTED_EDGE('',*,*,#847,.F.);
#1107=ORIENTED_EDGE('',*,*,#809,.F.);
#1108=ORIENTED_EDGE('',*,*,#848,.F.);
#1109=ORIENTED_EDGE('',*,*,#794,.F.);
#1110=ORIENTED_EDGE('',*,*,#845,.F.);
#1111=ORIENTED_EDGE('',*,*,#840,.T.);
#1112=ORIENTED_EDGE('',*,*,#849,.T.);
#1113=ORIENTED_EDGE('',*,*,#847,.T.);
#1114=ORIENTED_EDGE('',*,*,#850,.T.);
#1115=ORIENTED_EDGE('',*,*,#851,.T.);
#1116=ORIENTED_EDGE('',*,*,#816,.T.);
#1117=ORIENTED_EDGE('',*,*,#852,.T.);
#1118=ORIENTED_EDGE('',*,*,#851,.F.);
#1119=ORIENTED_EDGE('',*,*,#853,.F.);
#1120=ORIENTED_EDGE('',*,*,#854,.F.);
#1121=ORIENTED_EDGE('',*,*,#817,.F.);
#1122=ORIENTED_EDGE('',*,*,#850,.F.);
#1123=ORIENTED_EDGE('',*,*,#855,.T.);
#1124=ORIENTED_EDGE('',*,*,#856,.T.);
#1125=ORIENTED_EDGE('',*,*,#857,.T.);
#1126=ORIENTED_EDGE('',*,*,#858,.F.);
#1127=ORIENTED_EDGE('',*,*,#859,.T.);
#1128=ORIENTED_EDGE('',*,*,#860,.T.);
#1129=ORIENTED_EDGE('',*,*,#853,.T.);
#1130=ORIENTED_EDGE('',*,*,#861,.T.);
#1131=ORIENTED_EDGE('',*,*,#858,.T.);
#1132=ORIENTED_EDGE('',*,*,#862,.T.);
#1133=ORIENTED_EDGE('',*,*,#812,.T.);
#1134=ORIENTED_EDGE('',*,*,#863,.T.);
#1135=ORIENTED_EDGE('',*,*,#863,.F.);
#1136=ORIENTED_EDGE('',*,*,#811,.F.);
#1137=ORIENTED_EDGE('',*,*,#864,.T.);
#1138=ORIENTED_EDGE('',*,*,#859,.F.);
#1139=ORIENTED_EDGE('',*,*,#808,.T.);
#1140=ORIENTED_EDGE('',*,*,#821,.T.);
#1141=ORIENTED_EDGE('',*,*,#795,.T.);
#1142=ORIENTED_EDGE('',*,*,#848,.T.);
#1143=ORIENTED_EDGE('',*,*,#865,.F.);
#1144=ORIENTED_EDGE('',*,*,#866,.T.);
#1145=ORIENTED_EDGE('',*,*,#867,.F.);
#1146=ORIENTED_EDGE('',*,*,#866,.F.);
#1147=ORIENTED_EDGE('',*,*,#865,.T.);
#1148=ORIENTED_EDGE('',*,*,#868,.F.);
#1149=ORIENTED_EDGE('',*,*,#869,.T.);
#1150=ORIENTED_EDGE('',*,*,#870,.F.);
#1151=ORIENTED_EDGE('',*,*,#869,.F.);
#1152=ORIENTED_EDGE('',*,*,#868,.T.);
#1153=ORIENTED_EDGE('',*,*,#867,.T.);
#1154=ORIENTED_EDGE('',*,*,#871,.F.);
#1155=ORIENTED_EDGE('',*,*,#872,.T.);
#1156=ORIENTED_EDGE('',*,*,#861,.F.);
#1157=ORIENTED_EDGE('',*,*,#872,.F.);
#1158=ORIENTED_EDGE('',*,*,#871,.T.);
#1159=ORIENTED_EDGE('',*,*,#870,.T.);
#1160=ORIENTED_EDGE('',*,*,#810,.F.);
#1161=ORIENTED_EDGE('',*,*,#849,.F.);
#1162=ORIENTED_EDGE('',*,*,#844,.F.);
#1163=ORIENTED_EDGE('',*,*,#818,.F.);
#1164=ORIENTED_EDGE('',*,*,#854,.T.);
#1165=ORIENTED_EDGE('',*,*,#860,.F.);
#1166=ORIENTED_EDGE('',*,*,#864,.F.);
#1167=ORIENTED_EDGE('',*,*,#862,.F.);
#1168=ORIENTED_EDGE('',*,*,#857,.F.);
#1169=ORIENTED_EDGE('',*,*,#873,.F.);
#1170=ORIENTED_EDGE('',*,*,#813,.F.);
#1171=ORIENTED_EDGE('',*,*,#814,.F.);
#1172=ORIENTED_EDGE('',*,*,#873,.T.);
#1173=ORIENTED_EDGE('',*,*,#856,.F.);
#1174=ORIENTED_EDGE('',*,*,#874,.F.);
#1175=ORIENTED_EDGE('',*,*,#852,.F.);
#1176=ORIENTED_EDGE('',*,*,#815,.F.);
#1177=ORIENTED_EDGE('',*,*,#874,.T.);
#1178=ORIENTED_EDGE('',*,*,#855,.F.);
#1179=ORIENTED_EDGE('',*,*,#746,.T.);
#1180=ORIENTED_EDGE('',*,*,#797,.F.);
#1181=ORIENTED_EDGE('',*,*,#820,.F.);
#1182=ORIENTED_EDGE('',*,*,#740,.T.);
#1183=ORIENTED_EDGE('',*,*,#803,.F.);
#1184=ORIENTED_EDGE('',*,*,#842,.F.);
#1185=ORIENTED_EDGE('',*,*,#805,.F.);
#1186=ORIENTED_EDGE('',*,*,#819,.F.);
#1187=ORIENTED_EDGE('',*,*,#843,.F.);
#1188=ORIENTED_EDGE('',*,*,#838,.F.);
#1189=ORIENTED_EDGE('',*,*,#800,.F.);
#1190=ORIENTED_EDGE('',*,*,#758,.T.);
#1191=ORIENTED_EDGE('',*,*,#875,.F.);
#1192=ORIENTED_EDGE('',*,*,#876,.F.);
#1193=ORIENTED_EDGE('',*,*,#877,.F.);
#1194=ORIENTED_EDGE('',*,*,#878,.T.);
#1195=ORIENTED_EDGE('',*,*,#879,.T.);
#1196=ORIENTED_EDGE('',*,*,#880,.F.);
#1197=ORIENTED_EDGE('',*,*,#881,.F.);
#1198=ORIENTED_EDGE('',*,*,#882,.T.);
#1199=ORIENTED_EDGE('',*,*,#883,.T.);
#1200=ORIENTED_EDGE('',*,*,#884,.F.);
#1201=ORIENTED_EDGE('',*,*,#885,.T.);
#1202=ORIENTED_EDGE('',*,*,#829,.T.);
#1203=ORIENTED_EDGE('',*,*,#886,.F.);
#1204=ORIENTED_EDGE('',*,*,#887,.T.);
#1205=ORIENTED_EDGE('',*,*,#888,.F.);
#1206=ORIENTED_EDGE('',*,*,#889,.T.);
#1207=ORIENTED_EDGE('',*,*,#890,.T.);
#1208=ORIENTED_EDGE('',*,*,#891,.T.);
#1209=ORIENTED_EDGE('',*,*,#892,.F.);
#1210=ORIENTED_EDGE('',*,*,#893,.T.);
#1211=ORIENTED_EDGE('',*,*,#894,.T.);
#1212=ORIENTED_EDGE('',*,*,#895,.T.);
#1213=ORIENTED_EDGE('',*,*,#896,.T.);
#1214=ORIENTED_EDGE('',*,*,#889,.F.);
#1215=ORIENTED_EDGE('',*,*,#897,.T.);
#1216=ORIENTED_EDGE('',*,*,#791,.F.);
#1217=ORIENTED_EDGE('',*,*,#898,.F.);
#1218=ORIENTED_EDGE('',*,*,#890,.F.);
#1219=ORIENTED_EDGE('',*,*,#898,.T.);
#1220=ORIENTED_EDGE('',*,*,#790,.F.);
#1221=ORIENTED_EDGE('',*,*,#899,.F.);
#1222=ORIENTED_EDGE('',*,*,#891,.F.);
#1223=ORIENTED_EDGE('',*,*,#899,.T.);
#1224=ORIENTED_EDGE('',*,*,#789,.F.);
#1225=ORIENTED_EDGE('',*,*,#900,.F.);
#1226=ORIENTED_EDGE('',*,*,#892,.T.);
#1227=ORIENTED_EDGE('',*,*,#900,.T.);
#1228=ORIENTED_EDGE('',*,*,#788,.F.);
#1229=ORIENTED_EDGE('',*,*,#901,.F.);
#1230=ORIENTED_EDGE('',*,*,#893,.F.);
#1231=ORIENTED_EDGE('',*,*,#901,.T.);
#1232=ORIENTED_EDGE('',*,*,#787,.F.);
#1233=ORIENTED_EDGE('',*,*,#902,.F.);
#1234=ORIENTED_EDGE('',*,*,#894,.F.);
#1235=ORIENTED_EDGE('',*,*,#902,.T.);
#1236=ORIENTED_EDGE('',*,*,#786,.F.);
#1237=ORIENTED_EDGE('',*,*,#903,.F.);
#1238=ORIENTED_EDGE('',*,*,#895,.F.);
#1239=ORIENTED_EDGE('',*,*,#903,.T.);
#1240=ORIENTED_EDGE('',*,*,#785,.F.);
#1241=ORIENTED_EDGE('',*,*,#904,.F.);
#1242=ORIENTED_EDGE('',*,*,#896,.F.);
#1243=ORIENTED_EDGE('',*,*,#904,.T.);
#1244=ORIENTED_EDGE('',*,*,#784,.F.);
#1245=ORIENTED_EDGE('',*,*,#830,.F.);
#1246=ORIENTED_EDGE('',*,*,#875,.T.);
#1247=ORIENTED_EDGE('',*,*,#757,.T.);
#1248=ORIENTED_EDGE('',*,*,#780,.F.);
#1249=ORIENTED_EDGE('',*,*,#905,.F.);
#1250=ORIENTED_EDGE('',*,*,#876,.T.);
#1251=ORIENTED_EDGE('',*,*,#905,.T.);
#1252=ORIENTED_EDGE('',*,*,#779,.F.);
#1253=ORIENTED_EDGE('',*,*,#906,.F.);
#1254=ORIENTED_EDGE('',*,*,#877,.T.);
#1255=ORIENTED_EDGE('',*,*,#906,.T.);
#1256=ORIENTED_EDGE('',*,*,#778,.F.);
#1257=ORIENTED_EDGE('',*,*,#907,.F.);
#1258=ORIENTED_EDGE('',*,*,#878,.F.);
#1259=ORIENTED_EDGE('',*,*,#907,.T.);
#1260=ORIENTED_EDGE('',*,*,#777,.F.);
#1261=ORIENTED_EDGE('',*,*,#908,.F.);
#1262=ORIENTED_EDGE('',*,*,#879,.F.);
#1263=ORIENTED_EDGE('',*,*,#908,.T.);
#1264=ORIENTED_EDGE('',*,*,#776,.F.);
#1265=ORIENTED_EDGE('',*,*,#909,.F.);
#1266=ORIENTED_EDGE('',*,*,#880,.T.);
#1267=ORIENTED_EDGE('',*,*,#909,.T.);
#1268=ORIENTED_EDGE('',*,*,#775,.F.);
#1269=ORIENTED_EDGE('',*,*,#910,.F.);
#1270=ORIENTED_EDGE('',*,*,#881,.T.);
#1271=ORIENTED_EDGE('',*,*,#910,.T.);
#1272=ORIENTED_EDGE('',*,*,#774,.F.);
#1273=ORIENTED_EDGE('',*,*,#911,.F.);
#1274=ORIENTED_EDGE('',*,*,#882,.F.);
#1275=ORIENTED_EDGE('',*,*,#911,.T.);
#1276=ORIENTED_EDGE('',*,*,#773,.F.);
#1277=ORIENTED_EDGE('',*,*,#912,.F.);
#1278=ORIENTED_EDGE('',*,*,#883,.F.);
#1279=ORIENTED_EDGE('',*,*,#912,.T.);
#1280=ORIENTED_EDGE('',*,*,#772,.F.);
#1281=ORIENTED_EDGE('',*,*,#913,.F.);
#1282=ORIENTED_EDGE('',*,*,#884,.T.);
#1283=ORIENTED_EDGE('',*,*,#913,.T.);
#1284=ORIENTED_EDGE('',*,*,#771,.F.);
#1285=ORIENTED_EDGE('',*,*,#914,.F.);
#1286=ORIENTED_EDGE('',*,*,#885,.F.);
#1287=ORIENTED_EDGE('',*,*,#914,.T.);
#1288=ORIENTED_EDGE('',*,*,#770,.F.);
#1289=ORIENTED_EDGE('',*,*,#759,.F.);
#1290=ORIENTED_EDGE('',*,*,#886,.T.);
#1291=ORIENTED_EDGE('',*,*,#828,.T.);
#1292=ORIENTED_EDGE('',*,*,#765,.F.);
#1293=ORIENTED_EDGE('',*,*,#915,.F.);
#1294=ORIENTED_EDGE('',*,*,#887,.F.);
#1295=ORIENTED_EDGE('',*,*,#915,.T.);
#1296=ORIENTED_EDGE('',*,*,#764,.F.);
#1297=ORIENTED_EDGE('',*,*,#916,.F.);
#1298=ORIENTED_EDGE('',*,*,#888,.T.);
#1299=ORIENTED_EDGE('',*,*,#916,.T.);
#1300=ORIENTED_EDGE('',*,*,#763,.F.);
#1301=ORIENTED_EDGE('',*,*,#897,.F.);
#1302=ORIENTED_EDGE('',*,*,#754,.F.);
#1303=ORIENTED_EDGE('',*,*,#762,.T.);
#1304=ORIENTED_EDGE('',*,*,#823,.F.);
#1305=ORIENTED_EDGE('',*,*,#825,.T.);
#1306=ORIENTED_EDGE('',*,*,#827,.F.);
#1307=ORIENTED_EDGE('',*,*,#832,.F.);
#1308=ORIENTED_EDGE('',*,*,#834,.F.);
#1309=ORIENTED_EDGE('',*,*,#835,.T.);
#1310=ORIENTED_EDGE('',*,*,#917,.T.);
#1311=ORIENTED_EDGE('',*,*,#918,.T.);
#1312=ORIENTED_EDGE('',*,*,#919,.T.);
#1313=ORIENTED_EDGE('',*,*,#920,.T.);
#1314=ORIENTED_EDGE('',*,*,#918,.F.);
#1315=ORIENTED_EDGE('',*,*,#921,.F.);
#1316=ORIENTED_EDGE('',*,*,#922,.F.);
#1317=ORIENTED_EDGE('',*,*,#923,.T.);
#1318=ORIENTED_EDGE('',*,*,#917,.F.);
#1319=ORIENTED_EDGE('',*,*,#924,.T.);
#1320=ORIENTED_EDGE('',*,*,#925,.T.);
#1321=ORIENTED_EDGE('',*,*,#926,.T.);
#1322=ORIENTED_EDGE('',*,*,#927,.F.);
#1323=ORIENTED_EDGE('',*,*,#928,.T.);
#1324=ORIENTED_EDGE('',*,*,#929,.F.);
#1325=ORIENTED_EDGE('',*,*,#930,.T.);
#1326=ORIENTED_EDGE('',*,*,#921,.T.);
#1327=ORIENTED_EDGE('',*,*,#931,.T.);
#1328=ORIENTED_EDGE('',*,*,#932,.T.);
#1329=ORIENTED_EDGE('',*,*,#933,.T.);
#1330=ORIENTED_EDGE('',*,*,#934,.T.);
#1331=ORIENTED_EDGE('',*,*,#927,.T.);
#1332=ORIENTED_EDGE('',*,*,#935,.T.);
#1333=ORIENTED_EDGE('',*,*,#936,.T.);
#1334=ORIENTED_EDGE('',*,*,#937,.T.);
#1335=ORIENTED_EDGE('',*,*,#935,.F.);
#1336=ORIENTED_EDGE('',*,*,#926,.F.);
#1337=ORIENTED_EDGE('',*,*,#938,.F.);
#1338=ORIENTED_EDGE('',*,*,#939,.F.);
#1339=ORIENTED_EDGE('',*,*,#929,.T.);
#1340=ORIENTED_EDGE('',*,*,#940,.T.);
#1341=ORIENTED_EDGE('',*,*,#941,.T.);
#1342=ORIENTED_EDGE('',*,*,#942,.T.);
#1343=ORIENTED_EDGE('',*,*,#942,.F.);
#1344=ORIENTED_EDGE('',*,*,#943,.T.);
#1345=ORIENTED_EDGE('',*,*,#922,.T.);
#1346=ORIENTED_EDGE('',*,*,#930,.F.);
#1347=ORIENTED_EDGE('',*,*,#944,.T.);
#1348=ORIENTED_EDGE('',*,*,#945,.T.);
#1349=ORIENTED_EDGE('',*,*,#934,.F.);
#1350=ORIENTED_EDGE('',*,*,#946,.F.);
#1351=ORIENTED_EDGE('',*,*,#947,.T.);
#1352=ORIENTED_EDGE('',*,*,#946,.T.);
#1353=ORIENTED_EDGE('',*,*,#933,.F.);
#1354=ORIENTED_EDGE('',*,*,#948,.F.);
#1355=ORIENTED_EDGE('',*,*,#949,.T.);
#1356=ORIENTED_EDGE('',*,*,#948,.T.);
#1357=ORIENTED_EDGE('',*,*,#932,.F.);
#1358=ORIENTED_EDGE('',*,*,#950,.F.);
#1359=ORIENTED_EDGE('',*,*,#951,.T.);
#1360=ORIENTED_EDGE('',*,*,#950,.T.);
#1361=ORIENTED_EDGE('',*,*,#931,.F.);
#1362=ORIENTED_EDGE('',*,*,#945,.F.);
#1363=ORIENTED_EDGE('',*,*,#937,.F.);
#1364=ORIENTED_EDGE('',*,*,#952,.F.);
#1365=ORIENTED_EDGE('',*,*,#940,.F.);
#1366=ORIENTED_EDGE('',*,*,#928,.F.);
#1367=ORIENTED_EDGE('',*,*,#953,.T.);
#1368=ORIENTED_EDGE('',*,*,#938,.T.);
#1369=ORIENTED_EDGE('',*,*,#925,.F.);
#1370=ORIENTED_EDGE('',*,*,#954,.F.);
#1371=ORIENTED_EDGE('',*,*,#920,.F.);
#1372=ORIENTED_EDGE('',*,*,#955,.F.);
#1373=ORIENTED_EDGE('',*,*,#954,.T.);
#1374=ORIENTED_EDGE('',*,*,#924,.F.);
#1375=ORIENTED_EDGE('',*,*,#919,.F.);
#1376=ORIENTED_EDGE('',*,*,#923,.F.);
#1377=ORIENTED_EDGE('',*,*,#943,.F.);
#1378=ORIENTED_EDGE('',*,*,#941,.F.);
#1379=ORIENTED_EDGE('',*,*,#952,.T.);
#1380=ORIENTED_EDGE('',*,*,#936,.F.);
#1381=ORIENTED_EDGE('',*,*,#939,.T.);
#1382=ORIENTED_EDGE('',*,*,#953,.F.);
#1383=ORIENTED_EDGE('',*,*,#955,.T.);
#1384=ORIENTED_EDGE('',*,*,#951,.F.);
#1385=ORIENTED_EDGE('',*,*,#944,.F.);
#1386=ORIENTED_EDGE('',*,*,#947,.F.);
#1387=ORIENTED_EDGE('',*,*,#949,.F.);
#1388=PLANE('',#1542);
#1389=PLANE('',#1543);
#1390=PLANE('',#1544);
#1391=PLANE('',#1545);
#1392=PLANE('',#1549);
#1393=PLANE('',#1550);
#1394=PLANE('',#1564);
#1395=PLANE('',#1570);
#1396=PLANE('',#1573);
#1397=PLANE('',#1576);
#1398=PLANE('',#1579);
#1399=PLANE('',#1582);
#1400=PLANE('',#1583);
#1401=PLANE('',#1587);
#1402=PLANE('',#1588);
#1403=PLANE('',#1592);
#1404=PLANE('',#1593);
#1405=PLANE('',#1598);
#1406=PLANE('',#1603);
#1407=PLANE('',#1607);
#1408=PLANE('',#1610);
#1409=PLANE('',#1612);
#1410=PLANE('',#1613);
#1411=PLANE('',#1614);
#1412=PLANE('',#1615);
#1413=PLANE('',#1616);
#1414=PLANE('',#1617);
#1415=PLANE('',#1620);
#1416=PLANE('',#1624);
#1417=PLANE('',#1625);
#1418=PLANE('',#1626);
#1419=PLANE('',#1628);
#1420=PLANE('',#1629);
#1421=PLANE('',#1630);
#1422=PLANE('',#1631);
#1423=PLANE('',#1632);
#1424=PLANE('',#1633);
#1425=PLANE('',#1635);
#1426=PLANE('',#1636);
#1427=PLANE('',#1637);
#1428=PLANE('',#1639);
#1429=PLANE('',#1640);
#1430=PLANE('',#1641);
#1431=PLANE('',#1642);
#1432=PLANE('',#1643);
#1433=PLANE('',#1644);
#1434=PLANE('',#1645);
#1435=PLANE('',#1649);
#1436=PLANE('',#1650);
#1437=PLANE('',#1656);
#1438=PLANE('',#1659);
#1439=PLANE('',#1660);
#1440=PLANE('',#1661);
#1441=PLANE('',#1662);
#1442=PLANE('',#1663);
#1443=PLANE('',#1664);
#1444=PLANE('',#1667);
#1445=PLANE('',#1668);
#1446=ADVANCED_FACE('',(#95),#1388,.F.);
#1447=ADVANCED_FACE('',(#96),#1389,.F.);
#1448=ADVANCED_FACE('',(#97),#1390,.T.);
#1449=ADVANCED_FACE('',(#98),#1391,.T.);
#1450=ADVANCED_FACE('',(#99),#73,.T.);
#1451=ADVANCED_FACE('',(#100),#1392,.T.);
#1452=ADVANCED_FACE('',(#101,#20),#1393,.T.);
#1453=ADVANCED_FACE('',(#102),#74,.T.);
#1454=ADVANCED_FACE('',(#103),#1394,.T.);
#1455=ADVANCED_FACE('',(#104),#1395,.T.);
#1456=ADVANCED_FACE('',(#105),#75,.T.);
#1457=ADVANCED_FACE('',(#106),#1396,.T.);
#1458=ADVANCED_FACE('',(#107),#76,.T.);
#1459=ADVANCED_FACE('',(#108),#1397,.T.);
#1460=ADVANCED_FACE('',(#109),#77,.T.);
#1461=ADVANCED_FACE('',(#110),#1398,.T.);
#1462=ADVANCED_FACE('',(#111),#78,.T.);
#1463=ADVANCED_FACE('',(#112),#1399,.T.);
#1464=ADVANCED_FACE('',(#113),#1400,.T.);
#1465=ADVANCED_FACE('',(#114),#79,.T.);
#1466=ADVANCED_FACE('',(#115),#1401,.T.);
#1467=ADVANCED_FACE('',(#116),#1402,.T.);
#1468=ADVANCED_FACE('',(#117),#80,.T.);
#1469=ADVANCED_FACE('',(#118),#1403,.T.);
#1470=ADVANCED_FACE('',(#119,#21),#1404,.T.);
#1471=ADVANCED_FACE('',(#120),#81,.T.);
#1472=ADVANCED_FACE('',(#121),#1405,.T.);
#1473=ADVANCED_FACE('',(#122),#82,.T.);
#1474=ADVANCED_FACE('',(#123),#83,.T.);
#1475=ADVANCED_FACE('',(#124),#1406,.T.);
#1476=ADVANCED_FACE('',(#125),#84,.T.);
#1477=ADVANCED_FACE('',(#126,#22),#1407,.T.);
#1478=ADVANCED_FACE('',(#127),#85,.T.);
#1479=ADVANCED_FACE('',(#128,#23),#1408,.T.);
#1480=ADVANCED_FACE('',(#129),#86,.T.);
#1481=ADVANCED_FACE('',(#130),#1409,.T.);
#1482=ADVANCED_FACE('',(#131),#17,.T.);
#1483=ADVANCED_FACE('',(#132),#1410,.T.);
#1484=ADVANCED_FACE('',(#133),#1411,.T.);
#1485=ADVANCED_FACE('',(#134),#1412,.T.);
#1486=ADVANCED_FACE('',(#135),#1413,.T.);
#1487=ADVANCED_FACE('',(#136),#1414,.F.);
#1488=ADVANCED_FACE('',(#137),#1415,.F.);
#1489=ADVANCED_FACE('',(#138),#87,.F.);
#1490=ADVANCED_FACE('',(#139),#1416,.T.);
#1491=ADVANCED_FACE('',(#140),#1417,.T.);
#1492=ADVANCED_FACE('',(#141),#1418,.T.);
#1493=ADVANCED_FACE('',(#142),#88,.F.);
#1494=ADVANCED_FACE('',(#143),#1419,.T.);
#1495=ADVANCED_FACE('',(#144),#1420,.T.);
#1496=ADVANCED_FACE('',(#145),#1421,.T.);
#1497=ADVANCED_FACE('',(#146),#1422,.T.);
#1498=ADVANCED_FACE('',(#147),#1423,.T.);
#1499=ADVANCED_FACE('',(#148),#1424,.T.);
#1500=ADVANCED_FACE('',(#149),#89,.F.);
#1501=ADVANCED_FACE('',(#150),#1425,.T.);
#1502=ADVANCED_FACE('',(#151),#1426,.T.);
#1503=ADVANCED_FACE('',(#152),#1427,.T.);
#1504=ADVANCED_FACE('',(#153),#90,.F.);
#1505=ADVANCED_FACE('',(#154),#1428,.T.);
#1506=ADVANCED_FACE('',(#155),#1429,.T.);
#1507=ADVANCED_FACE('',(#156),#1430,.T.);
#1508=ADVANCED_FACE('',(#157),#1431,.T.);
#1509=ADVANCED_FACE('',(#158),#1432,.T.);
#1510=ADVANCED_FACE('',(#159),#1433,.T.);
#1511=ADVANCED_FACE('',(#160),#1434,.F.);
#1512=ADVANCED_FACE('',(#161),#91,.T.);
#1513=ADVANCED_FACE('',(#162),#1435,.T.);
#1514=ADVANCED_FACE('',(#163,#24),#1436,.T.);
#1515=ADVANCED_FACE('',(#164),#92,.T.);
#1516=ADVANCED_FACE('',(#165),#1437,.T.);
#1517=ADVANCED_FACE('',(#166),#93,.T.);
#1518=ADVANCED_FACE('',(#167),#1438,.T.);
#1519=ADVANCED_FACE('',(#168),#1439,.T.);
#1520=ADVANCED_FACE('',(#169),#1440,.T.);
#1521=ADVANCED_FACE('',(#170),#1441,.T.);
#1522=ADVANCED_FACE('',(#171),#1442,.T.);
#1523=ADVANCED_FACE('',(#172),#1443,.T.);
#1524=ADVANCED_FACE('',(#173),#94,.T.);
#1525=ADVANCED_FACE('',(#174),#1444,.T.);
#1526=ADVANCED_FACE('',(#175,#25),#1445,.F.);
#1527=CLOSED_SHELL('',(#1446,#1447,#1448,#1449,#1450,#1451,#1452,#1453,
#1454,#1455,#1456,#1457,#1458,#1459,#1460,#1461,#1462,#1463,#1464,#1465,
#1466,#1467,#1468,#1469,#1470,#1471,#1472,#1473,#1474,#1475,#1476,#1477,
#1478,#1479,#1480,#1481,#1482,#1483,#1484,#1485,#1486,#1487,#1488,#1489,
#1490,#1491,#1492,#1493,#1494,#1495,#1496,#1497,#1498,#1499,#1500,#1501,
#1502,#1503,#1504,#1505,#1506,#1507,#1508,#1509,#1510,#1511));
#1528=CLOSED_SHELL('',(#1512,#1513,#1514,#1515,#1516,#1517,#1518,#1519,
#1520,#1521,#1522,#1523,#1524,#1525,#1526));
#1529=DERIVED_UNIT_ELEMENT(#1531,1.);
#1530=DERIVED_UNIT_ELEMENT(#2595,-3.);
#1531=(
MASS_UNIT()
NAMED_UNIT(*)
SI_UNIT(.KILO.,.GRAM.)
);
#1532=DERIVED_UNIT((#1529,#1530));
#1533=MEASURE_REPRESENTATION_ITEM('density measure',
POSITIVE_RATIO_MEASURE(7850.),#1532);
#1534=PROPERTY_DEFINITION_REPRESENTATION(#1539,#1536);
#1535=PROPERTY_DEFINITION_REPRESENTATION(#1540,#1537);
#1536=REPRESENTATION('material name',(#1538),#2592);
#1537=REPRESENTATION('density',(#1533),#2592);
#1538=DESCRIPTIVE_REPRESENTATION_ITEM('\X2\92FC\X0\','\X2\92FC\X0\');
#1539=PROPERTY_DEFINITION('material property','material name',#2602);
#1540=PROPERTY_DEFINITION('material property','density of part',#2602);
#1541=AXIS2_PLACEMENT_3D('',#2092,#1669,#1670);
#1542=AXIS2_PLACEMENT_3D('',#2093,#1671,#1672);
#1543=AXIS2_PLACEMENT_3D('',#2102,#1677,#1678);
#1544=AXIS2_PLACEMENT_3D('',#2111,#1683,#1684);
#1545=AXIS2_PLACEMENT_3D('',#2115,#1687,#1688);
#1546=AXIS2_PLACEMENT_3D('',#2119,#1691,#1692);
#1547=AXIS2_PLACEMENT_3D('',#2122,#1693,#1694);
#1548=AXIS2_PLACEMENT_3D('',#2126,#1696,#1697);
#1549=AXIS2_PLACEMENT_3D('',#2128,#1699,#1700);
#1550=AXIS2_PLACEMENT_3D('',#2142,#1708,#1709);
#1551=AXIS2_PLACEMENT_3D('',#2153,#1714,#1715);
#1552=AXIS2_PLACEMENT_3D('',#2156,#1717,#1718);
#1553=AXIS2_PLACEMENT_3D('',#2164,#1722,#1723);
#1554=AXIS2_PLACEMENT_3D('',#2172,#1727,#1728);
#1555=AXIS2_PLACEMENT_3D('',#2181,#1733,#1734);
#1556=AXIS2_PLACEMENT_3D('',#2191,#1739,#1740);
#1557=AXIS2_PLACEMENT_3D('',#2198,#1744,#1745);
#1558=AXIS2_PLACEMENT_3D('',#2202,#1747,#1748);
#1559=AXIS2_PLACEMENT_3D('',#2206,#1750,#1751);
#1560=AXIS2_PLACEMENT_3D('',#2213,#1755,#1756);
#1561=AXIS2_PLACEMENT_3D('',#2217,#1758,#1759);
#1562=AXIS2_PLACEMENT_3D('',#2221,#1762,#1763);
#1563=AXIS2_PLACEMENT_3D('',#2224,#1764,#1765);
#1564=AXIS2_PLACEMENT_3D('',#2227,#1768,#1769);
#1565=AXIS2_PLACEMENT_3D('',#2231,#1771,#1772);
#1566=AXIS2_PLACEMENT_3D('',#2235,#1774,#1775);
#1567=AXIS2_PLACEMENT_3D('',#2239,#1777,#1778);
#1568=AXIS2_PLACEMENT_3D('',#2261,#1781,#1782);
#1569=AXIS2_PLACEMENT_3D('',#2265,#1784,#1785);
#1570=AXIS2_PLACEMENT_3D('',#2267,#1787,#1788);
#1571=AXIS2_PLACEMENT_3D('',#2270,#1791,#1792);
#1572=AXIS2_PLACEMENT_3D('',#2273,#1794,#1795);
#1573=AXIS2_PLACEMENT_3D('',#2274,#1796,#1797);
#1574=AXIS2_PLACEMENT_3D('',#2278,#1800,#1801);
#1575=AXIS2_PLACEMENT_3D('',#2281,#1803,#1804);
#1576=AXIS2_PLACEMENT_3D('',#2282,#1805,#1806);
#1577=AXIS2_PLACEMENT_3D('',#2291,#1812,#1813);
#1578=AXIS2_PLACEMENT_3D('',#2294,#1815,#1816);
#1579=AXIS2_PLACEMENT_3D('',#2295,#1817,#1818);
#1580=AXIS2_PLACEMENT_3D('',#2297,#1820,#1821);
#1581=AXIS2_PLACEMENT_3D('',#2300,#1822,#1823);
#1582=AXIS2_PLACEMENT_3D('',#2303,#1826,#1827);
#1583=AXIS2_PLACEMENT_3D('',#2310,#1832,#1833);
#1584=AXIS2_PLACEMENT_3D('',#2312,#1835,#1836);
#1585=AXIS2_PLACEMENT_3D('',#2313,#1837,#1838);
#1586=AXIS2_PLACEMENT_3D('',#2315,#1839,#1840);
#1587=AXIS2_PLACEMENT_3D('',#2317,#1842,#1843);
#1588=AXIS2_PLACEMENT_3D('',#2320,#1846,#1847);
#1589=AXIS2_PLACEMENT_3D('',#2321,#1848,#1849);
#1590=AXIS2_PLACEMENT_3D('',#2322,#1850,#1851);
#1591=AXIS2_PLACEMENT_3D('',#2325,#1852,#1853);
#1592=AXIS2_PLACEMENT_3D('',#2328,#1856,#1857);
#1593=AXIS2_PLACEMENT_3D('',#2332,#1860,#1861);
#1594=AXIS2_PLACEMENT_3D('',#2354,#1864,#1865);
#1595=AXIS2_PLACEMENT_3D('',#2357,#1867,#1868);
#1596=AXIS2_PLACEMENT_3D('',#2359,#1869,#1870);
#1597=AXIS2_PLACEMENT_3D('',#2360,#1871,#1872);
#1598=AXIS2_PLACEMENT_3D('',#2363,#1875,#1876);
#1599=AXIS2_PLACEMENT_3D('',#2365,#1878,#1879);
#1600=AXIS2_PLACEMENT_3D('',#2366,#1880,#1881);
#1601=AXIS2_PLACEMENT_3D('',#2368,#1882,#1883);
#1602=AXIS2_PLACEMENT_3D('',#2371,#1885,#1886);
#1603=AXIS2_PLACEMENT_3D('',#2372,#1887,#1888);
#1604=AXIS2_PLACEMENT_3D('',#2373,#1889,#1890);
#1605=AXIS2_PLACEMENT_3D('',#2375,#1891,#1892);
#1606=AXIS2_PLACEMENT_3D('',#2378,#1894,#1895);
#1607=AXIS2_PLACEMENT_3D('',#2379,#1896,#1897);
#1608=AXIS2_PLACEMENT_3D('',#2380,#1898,#1899);
#1609=AXIS2_PLACEMENT_3D('',#2382,#1900,#1901);
#1610=AXIS2_PLACEMENT_3D('',#2384,#1903,#1904);
#1611=AXIS2_PLACEMENT_3D('',#2385,#1905,#1906);
#1612=AXIS2_PLACEMENT_3D('',#2386,#1907,#1908);
#1613=AXIS2_PLACEMENT_3D('',#2419,#1911,#1912);
#1614=AXIS2_PLACEMENT_3D('',#2420,#1913,#1914);
#1615=AXIS2_PLACEMENT_3D('',#2421,#1915,#1916);
#1616=AXIS2_PLACEMENT_3D('',#2422,#1917,#1918);
#1617=AXIS2_PLACEMENT_3D('',#2423,#1919,#1920);
#1618=AXIS2_PLACEMENT_3D('',#2431,#1924,#1925);
#1619=AXIS2_PLACEMENT_3D('',#2439,#1929,#1930);
#1620=AXIS2_PLACEMENT_3D('',#2445,#1934,#1935);
#1621=AXIS2_PLACEMENT_3D('',#2453,#1939,#1940);
#1622=AXIS2_PLACEMENT_3D('',#2461,#1944,#1945);
#1623=AXIS2_PLACEMENT_3D('',#2467,#1949,#1950);
#1624=AXIS2_PLACEMENT_3D('',#2470,#1953,#1954);
#1625=AXIS2_PLACEMENT_3D('',#2472,#1956,#1957);
#1626=AXIS2_PLACEMENT_3D('',#2474,#1959,#1960);
#1627=AXIS2_PLACEMENT_3D('',#2476,#1962,#1963);
#1628=AXIS2_PLACEMENT_3D('',#2478,#1965,#1966);
#1629=AXIS2_PLACEMENT_3D('',#2480,#1968,#1969);
#1630=AXIS2_PLACEMENT_3D('',#2482,#1971,#1972);
#1631=AXIS2_PLACEMENT_3D('',#2483,#1973,#1974);
#1632=AXIS2_PLACEMENT_3D('',#2485,#1976,#1977);
#1633=AXIS2_PLACEMENT_3D('',#2487,#1979,#1980);
#1634=AXIS2_PLACEMENT_3D('',#2489,#1982,#1983);
#1635=AXIS2_PLACEMENT_3D('',#2491,#1985,#1986);
#1636=AXIS2_PLACEMENT_3D('',#2493,#1988,#1989);
#1637=AXIS2_PLACEMENT_3D('',#2495,#1991,#1992);
#1638=AXIS2_PLACEMENT_3D('',#2497,#1994,#1995);
#1639=AXIS2_PLACEMENT_3D('',#2499,#1997,#1998);
#1640=AXIS2_PLACEMENT_3D('',#2501,#2000,#2001);
#1641=AXIS2_PLACEMENT_3D('',#2503,#2003,#2004);
#1642=AXIS2_PLACEMENT_3D('',#2504,#2005,#2006);
#1643=AXIS2_PLACEMENT_3D('',#2506,#2008,#2009);
#1644=AXIS2_PLACEMENT_3D('',#2508,#2011,#2012);
#1645=AXIS2_PLACEMENT_3D('',#2509,#2013,#2014);
#1646=AXIS2_PLACEMENT_3D('',#2510,#2015,#2016);
#1647=AXIS2_PLACEMENT_3D('',#2513,#2017,#2018);
#1648=AXIS2_PLACEMENT_3D('',#2517,#2020,#2021);
#1649=AXIS2_PLACEMENT_3D('',#2519,#2023,#2024);
#1650=AXIS2_PLACEMENT_3D('',#2525,#2028,#2029);
#1651=AXIS2_PLACEMENT_3D('',#2529,#2031,#2032);
#1652=AXIS2_PLACEMENT_3D('',#2533,#2034,#2035);
#1653=AXIS2_PLACEMENT_3D('',#2537,#2037,#2038);
#1654=AXIS2_PLACEMENT_3D('',#2547,#2044,#2045);
#1655=AXIS2_PLACEMENT_3D('',#2551,#2047,#2048);
#1656=AXIS2_PLACEMENT_3D('',#2553,#2050,#2051);
#1657=AXIS2_PLACEMENT_3D('',#2557,#2054,#2055);
#1658=AXIS2_PLACEMENT_3D('',#2561,#2057,#2058);
#1659=AXIS2_PLACEMENT_3D('',#2563,#2060,#2061);
#1660=AXIS2_PLACEMENT_3D('',#2565,#2063,#2064);
#1661=AXIS2_PLACEMENT_3D('',#2571,#2068,#2069);
#1662=AXIS2_PLACEMENT_3D('',#2575,#2072,#2073);
#1663=AXIS2_PLACEMENT_3D('',#2579,#2076,#2077);
#1664=AXIS2_PLACEMENT_3D('',#2581,#2079,#2080);
#1665=AXIS2_PLACEMENT_3D('',#2583,#2082,#2083);
#1666=AXIS2_PLACEMENT_3D('',#2585,#2084,#2085);
#1667=AXIS2_PLACEMENT_3D('',#2587,#2087,#2088);
#1668=AXIS2_PLACEMENT_3D('',#2589,#2090,#2091);
#1669=DIRECTION('axis',(0.,0.,1.));
#1670=DIRECTION('refdir',(1.,0.,0.));
#1671=DIRECTION('center_axis',(-0.128424087483089,-0.99171934223052,0.));
#1672=DIRECTION('ref_axis',(-0.99171934223052,0.128424087483089,0.));
#1673=DIRECTION('',(0.99171934223052,-0.128424087483089,0.));
#1674=DIRECTION('',(0.,0.,-1.));
#1675=DIRECTION('',(-0.99171934223052,0.128424087483089,0.));
#1676=DIRECTION('',(0.,0.,1.));
#1677=DIRECTION('center_axis',(0.128424087483089,-0.99171934223052,0.));
#1678=DIRECTION('ref_axis',(-0.99171934223052,-0.128424087483089,0.));
#1679=DIRECTION('',(0.99171934223052,0.128424087483089,-3.10149196538152E-16));
#1680=DIRECTION('',(0.,0.,-1.));
#1681=DIRECTION('',(-0.99171934223052,-0.128424087483089,0.));
#1682=DIRECTION('',(-1.17961196366423E-16,0.,1.));
#1683=DIRECTION('center_axis',(0.,0.,1.));
#1684=DIRECTION('ref_axis',(1.,0.,0.));
#1685=DIRECTION('',(0.,1.,0.));
#1686=DIRECTION('',(-1.,0.,0.));
#1687=DIRECTION('center_axis',(-3.127388801761E-16,0.,-1.));
#1688=DIRECTION('ref_axis',(-1.,0.,3.127388801761E-16));
#1689=DIRECTION('',(0.,1.,0.));
#1690=DIRECTION('',(1.,0.,-3.127388801761E-16));
#1691=DIRECTION('center_axis',(0.,1.,0.));
#1692=DIRECTION('ref_axis',(-0.707106781186546,0.,0.707106781186549));
#1693=DIRECTION('center_axis',(0.,-1.,0.));
#1694=DIRECTION('ref_axis',(-0.707106781186546,0.,0.707106781186549));
#1695=DIRECTION('',(0.,-1.,0.));
#1696=DIRECTION('center_axis',(0.,1.,0.));
#1697=DIRECTION('ref_axis',(-0.707106781186546,0.,0.707106781186549));
#1698=DIRECTION('',(0.,1.,0.));
#1699=DIRECTION('center_axis',(-1.,0.,0.));
#1700=DIRECTION('ref_axis',(0.,0.,1.));
#1701=DIRECTION('',(0.,0.,1.));
#1702=DIRECTION('',(0.,1.,0.));
#1703=DIRECTION('',(0.,0.,1.));
#1704=DIRECTION('',(0.,1.,0.));
#1705=DIRECTION('',(0.,0.,1.));
#1706=DIRECTION('',(0.,1.,0.));
#1707=DIRECTION('',(0.,0.,-1.));
#1708=DIRECTION('center_axis',(0.,1.,0.));
#1709=DIRECTION('ref_axis',(1.,0.,0.));
#1710=DIRECTION('',(1.,0.,0.));
#1711=DIRECTION('',(0.,0.,-1.));
#1712=DIRECTION('',(-1.,0.,-7.81847200440251E-17));
#1713=DIRECTION('',(0.,0.,-1.));
#1714=DIRECTION('center_axis',(0.,-1.,0.));
#1715=DIRECTION('ref_axis',(0.707106781186546,0.,-0.707106781186549));
#1716=DIRECTION('',(-1.,0.,0.));
#1717=DIRECTION('center_axis',(0.,-1.,0.));
#1718=DIRECTION('ref_axis',(-0.707106781186548,0.,-0.707106781186547));
#1719=DIRECTION('',(-1.,0.,7.81847200440251E-17));
#1720=DIRECTION('',(0.,0.,1.));
#1721=DIRECTION('',(1.,0.,0.));
#1722=DIRECTION('center_axis',(0.,-1.,0.));
#1723=DIRECTION('ref_axis',(1.,0.,0.));
#1724=DIRECTION('',(-1.,0.,0.));
#1725=DIRECTION('',(0.,0.,1.));
#1726=DIRECTION('',(1.,0.,0.));
#1727=DIRECTION('center_axis',(0.,-1.,0.));
#1728=DIRECTION('ref_axis',(1.,0.,0.));
#1729=DIRECTION('',(-1.,0.,0.));
#1730=DIRECTION('',(0.,0.,1.));
#1731=DIRECTION('',(1.,0.,0.));
#1732=DIRECTION('',(1.,0.,0.));
#1733=DIRECTION('center_axis',(0.,-1.,0.));
#1734=DIRECTION('ref_axis',(0.707106781186548,0.,0.707106781186548));
#1735=DIRECTION('',(0.,0.,-1.));
#1736=DIRECTION('',(1.,0.,0.));
#1737=DIRECTION('',(0.,0.,-1.));
#1738=DIRECTION('',(-1.,0.,0.));
#1739=DIRECTION('center_axis',(0.,-1.,0.));
#1740=DIRECTION('ref_axis',(1.,0.,0.));
#1741=DIRECTION('',(1.,0.,0.));
#1742=DIRECTION('',(0.,0.,-1.));
#1743=DIRECTION('',(-1.,0.,0.));
#1744=DIRECTION('center_axis',(0.,-1.,0.));
#1745=DIRECTION('ref_axis',(1.,0.,0.));
#1746=DIRECTION('',(0.,0.,1.));
#1747=DIRECTION('center_axis',(0.,-1.,0.));
#1748=DIRECTION('ref_axis',(0.707106781186548,0.,0.707106781186548));
#1749=DIRECTION('',(-1.,0.,0.));
#1750=DIRECTION('center_axis',(0.,-1.,0.));
#1751=DIRECTION('ref_axis',(-0.707106781186549,0.,0.707106781186546));
#1752=DIRECTION('',(1.17961196366423E-16,0.,-1.));
#1753=DIRECTION('',(-1.,0.,0.));
#1754=DIRECTION('',(1.17961196366423E-16,0.,-1.));
#1755=DIRECTION('center_axis',(0.,-1.,0.));
#1756=DIRECTION('ref_axis',(-0.707106781186547,0.,-0.707106781186548));
#1757=DIRECTION('',(1.,0.,1.2116912721647E-16));
#1758=DIRECTION('center_axis',(0.,-1.,0.));
#1759=DIRECTION('ref_axis',(0.707106781186547,0.,-0.707106781186548));
#1760=DIRECTION('',(0.,0.,1.));
#1761=DIRECTION('',(1.,0.,0.));
#1762=DIRECTION('center_axis',(0.,1.,0.));
#1763=DIRECTION('ref_axis',(-0.707106781186547,0.,-0.707106781186548));
#1764=DIRECTION('center_axis',(0.,-1.,0.));
#1765=DIRECTION('ref_axis',(-0.707106781186547,0.,-0.707106781186548));
#1766=DIRECTION('',(0.,-1.,0.));
#1767=DIRECTION('',(0.,1.,0.));
#1768=DIRECTION('center_axis',(0.,1.,0.));
#1769=DIRECTION('ref_axis',(0.,0.,1.));
#1770=DIRECTION('',(-1.17961196366423E-16,0.,1.));
#1771=DIRECTION('center_axis',(0.,-1.,0.));
#1772=DIRECTION('ref_axis',(-0.707106781186549,0.,0.707106781186546));
#1773=DIRECTION('',(1.,0.,0.));
#1774=DIRECTION('center_axis',(0.,-1.,0.));
#1775=DIRECTION('ref_axis',(1.,0.,0.));
#1776=DIRECTION('',(-1.,0.,-8.53760921494613E-17));
#1777=DIRECTION('center_axis',(0.,-1.,0.));
#1778=DIRECTION('ref_axis',(-0.707106781186546,0.,0.707106781186549));
#1779=DIRECTION('',(1.2404726532116E-16,0.,-1.));
#1780=DIRECTION('',(1.2404726532116E-16,0.,-1.));
#1781=DIRECTION('center_axis',(0.,-1.,0.));
#1782=DIRECTION('ref_axis',(-0.707106781186548,0.,-0.707106781186547));
#1783=DIRECTION('',(1.,0.,-1.86760201576947E-16));
#1784=DIRECTION('center_axis',(0.,-1.,0.));
#1785=DIRECTION('ref_axis',(1.,0.,0.));
#1786=DIRECTION('',(-1.,0.,-1.2116912721647E-16));
#1787=DIRECTION('center_axis',(-1.,0.,-1.17961196366423E-16));
#1788=DIRECTION('ref_axis',(-1.17961196366423E-16,0.,1.));
#1789=DIRECTION('',(0.,-1.,0.));
#1790=DIRECTION('',(0.,-1.,0.));
#1791=DIRECTION('center_axis',(0.,1.,0.));
#1792=DIRECTION('ref_axis',(-0.707106781186548,0.,-0.707106781186547));
#1793=DIRECTION('',(0.,-1.,0.));
#1794=DIRECTION('center_axis',(0.,1.,0.));
#1795=DIRECTION('ref_axis',(-0.707106781186548,0.,-0.707106781186547));
#1796=DIRECTION('center_axis',(0.,0.,-1.));
#1797=DIRECTION('ref_axis',(-1.,0.,0.));
#1798=DIRECTION('',(0.,1.,0.));
#1799=DIRECTION('',(1.,0.,0.));
#1800=DIRECTION('center_axis',(0.,1.,0.));
#1801=DIRECTION('ref_axis',(0.707106781186546,0.,-0.707106781186549));
#1802=DIRECTION('',(0.,-1.,0.));
#1803=DIRECTION('center_axis',(0.,1.,0.));
#1804=DIRECTION('ref_axis',(0.707106781186546,0.,-0.707106781186549));
#1805=DIRECTION('center_axis',(1.,0.,0.));
#1806=DIRECTION('ref_axis',(0.,0.,-1.));
#1807=DIRECTION('',(0.,1.,0.));
#1808=DIRECTION('',(0.,0.,-1.));
#1809=DIRECTION('',(0.,1.,0.));
#1810=DIRECTION('',(0.,1.,0.));
#1811=DIRECTION('',(0.,0.,-1.));
#1812=DIRECTION('center_axis',(0.,1.,0.));
#1813=DIRECTION('ref_axis',(0.707106781186548,0.,0.707106781186548));
#1814=DIRECTION('',(0.,-1.,0.));
#1815=DIRECTION('center_axis',(0.,1.,0.));
#1816=DIRECTION('ref_axis',(0.707106781186548,0.,0.707106781186548));
#1817=DIRECTION('center_axis',(0.,0.,1.));
#1818=DIRECTION('ref_axis',(1.,0.,0.));
#1819=DIRECTION('',(-1.,0.,0.));
#1820=DIRECTION('center_axis',(0.,1.,0.));
#1821=DIRECTION('ref_axis',(0.707106781186547,0.,-0.707106781186548));
#1822=DIRECTION('center_axis',(0.,-1.,0.));
#1823=DIRECTION('ref_axis',(0.707106781186547,0.,-0.707106781186548));
#1824=DIRECTION('',(0.,-1.,0.));
#1825=DIRECTION('',(0.,1.,0.));
#1826=DIRECTION('center_axis',(1.,0.,0.));
#1827=DIRECTION('ref_axis',(0.,0.,-1.));
#1828=DIRECTION('',(0.,0.,-1.));
#1829=DIRECTION('',(0.,0.,-1.));
#1830=DIRECTION('',(0.,1.,0.));
#1831=DIRECTION('',(0.,-1.,0.));
#1832=DIRECTION('center_axis',(0.,1.,0.));
#1833=DIRECTION('ref_axis',(0.,0.,1.));
#1834=DIRECTION('',(-1.,0.,-1.2116912721647E-16));
#1835=DIRECTION('center_axis',(0.,-1.,0.));
#1836=DIRECTION('ref_axis',(1.,0.,0.));
#1837=DIRECTION('center_axis',(0.,1.,0.));
#1838=DIRECTION('ref_axis',(0.707106781186548,0.,0.707106781186548));
#1839=DIRECTION('center_axis',(0.,-1.,0.));
#1840=DIRECTION('ref_axis',(0.707106781186548,0.,0.707106781186548));
#1841=DIRECTION('',(0.,-1.,0.));
#1842=DIRECTION('center_axis',(0.,0.,1.));
#1843=DIRECTION('ref_axis',(1.,0.,0.));
#1844=DIRECTION('',(1.,0.,0.));
#1845=DIRECTION('',(0.,1.,0.));
#1846=DIRECTION('center_axis',(0.,1.,0.));
#1847=DIRECTION('ref_axis',(0.,0.,1.));
#1848=DIRECTION('center_axis',(0.,-1.,0.));
#1849=DIRECTION('ref_axis',(1.,0.,0.));
#1850=DIRECTION('center_axis',(0.,1.,0.));
#1851=DIRECTION('ref_axis',(-0.707106781186548,0.,-0.707106781186547));
#1852=DIRECTION('center_axis',(0.,-1.,0.));
#1853=DIRECTION('ref_axis',(-0.707106781186548,0.,-0.707106781186547));
#1854=DIRECTION('',(0.,-1.,0.));
#1855=DIRECTION('',(0.,1.,0.));
#1856=DIRECTION('center_axis',(-1.86760201576947E-16,0.,-1.));
#1857=DIRECTION('ref_axis',(-1.,0.,1.86760201576947E-16));
#1858=DIRECTION('',(-1.,0.,1.86760201576947E-16));
#1859=DIRECTION('',(0.,1.,0.));
#1860=DIRECTION('center_axis',(0.,1.,0.));
#1861=DIRECTION('ref_axis',(1.,0.,0.));
#1862=DIRECTION('',(-1.2404726532116E-16,0.,1.));
#1863=DIRECTION('',(-1.2404726532116E-16,0.,1.));
#1864=DIRECTION('center_axis',(0.,-1.,0.));
#1865=DIRECTION('ref_axis',(-0.707106781186546,0.,0.707106781186549));
#1866=DIRECTION('',(1.,0.,8.53760921494613E-17));
#1867=DIRECTION('center_axis',(0.,1.,0.));
#1868=DIRECTION('ref_axis',(1.,0.,0.));
#1869=DIRECTION('center_axis',(0.,-1.,0.));
#1870=DIRECTION('ref_axis',(1.,0.,0.));
#1871=DIRECTION('center_axis',(0.,1.,0.));
#1872=DIRECTION('ref_axis',(-0.707106781186546,0.,0.707106781186549));
#1873=DIRECTION('',(0.,-1.,0.));
#1874=DIRECTION('',(0.,1.,0.));
#1875=DIRECTION('center_axis',(-8.53760921494613E-17,0.,1.));
#1876=DIRECTION('ref_axis',(1.,0.,8.53760921494613E-17));
#1877=DIRECTION('',(0.,1.,0.));
#1878=DIRECTION('center_axis',(0.,1.,0.));
#1879=DIRECTION('ref_axis',(-0.707106781186549,0.,0.707106781186546));
#1880=DIRECTION('center_axis',(0.,1.,0.));
#1881=DIRECTION('ref_axis',(1.,0.,0.));
#1882=DIRECTION('center_axis',(0.,1.,0.));
#1883=DIRECTION('ref_axis',(1.,0.,0.));
#1884=DIRECTION('',(0.,-1.,0.));
#1885=DIRECTION('center_axis',(0.,-1.,0.));
#1886=DIRECTION('ref_axis',(1.,0.,0.));
#1887=DIRECTION('center_axis',(0.,1.,0.));
#1888=DIRECTION('ref_axis',(1.,0.,0.));
#1889=DIRECTION('center_axis',(0.,1.,0.));
#1890=DIRECTION('ref_axis',(1.,0.,0.));
#1891=DIRECTION('center_axis',(0.,1.,0.));
#1892=DIRECTION('ref_axis',(1.,0.,0.));
#1893=DIRECTION('',(0.,-1.,0.));
#1894=DIRECTION('center_axis',(0.,-1.,0.));
#1895=DIRECTION('ref_axis',(1.,0.,0.));
#1896=DIRECTION('center_axis',(0.,1.,0.));
#1897=DIRECTION('ref_axis',(1.,0.,0.));
#1898=DIRECTION('center_axis',(0.,1.,0.));
#1899=DIRECTION('ref_axis',(1.,0.,0.));
#1900=DIRECTION('center_axis',(0.,1.,0.));
#1901=DIRECTION('ref_axis',(1.,0.,0.));
#1902=DIRECTION('',(0.,-1.,0.));
#1903=DIRECTION('center_axis',(0.,1.,0.));
#1904=DIRECTION('ref_axis',(1.,0.,0.));
#1905=DIRECTION('center_axis',(0.,1.,0.));
#1906=DIRECTION('ref_axis',(1.,0.,0.));
#1907=DIRECTION('center_axis',(-1.,0.,-1.2404726532116E-16));
#1908=DIRECTION('ref_axis',(-1.2404726532116E-16,0.,1.));
#1909=DIRECTION('',(0.,1.,0.));
#1910=DIRECTION('',(0.,1.,0.));
#1911=DIRECTION('center_axis',(-1.,0.,-1.2404726532116E-16));
#1912=DIRECTION('ref_axis',(-1.2404726532116E-16,0.,1.));
#1913=DIRECTION('center_axis',(0.,0.,1.));
#1914=DIRECTION('ref_axis',(1.,0.,0.));
#1915=DIRECTION('center_axis',(0.,0.,-1.));
#1916=DIRECTION('ref_axis',(-1.,0.,0.));
#1917=DIRECTION('center_axis',(1.2116912721647E-16,0.,-1.));
#1918=DIRECTION('ref_axis',(-1.,0.,-1.2116912721647E-16));
#1919=DIRECTION('center_axis',(0.,1.,0.));
#1920=DIRECTION('ref_axis',(1.,0.,0.));
#1921=DIRECTION('',(1.,0.,0.));
#1922=DIRECTION('',(0.,0.,1.));
#1923=DIRECTION('',(-1.,0.,0.));
#1924=DIRECTION('center_axis',(0.,1.,0.));
#1925=DIRECTION('ref_axis',(1.,0.,0.));
#1926=DIRECTION('',(-1.,0.,0.));
#1927=DIRECTION('',(0.,0.,1.));
#1928=DIRECTION('',(-1.,0.,0.));
#1929=DIRECTION('center_axis',(0.,1.,0.));
#1930=DIRECTION('ref_axis',(1.,0.,0.));
#1931=DIRECTION('',(-1.,0.,0.));
#1932=DIRECTION('',(0.,0.,1.));
#1933=DIRECTION('',(1.,0.,-7.81847200440251E-17));
#1934=DIRECTION('center_axis',(0.,1.,0.));
#1935=DIRECTION('ref_axis',(1.,0.,0.));
#1936=DIRECTION('',(-1.,0.,-7.81847200440251E-17));
#1937=DIRECTION('',(0.,0.,1.));
#1938=DIRECTION('',(1.,0.,0.));
#1939=DIRECTION('center_axis',(0.,1.,0.));
#1940=DIRECTION('ref_axis',(1.,0.,0.));
#1941=DIRECTION('',(1.,0.,0.));
#1942=DIRECTION('',(0.,0.,1.));
#1943=DIRECTION('',(1.,0.,0.));
#1944=DIRECTION('center_axis',(0.,1.,0.));
#1945=DIRECTION('ref_axis',(1.,0.,0.));
#1946=DIRECTION('',(1.,0.,0.));
#1947=DIRECTION('',(0.,0.,1.));
#1948=DIRECTION('',(-1.,0.,0.));
#1949=DIRECTION('center_axis',(0.,1.,0.));
#1950=DIRECTION('ref_axis',(-1.,0.,-1.22464679914735E-16));
#1951=DIRECTION('',(0.,1.,0.));
#1952=DIRECTION('',(0.,1.,0.));
#1953=DIRECTION('center_axis',(0.,0.,-1.));
#1954=DIRECTION('ref_axis',(-1.,0.,0.));
#1955=DIRECTION('',(0.,1.,0.));
#1956=DIRECTION('center_axis',(1.,0.,0.));
#1957=DIRECTION('ref_axis',(0.,0.,-1.));
#1958=DIRECTION('',(0.,1.,0.));
#1959=DIRECTION('center_axis',(0.,0.,1.));
#1960=DIRECTION('ref_axis',(1.,0.,0.));
#1961=DIRECTION('',(0.,1.,0.));
#1962=DIRECTION('center_axis',(0.,1.,0.));
#1963=DIRECTION('ref_axis',(-1.,0.,-1.22464679914735E-16));
#1964=DIRECTION('',(0.,1.,0.));
#1965=DIRECTION('center_axis',(0.,0.,-1.));
#1966=DIRECTION('ref_axis',(-1.,0.,0.));
#1967=DIRECTION('',(0.,1.,0.));
#1968=DIRECTION('center_axis',(1.,0.,0.));
#1969=DIRECTION('ref_axis',(0.,0.,-1.));
#1970=DIRECTION('',(0.,1.,0.));
#1971=DIRECTION('center_axis',(0.,0.,1.));
#1972=DIRECTION('ref_axis',(1.,0.,0.));
#1973=DIRECTION('center_axis',(0.,0.,1.));
#1974=DIRECTION('ref_axis',(1.,0.,0.));
#1975=DIRECTION('',(0.,1.,0.));
#1976=DIRECTION('center_axis',(-1.,0.,0.));
#1977=DIRECTION('ref_axis',(0.,0.,1.));
#1978=DIRECTION('',(0.,1.,0.));
#1979=DIRECTION('center_axis',(0.,0.,-1.));
#1980=DIRECTION('ref_axis',(-1.,0.,0.));
#1981=DIRECTION('',(0.,1.,0.));
#1982=DIRECTION('center_axis',(0.,1.,0.));
#1983=DIRECTION('ref_axis',(1.,0.,0.));
#1984=DIRECTION('',(0.,1.,0.));
#1985=DIRECTION('center_axis',(0.,0.,1.));
#1986=DIRECTION('ref_axis',(1.,0.,0.));
#1987=DIRECTION('',(0.,1.,0.));
#1988=DIRECTION('center_axis',(-1.,0.,0.));
#1989=DIRECTION('ref_axis',(0.,0.,1.));
#1990=DIRECTION('',(0.,1.,0.));
#1991=DIRECTION('center_axis',(0.,0.,-1.));
#1992=DIRECTION('ref_axis',(-1.,0.,0.));
#1993=DIRECTION('',(0.,1.,0.));
#1994=DIRECTION('center_axis',(0.,1.,0.));
#1995=DIRECTION('ref_axis',(1.,0.,0.));
#1996=DIRECTION('',(0.,1.,0.));
#1997=DIRECTION('center_axis',(0.,0.,1.));
#1998=DIRECTION('ref_axis',(1.,0.,0.));
#1999=DIRECTION('',(0.,1.,0.));
#2000=DIRECTION('center_axis',(-1.,0.,0.));
#2001=DIRECTION('ref_axis',(0.,0.,1.));
#2002=DIRECTION('',(0.,1.,0.));
#2003=DIRECTION('center_axis',(-7.81847200440251E-17,0.,-1.));
#2004=DIRECTION('ref_axis',(-1.,0.,7.81847200440251E-17));
#2005=DIRECTION('center_axis',(7.81847200440251E-17,0.,-1.));
#2006=DIRECTION('ref_axis',(-1.,0.,-7.81847200440251E-17));
#2007=DIRECTION('',(0.,1.,0.));
#2008=DIRECTION('center_axis',(1.,0.,0.));
#2009=DIRECTION('ref_axis',(0.,0.,-1.));
#2010=DIRECTION('',(0.,1.,0.));
#2011=DIRECTION('center_axis',(0.,0.,1.));
#2012=DIRECTION('ref_axis',(1.,0.,0.));
#2013=DIRECTION('center_axis',(0.,1.,0.));
#2014=DIRECTION('ref_axis',(1.,0.,0.));
#2015=DIRECTION('center_axis',(0.,1.,0.));
#2016=DIRECTION('ref_axis',(0.707106781186548,0.,0.707106781186548));
#2017=DIRECTION('center_axis',(0.,-1.,0.));
#2018=DIRECTION('ref_axis',(0.707106781186548,0.,0.707106781186548));
#2019=DIRECTION('',(0.,-1.,0.));
#2020=DIRECTION('center_axis',(0.,1.,0.));
#2021=DIRECTION('ref_axis',(0.707106781186548,0.,0.707106781186548));
#2022=DIRECTION('',(0.,1.,0.));
#2023=DIRECTION('center_axis',(-8.53760921494613E-17,0.,1.));
#2024=DIRECTION('ref_axis',(1.,0.,8.53760921494613E-17));
#2025=DIRECTION('',(1.,0.,8.53760921494613E-17));
#2026=DIRECTION('',(0.,1.,0.));
#2027=DIRECTION('',(1.,0.,8.53760921494613E-17));
#2028=DIRECTION('center_axis',(0.,1.,0.));
#2029=DIRECTION('ref_axis',(1.,0.,0.));
#2030=DIRECTION('',(0.,0.,-1.));
#2031=DIRECTION('center_axis',(0.,1.,0.));
#2032=DIRECTION('ref_axis',(1.,0.,0.));
#2033=DIRECTION('',(0.,0.,-1.));
#2034=DIRECTION('center_axis',(0.,-1.,0.));
#2035=DIRECTION('ref_axis',(0.707106781186546,0.,-0.707106781186549));
#2036=DIRECTION('',(-1.,0.,1.86760201576947E-16));
#2037=DIRECTION('center_axis',(0.,-1.,0.));
#2038=DIRECTION('ref_axis',(-0.707106781186548,0.,-0.707106781186547));
#2039=DIRECTION('',(-1.2404726532116E-16,0.,1.));
#2040=DIRECTION('',(0.,0.,-1.));
#2041=DIRECTION('',(1.,0.,0.));
#2042=DIRECTION('',(0.,0.,1.));
#2043=DIRECTION('',(-1.,0.,0.));
#2044=DIRECTION('center_axis',(0.,1.,0.));
#2045=DIRECTION('ref_axis',(0.707106781186546,0.,-0.707106781186549));
#2046=DIRECTION('',(0.,-1.,0.));
#2047=DIRECTION('center_axis',(0.,1.,0.));
#2048=DIRECTION('ref_axis',(0.707106781186546,0.,-0.707106781186549));
#2049=DIRECTION('',(0.,1.,0.));
#2050=DIRECTION('center_axis',(1.,0.,0.));
#2051=DIRECTION('ref_axis',(0.,0.,-1.));
#2052=DIRECTION('',(0.,1.,0.));
#2053=DIRECTION('',(0.,0.,1.));
#2054=DIRECTION('center_axis',(0.,1.,0.));
#2055=DIRECTION('ref_axis',(-0.707106781186548,0.,-0.707106781186547));
#2056=DIRECTION('',(0.,-1.,0.));
#2057=DIRECTION('center_axis',(0.,1.,0.));
#2058=DIRECTION('ref_axis',(-0.707106781186548,0.,-0.707106781186547));
#2059=DIRECTION('',(0.,1.,0.));
#2060=DIRECTION('center_axis',(-1.,0.,-1.2404726532116E-16));
#2061=DIRECTION('ref_axis',(-1.2404726532116E-16,0.,1.));
#2062=DIRECTION('',(-1.2404726532116E-16,0.,1.));
#2063=DIRECTION('center_axis',(0.,0.,-1.));
#2064=DIRECTION('ref_axis',(-1.,0.,0.));
#2065=DIRECTION('',(-1.,0.,0.));
#2066=DIRECTION('',(0.,1.,0.));
#2067=DIRECTION('',(0.,1.,0.));
#2068=DIRECTION('center_axis',(-1.,0.,0.));
#2069=DIRECTION('ref_axis',(0.,0.,1.));
#2070=DIRECTION('',(0.,0.,1.));
#2071=DIRECTION('',(0.,1.,0.));
#2072=DIRECTION('center_axis',(0.,0.,1.));
#2073=DIRECTION('ref_axis',(1.,0.,0.));
#2074=DIRECTION('',(1.,0.,0.));
#2075=DIRECTION('',(0.,1.,0.));
#2076=DIRECTION('center_axis',(1.,0.,0.));
#2077=DIRECTION('ref_axis',(0.,0.,-1.));
#2078=DIRECTION('',(0.,0.,-1.));
#2079=DIRECTION('center_axis',(-1.86760201576947E-16,0.,-1.));
#2080=DIRECTION('ref_axis',(-1.,0.,1.86760201576947E-16));
#2081=DIRECTION('',(1.,0.,-1.86760201576947E-16));
#2082=DIRECTION('center_axis',(0.,1.,0.));
#2083=DIRECTION('ref_axis',(1.,0.,0.));
#2084=DIRECTION('center_axis',(0.,1.,0.));
#2085=DIRECTION('ref_axis',(1.,0.,0.));
#2086=DIRECTION('',(0.,1.,0.));
#2087=DIRECTION('center_axis',(1.,0.,0.));
#2088=DIRECTION('ref_axis',(0.,0.,-1.));
#2089=DIRECTION('',(0.,0.,1.));
#2090=DIRECTION('center_axis',(0.,1.,0.));
#2091=DIRECTION('ref_axis',(1.,0.,0.));
#2092=CARTESIAN_POINT('',(0.,0.,0.));
#2093=CARTESIAN_POINT('Origin',(46.95,30.95,10.5));
#2094=CARTESIAN_POINT('',(40.,31.85,9.5));
#2095=CARTESIAN_POINT('',(46.95,30.95,9.5));
#2096=CARTESIAN_POINT('',(46.95,30.95,9.5));
#2097=CARTESIAN_POINT('',(40.,31.85,10.5));
#2098=CARTESIAN_POINT('',(40.,31.85,14.9));
#2099=CARTESIAN_POINT('',(46.95,30.95,10.5));
#2100=CARTESIAN_POINT('',(43.5323122932044,31.3925782641894,10.5));
#2101=CARTESIAN_POINT('',(46.95,30.95,10.25));
#2102=CARTESIAN_POINT('Origin',(0.200000000000005,31.85,10.5));
#2103=CARTESIAN_POINT('',(-6.75,30.95,9.5));
#2104=CARTESIAN_POINT('',(0.200000000000005,31.85,9.5));
#2105=CARTESIAN_POINT('',(0.142687706795627,31.8425782641894,9.5));
#2106=CARTESIAN_POINT('',(-6.75,30.95,10.5));
#2107=CARTESIAN_POINT('',(-6.75,30.95,9.75));
#2108=CARTESIAN_POINT('',(0.200000000000005,31.85,10.5));
#2109=CARTESIAN_POINT('',(-3.275,31.4,10.5));
#2110=CARTESIAN_POINT('',(0.200000000000003,31.85,5.1));
#2111=CARTESIAN_POINT('Origin',(40.,30.95,10.5));
#2112=CARTESIAN_POINT('',(40.,30.95,10.5));
#2113=CARTESIAN_POINT('',(40.,30.95,10.5));
#2114=CARTESIAN_POINT('',(30.05,30.95,10.5));
#2115=CARTESIAN_POINT('Origin',(0.200000000000005,30.95,9.5));
#2116=CARTESIAN_POINT('',(0.200000000000005,30.95,9.5));
#2117=CARTESIAN_POINT('',(0.200000000000003,30.95,9.5));
#2118=CARTESIAN_POINT('',(10.15,30.95,9.5));
#2119=CARTESIAN_POINT('Origin',(0.5,0.,19.5));
#2120=CARTESIAN_POINT('',(0.499999999999998,30.95,20.));
#2121=CARTESIAN_POINT('',(0.,30.95,19.5));
#2122=CARTESIAN_POINT('Origin',(0.5,30.95,19.5));
#2123=CARTESIAN_POINT('',(0.,0.,19.5));
#2124=CARTESIAN_POINT('',(0.,0.,19.5));
#2125=CARTESIAN_POINT('',(0.499999999999998,0.,20.));
#2126=CARTESIAN_POINT('Origin',(0.5,0.,19.5));
#2127=CARTESIAN_POINT('',(0.5,0.,20.));
#2128=CARTESIAN_POINT('Origin',(0.,0.,0.));
#2129=CARTESIAN_POINT('',(0.,30.95,19.35));
#2130=CARTESIAN_POINT('',(0.,30.95,20.));
#2131=CARTESIAN_POINT('',(0.,28.45,19.35));
#2132=CARTESIAN_POINT('',(0.,28.45,19.35));
#2133=CARTESIAN_POINT('',(0.,28.45,0.649999999999999));
#2134=CARTESIAN_POINT('',(0.,28.45,20.));
#2135=CARTESIAN_POINT('',(0.,30.95,0.649999999999999));
#2136=CARTESIAN_POINT('',(0.,28.45,0.649999999999999));
#2137=CARTESIAN_POINT('',(0.,30.95,0.5));
#2138=CARTESIAN_POINT('',(0.,30.95,20.));
#2139=CARTESIAN_POINT('',(0.,0.,0.5));
#2140=CARTESIAN_POINT('',(0.,0.,0.5));
#2141=CARTESIAN_POINT('',(0.,0.,20.));
#2142=CARTESIAN_POINT('Origin',(20.1,30.95,10.));
#2143=CARTESIAN_POINT('',(46.5434658856084,30.95,3.825));
#2144=CARTESIAN_POINT('',(47.3,30.95,3.825));
#2145=CARTESIAN_POINT('',(44.825,30.95,3.825));
#2146=CARTESIAN_POINT('',(47.3,30.95,0.649999999999999));
#2147=CARTESIAN_POINT('',(47.3,30.95,1.23259516440783E-31));
#2148=CARTESIAN_POINT('',(40.2,30.95,0.649999999999999));
#2149=CARTESIAN_POINT('',(47.3,30.95,0.649999999999999));
#2150=CARTESIAN_POINT('',(40.2,30.95,0.5));
#2151=CARTESIAN_POINT('',(40.2,30.95,20.));
#2152=CARTESIAN_POINT('',(39.7,30.95,0.));
#2153=CARTESIAN_POINT('Origin',(39.7,30.95,0.5));
#2154=CARTESIAN_POINT('',(0.5,30.95,0.));
#2155=CARTESIAN_POINT('',(0.,30.95,0.));
#2156=CARTESIAN_POINT('Origin',(0.5,30.95,0.5));
#2157=CARTESIAN_POINT('',(-7.1,30.95,0.649999999999999));
#2158=CARTESIAN_POINT('',(-7.1,30.95,0.649999999999999));
#2159=CARTESIAN_POINT('',(-7.1,30.95,3.825));
#2160=CARTESIAN_POINT('',(-7.1,30.95,0.));
#2161=CARTESIAN_POINT('',(-6.34346588560844,30.95,3.825));
#2162=CARTESIAN_POINT('',(-4.625,30.95,3.825));
#2163=CARTESIAN_POINT('',(-6.34346588560844,30.95,6.325));
#2164=CARTESIAN_POINT('Origin',(-4.625,30.95,5.075));
#2165=CARTESIAN_POINT('',(-7.1,30.95,6.325));
#2166=CARTESIAN_POINT('',(-4.625,30.95,6.325));
#2167=CARTESIAN_POINT('',(-7.1,30.95,13.675));
#2168=CARTESIAN_POINT('',(-7.1,30.95,0.));
#2169=CARTESIAN_POINT('',(-6.34346588560844,30.95,13.675));
#2170=CARTESIAN_POINT('',(-4.625,30.95,13.675));
#2171=CARTESIAN_POINT('',(-6.34346588560844,30.95,16.175));
#2172=CARTESIAN_POINT('Origin',(-4.625,30.95,14.925));
#2173=CARTESIAN_POINT('',(-7.1,30.95,16.175));
#2174=CARTESIAN_POINT('',(-4.625,30.95,16.175));
#2175=CARTESIAN_POINT('',(-7.1,30.95,19.35));
#2176=CARTESIAN_POINT('',(-7.1,30.95,0.));
#2177=CARTESIAN_POINT('',(-7.1,30.95,19.35));
#2178=CARTESIAN_POINT('',(39.7,30.95,20.));
#2179=CARTESIAN_POINT('',(40.2,30.95,20.));
#2180=CARTESIAN_POINT('',(40.2,30.95,19.5));
#2181=CARTESIAN_POINT('Origin',(39.7,30.95,19.5));
#2182=CARTESIAN_POINT('',(40.2,30.95,19.35));
#2183=CARTESIAN_POINT('',(40.2,30.95,20.));
#2184=CARTESIAN_POINT('',(47.3,30.95,19.35));
#2185=CARTESIAN_POINT('',(47.3,30.95,19.35));
#2186=CARTESIAN_POINT('',(47.3,30.95,16.175));
#2187=CARTESIAN_POINT('',(47.3,30.95,1.23259516440783E-31));
#2188=CARTESIAN_POINT('',(46.5434658856084,30.95,16.175));
#2189=CARTESIAN_POINT('',(44.825,30.95,16.175));
#2190=CARTESIAN_POINT('',(46.5434658856084,30.95,13.675));
#2191=CARTESIAN_POINT('Origin',(44.825,30.95,14.925));
#2192=CARTESIAN_POINT('',(47.3,30.95,13.675));
#2193=CARTESIAN_POINT('',(44.825,30.95,13.675));
#2194=CARTESIAN_POINT('',(47.3,30.95,6.325));
#2195=CARTESIAN_POINT('',(47.3,30.95,1.23259516440783E-31));
#2196=CARTESIAN_POINT('',(46.5434658856084,30.95,6.325));
#2197=CARTESIAN_POINT('',(44.825,30.95,6.325));
#2198=CARTESIAN_POINT('Origin',(44.825,30.95,5.075));
#2199=CARTESIAN_POINT('',(40.,30.95,19.3));
#2200=CARTESIAN_POINT('',(40.,30.95,14.9));
#2201=CARTESIAN_POINT('',(39.5,30.95,19.8));
#2202=CARTESIAN_POINT('Origin',(39.5,30.95,19.3));
#2203=CARTESIAN_POINT('',(0.700000000000002,30.95,19.8));
#2204=CARTESIAN_POINT('',(10.15,30.95,19.8));
#2205=CARTESIAN_POINT('',(0.200000000000002,30.95,19.3));
#2206=CARTESIAN_POINT('Origin',(0.700000000000002,30.95,19.3));
#2207=CARTESIAN_POINT('',(0.200000000000005,30.95,10.5));
#2208=CARTESIAN_POINT('',(0.200000000000004,30.95,5.1));
#2209=CARTESIAN_POINT('',(6.675,30.95,10.5));
#2210=CARTESIAN_POINT('',(0.200000000000004,30.95,0.699999999999998));
#2211=CARTESIAN_POINT('',(0.200000000000004,30.95,5.1));
#2212=CARTESIAN_POINT('',(0.700000000000003,30.95,0.199999999999998));
#2213=CARTESIAN_POINT('Origin',(0.700000000000003,30.95,0.699999999999999));
#2214=CARTESIAN_POINT('',(39.5,30.95,0.200000000000003));
#2215=CARTESIAN_POINT('',(30.05,30.95,0.200000000000002));
#2216=CARTESIAN_POINT('',(40.,30.95,0.700000000000003));
#2217=CARTESIAN_POINT('Origin',(39.5,30.95,0.700000000000003));
#2218=CARTESIAN_POINT('',(40.,30.95,9.5));
#2219=CARTESIAN_POINT('',(40.,30.95,14.9));
#2220=CARTESIAN_POINT('',(33.525,30.95,9.5));
#2221=CARTESIAN_POINT('Origin',(0.700000000000003,30.95,0.699999999999999));
#2222=CARTESIAN_POINT('',(0.200000000000004,36.55,0.699999999999999));
#2223=CARTESIAN_POINT('',(0.700000000000003,36.55,0.199999999999999));
#2224=CARTESIAN_POINT('Origin',(0.700000000000003,36.55,0.699999999999999));
#2225=CARTESIAN_POINT('',(0.700000000000003,30.95,0.199999999999999));
#2226=CARTESIAN_POINT('',(0.200000000000004,30.95,0.699999999999999));
#2227=CARTESIAN_POINT('Origin',(20.1,36.55,10.));
#2228=CARTESIAN_POINT('',(0.200000000000002,36.55,19.3));
#2229=CARTESIAN_POINT('',(0.200000000000004,36.55,0.));
#2230=CARTESIAN_POINT('',(0.700000000000002,36.55,19.8));
#2231=CARTESIAN_POINT('Origin',(0.700000000000002,36.55,19.3));
#2232=CARTESIAN_POINT('',(30.2,36.55,19.8));
#2233=CARTESIAN_POINT('',(0.200000000000004,36.55,19.8));
#2234=CARTESIAN_POINT('',(26.2078201443462,36.55,18.9500000000062));
#2235=CARTESIAN_POINT('Origin',(30.2,36.55,10.));
#2236=CARTESIAN_POINT('',(6.5,36.55,18.9500000000062));
#2237=CARTESIAN_POINT('',(13.05,36.55,18.9500000000062));
#2238=CARTESIAN_POINT('',(6.,36.55,18.4500000000062));
#2239=CARTESIAN_POINT('Origin',(6.5,36.55,18.4500000000062));
#2240=CARTESIAN_POINT('',(6.,36.55,14.5));
#2241=CARTESIAN_POINT('',(6.,36.55,12.25));
#2242=CARTESIAN_POINT('',(6.,36.55,5.5));
#2243=CARTESIAN_POINT('Ctrl Pts',(6.,36.55,14.5));
#2244=CARTESIAN_POINT('Ctrl Pts',(5.84072002069186,36.55,14.3200000000018));
#2245=CARTESIAN_POINT('Ctrl Pts',(5.53606990676638,36.55,13.960000000005));
#2246=CARTESIAN_POINT('Ctrl Pts',(5.12082299110437,36.55,13.4200000000083));
#2247=CARTESIAN_POINT('Ctrl Pts',(4.65200101993851,36.55,12.7000000000102));
#2248=CARTESIAN_POINT('Ctrl Pts',(4.21697108215943,36.55,11.8000000000089));
#2249=CARTESIAN_POINT('Ctrl Pts',(3.9464331757283,36.55,10.9000000000051));
#2250=CARTESIAN_POINT('Ctrl Pts',(3.85381110148356,36.55,10.));
#2251=CARTESIAN_POINT('Ctrl Pts',(3.94643317572451,36.55,9.09999999999487));
#2252=CARTESIAN_POINT('Ctrl Pts',(4.21697108215279,36.55,8.19999999999096));
#2253=CARTESIAN_POINT('Ctrl Pts',(4.65200101993087,36.55,7.29999999998953));
#2254=CARTESIAN_POINT('Ctrl Pts',(5.1208229910981,36.55,6.57999999999135));
#2255=CARTESIAN_POINT('Ctrl Pts',(5.53606990676263,36.55,6.0399999999948));
#2256=CARTESIAN_POINT('Ctrl Pts',(5.84072002069049,36.55,5.6799999999981));
#2257=CARTESIAN_POINT('Ctrl Pts',(6.,36.55,5.5));
#2258=CARTESIAN_POINT('',(6.00000000000001,36.55,1.54999999999376));
#2259=CARTESIAN_POINT('',(6.00000000000001,36.55,5.52499999999688));
#2260=CARTESIAN_POINT('',(6.5,36.55,1.04999999999376));
#2261=CARTESIAN_POINT('Origin',(6.5,36.55,1.54999999999376));
#2262=CARTESIAN_POINT('',(26.2078201443462,36.55,1.04999999999376));
#2263=CARTESIAN_POINT('',(23.1539100721731,36.55,1.04999999999376));
#2264=CARTESIAN_POINT('',(30.2,36.55,0.200000000000001));
#2265=CARTESIAN_POINT('Origin',(30.2,36.55,10.));
#2266=CARTESIAN_POINT('',(0.200000000000004,36.55,0.199999999999999));
#2267=CARTESIAN_POINT('Origin',(0.200000000000004,30.95,0.199999999999999));
#2268=CARTESIAN_POINT('',(0.200000000000002,30.95,10.5));
#2269=CARTESIAN_POINT('',(0.200000000000002,30.95,19.3));
#2270=CARTESIAN_POINT('Origin',(0.5,0.,0.5));
#2271=CARTESIAN_POINT('',(0.5,0.,0.));
#2272=CARTESIAN_POINT('',(0.5,0.,0.));
#2273=CARTESIAN_POINT('Origin',(0.5,0.,0.5));
#2274=CARTESIAN_POINT('Origin',(40.2,0.,0.));
#2275=CARTESIAN_POINT('',(39.7,0.,0.));
#2276=CARTESIAN_POINT('',(39.7,0.,0.));
#2277=CARTESIAN_POINT('',(0.,0.,0.));
#2278=CARTESIAN_POINT('Origin',(39.7,0.,0.5));
#2279=CARTESIAN_POINT('',(40.2,0.,0.5));
#2280=CARTESIAN_POINT('',(40.2,0.,0.5));
#2281=CARTESIAN_POINT('Origin',(39.7,0.,0.5));
#2282=CARTESIAN_POINT('Origin',(40.2,0.,20.));
#2283=CARTESIAN_POINT('',(40.2,28.45,0.649999999999999));
#2284=CARTESIAN_POINT('',(40.2,28.45,0.649999999999999));
#2285=CARTESIAN_POINT('',(40.2,28.45,19.35));
#2286=CARTESIAN_POINT('',(40.2,28.45,20.));
#2287=CARTESIAN_POINT('',(40.2,28.45,19.35));
#2288=CARTESIAN_POINT('',(40.2,0.,19.5));
#2289=CARTESIAN_POINT('',(40.2,0.,19.5));
#2290=CARTESIAN_POINT('',(40.2,0.,20.));
#2291=CARTESIAN_POINT('Origin',(39.7,0.,19.5));
#2292=CARTESIAN_POINT('',(39.7,0.,20.));
#2293=CARTESIAN_POINT('',(39.7,0.,20.));
#2294=CARTESIAN_POINT('Origin',(39.7,0.,19.5));
#2295=CARTESIAN_POINT('Origin',(0.,0.,20.));
#2296=CARTESIAN_POINT('',(40.2,0.,20.));
#2297=CARTESIAN_POINT('Origin',(39.5,30.95,0.700000000000003));
#2298=CARTESIAN_POINT('',(39.5,36.55,0.200000000000003));
#2299=CARTESIAN_POINT('',(40.,36.55,0.700000000000003));
#2300=CARTESIAN_POINT('Origin',(39.5,36.55,0.700000000000003));
#2301=CARTESIAN_POINT('',(40.,30.95,0.700000000000003));
#2302=CARTESIAN_POINT('',(39.5,30.95,0.200000000000003));
#2303=CARTESIAN_POINT('Origin',(40.,30.95,19.8));
#2304=CARTESIAN_POINT('',(40.,36.55,10.));
#2305=CARTESIAN_POINT('',(40.,36.55,0.));
#2306=CARTESIAN_POINT('',(40.,36.55,19.3));
#2307=CARTESIAN_POINT('',(40.,36.55,0.));
#2308=CARTESIAN_POINT('',(40.,30.95,19.3));
#2309=CARTESIAN_POINT('',(40.,30.95,9.5));
#2310=CARTESIAN_POINT('Origin',(20.1,36.55,10.));
#2311=CARTESIAN_POINT('',(0.200000000000004,36.55,0.199999999999999));
#2312=CARTESIAN_POINT('Origin',(30.2,36.55,10.));
#2313=CARTESIAN_POINT('Origin',(39.5,30.95,19.3));
#2314=CARTESIAN_POINT('',(39.5,36.55,19.8));
#2315=CARTESIAN_POINT('Origin',(39.5,36.55,19.3));
#2316=CARTESIAN_POINT('',(39.5,30.95,19.8));
#2317=CARTESIAN_POINT('Origin',(0.200000000000004,30.95,19.8));
#2318=CARTESIAN_POINT('',(0.200000000000004,36.55,19.8));
#2319=CARTESIAN_POINT('',(0.700000000000002,30.95,19.8));
#2320=CARTESIAN_POINT('Origin',(20.1,36.55,10.));
#2321=CARTESIAN_POINT('Origin',(30.2,36.55,10.));
#2322=CARTESIAN_POINT('Origin',(6.5,36.55,1.54999999999376));
#2323=CARTESIAN_POINT('',(6.,38.55,1.54999999999376));
#2324=CARTESIAN_POINT('',(6.5,38.55,1.04999999999376));
#2325=CARTESIAN_POINT('Origin',(6.5,38.55,1.54999999999376));
#2326=CARTESIAN_POINT('',(6.5,36.55,1.04999999999376));
#2327=CARTESIAN_POINT('',(6.,36.55,1.54999999999376));
#2328=CARTESIAN_POINT('Origin',(26.2078201443462,36.55,1.04999999999376));
#2329=CARTESIAN_POINT('',(26.2078201443462,38.55,1.04999999999376));
#2330=CARTESIAN_POINT('',(0.200000000000004,38.55,1.04999999999376));
#2331=CARTESIAN_POINT('',(26.2078201443462,36.55,1.04999999999376));
#2332=CARTESIAN_POINT('Origin',(21.9269055507418,38.55,10.));
#2333=CARTESIAN_POINT('',(6.,38.55,5.5));
#2334=CARTESIAN_POINT('',(6.,38.55,1.04999999999376));
#2335=CARTESIAN_POINT('',(6.,38.55,14.5));
#2336=CARTESIAN_POINT('Ctrl Pts',(6.,38.55,5.5));
#2337=CARTESIAN_POINT('Ctrl Pts',(5.84072002069049,38.55,5.6799999999981));
#2338=CARTESIAN_POINT('Ctrl Pts',(5.53606990676263,38.55,6.0399999999948));
#2339=CARTESIAN_POINT('Ctrl Pts',(5.1208229910981,38.55,6.57999999999135));
#2340=CARTESIAN_POINT('Ctrl Pts',(4.65200101993087,38.55,7.29999999998953));
#2341=CARTESIAN_POINT('Ctrl Pts',(4.21697108215279,38.55,8.19999999999096));
#2342=CARTESIAN_POINT('Ctrl Pts',(3.94643317572451,38.55,9.09999999999487));
#2343=CARTESIAN_POINT('Ctrl Pts',(3.85381110148356,38.55,10.));
#2344=CARTESIAN_POINT('Ctrl Pts',(3.9464331757283,38.55,10.9000000000051));
#2345=CARTESIAN_POINT('Ctrl Pts',(4.21697108215943,38.55,11.8000000000089));
#2346=CARTESIAN_POINT('Ctrl Pts',(4.65200101993851,38.55,12.7000000000102));
#2347=CARTESIAN_POINT('Ctrl Pts',(5.12082299110437,38.55,13.4200000000083));
#2348=CARTESIAN_POINT('Ctrl Pts',(5.53606990676638,38.55,13.960000000005));
#2349=CARTESIAN_POINT('Ctrl Pts',(5.84072002069186,38.55,14.3200000000018));
#2350=CARTESIAN_POINT('Ctrl Pts',(6.,38.55,14.5));
#2351=CARTESIAN_POINT('',(6.,38.55,18.4500000000062));
#2352=CARTESIAN_POINT('',(6.,38.55,1.04999999999376));
#2353=CARTESIAN_POINT('',(6.5,38.55,18.9500000000062));
#2354=CARTESIAN_POINT('Origin',(6.5,38.55,18.4500000000062));
#2355=CARTESIAN_POINT('',(26.2078201443462,38.55,18.9500000000062));
#2356=CARTESIAN_POINT('',(0.200000000000004,38.55,18.9500000000062));
#2357=CARTESIAN_POINT('Origin',(30.2,38.55,10.));
#2358=CARTESIAN_POINT('',(23.7,38.55,10.));
#2359=CARTESIAN_POINT('Origin',(30.2,38.55,10.));
#2360=CARTESIAN_POINT('Origin',(6.5,36.55,18.4500000000062));
#2361=CARTESIAN_POINT('',(6.,36.55,18.4500000000062));
#2362=CARTESIAN_POINT('',(6.5,36.55,18.9500000000062));
#2363=CARTESIAN_POINT('Origin',(6.,36.55,18.9500000000062));
#2364=CARTESIAN_POINT('',(26.2078201443462,36.55,18.9500000000062));
#2365=CARTESIAN_POINT('Origin',(0.700000000000002,30.95,19.3));
#2366=CARTESIAN_POINT('Origin',(30.2,40.55,10.));
#2367=CARTESIAN_POINT('',(27.275,44.55,10.));
#2368=CARTESIAN_POINT('Origin',(30.2,44.55,10.));
#2369=CARTESIAN_POINT('',(27.275,40.55,10.));
#2370=CARTESIAN_POINT('',(27.275,40.55,10.));
#2371=CARTESIAN_POINT('Origin',(30.2,40.55,10.));
#2372=CARTESIAN_POINT('Origin',(30.2,44.55,10.));
#2373=CARTESIAN_POINT('Origin',(30.2,40.05,10.));
#2374=CARTESIAN_POINT('',(24.85,40.55,10.));
#2375=CARTESIAN_POINT('Origin',(30.2,40.55,10.));
#2376=CARTESIAN_POINT('',(24.85,40.05,10.));
#2377=CARTESIAN_POINT('',(24.85,40.05,10.));
#2378=CARTESIAN_POINT('Origin',(30.2,40.05,10.));
#2379=CARTESIAN_POINT('Origin',(30.2,40.55,10.));
#2380=CARTESIAN_POINT('Origin',(30.2,38.55,10.));
#2381=CARTESIAN_POINT('',(23.7,40.05,10.));
#2382=CARTESIAN_POINT('Origin',(30.2,40.05,10.));
#2383=CARTESIAN_POINT('',(23.7,38.55,10.));
#2384=CARTESIAN_POINT('Origin',(30.2,40.05,10.));
#2385=CARTESIAN_POINT('Origin',(30.2,36.55,10.));
#2386=CARTESIAN_POINT('Origin',(6.,36.55,14.5));
#2387=CARTESIAN_POINT('',(6.,36.55,14.5));
#2388=CARTESIAN_POINT('Ctrl Pts',(6.,36.55,5.5));
#2389=CARTESIAN_POINT('Ctrl Pts',(6.,38.55,5.5));
#2390=CARTESIAN_POINT('Ctrl Pts',(5.84072002069049,36.55,5.6799999999981));
#2391=CARTESIAN_POINT('Ctrl Pts',(5.84072002069049,38.55,5.6799999999981));
#2392=CARTESIAN_POINT('Ctrl Pts',(5.53606990676263,36.55,6.0399999999948));
#2393=CARTESIAN_POINT('Ctrl Pts',(5.53606990676263,38.55,6.0399999999948));
#2394=CARTESIAN_POINT('Ctrl Pts',(5.1208229910981,36.55,6.57999999999135));
#2395=CARTESIAN_POINT('Ctrl Pts',(5.1208229910981,38.55,6.57999999999135));
#2396=CARTESIAN_POINT('Ctrl Pts',(4.65200101993087,36.55,7.29999999998953));
#2397=CARTESIAN_POINT('Ctrl Pts',(4.65200101993087,38.55,7.29999999998953));
#2398=CARTESIAN_POINT('Ctrl Pts',(4.21697108215279,36.55,8.19999999999096));
#2399=CARTESIAN_POINT('Ctrl Pts',(4.21697108215279,38.55,8.19999999999096));
#2400=CARTESIAN_POINT('Ctrl Pts',(3.94643317572451,36.55,9.09999999999487));
#2401=CARTESIAN_POINT('Ctrl Pts',(3.94643317572451,38.55,9.09999999999487));
#2402=CARTESIAN_POINT('Ctrl Pts',(3.85381110148356,36.55,10.));
#2403=CARTESIAN_POINT('Ctrl Pts',(3.85381110148356,38.55,10.));
#2404=CARTESIAN_POINT('Ctrl Pts',(3.9464331757283,36.55,10.9000000000051));
#2405=CARTESIAN_POINT('Ctrl Pts',(3.9464331757283,38.55,10.9000000000051));
#2406=CARTESIAN_POINT('Ctrl Pts',(4.21697108215943,36.55,11.8000000000089));
#2407=CARTESIAN_POINT('Ctrl Pts',(4.21697108215943,38.55,11.8000000000089));
#2408=CARTESIAN_POINT('Ctrl Pts',(4.65200101993851,36.55,12.7000000000102));
#2409=CARTESIAN_POINT('Ctrl Pts',(4.65200101993851,38.55,12.7000000000102));
#2410=CARTESIAN_POINT('Ctrl Pts',(5.12082299110437,36.55,13.4200000000083));
#2411=CARTESIAN_POINT('Ctrl Pts',(5.12082299110437,38.55,13.4200000000083));
#2412=CARTESIAN_POINT('Ctrl Pts',(5.53606990676638,36.55,13.960000000005));
#2413=CARTESIAN_POINT('Ctrl Pts',(5.53606990676638,38.55,13.960000000005));
#2414=CARTESIAN_POINT('Ctrl Pts',(5.84072002069186,36.55,14.3200000000018));
#2415=CARTESIAN_POINT('Ctrl Pts',(5.84072002069186,38.55,14.3200000000018));
#2416=CARTESIAN_POINT('Ctrl Pts',(6.,36.55,14.5));
#2417=CARTESIAN_POINT('Ctrl Pts',(6.,38.55,14.5));
#2418=CARTESIAN_POINT('',(6.,36.55,5.5));
#2419=CARTESIAN_POINT('Origin',(6.,36.55,1.04999999999376));
#2420=CARTESIAN_POINT('Origin',(-6.75,30.95,10.5));
#2421=CARTESIAN_POINT('Origin',(46.95,30.95,9.5));
#2422=CARTESIAN_POINT('Origin',(40.,30.95,0.200000000000003));
#2423=CARTESIAN_POINT('Origin',(20.1,28.45,10.));
#2424=CARTESIAN_POINT('',(-7.1,28.45,19.35));
#2425=CARTESIAN_POINT('',(-7.1,28.45,19.35));
#2426=CARTESIAN_POINT('',(-7.1,28.45,16.175));
#2427=CARTESIAN_POINT('',(-7.1,28.45,0.));
#2428=CARTESIAN_POINT('',(-6.34346588560844,28.45,16.175));
#2429=CARTESIAN_POINT('',(-4.625,28.45,16.175));
#2430=CARTESIAN_POINT('',(-6.34346588560844,28.45,13.675));
#2431=CARTESIAN_POINT('Origin',(-4.625,28.45,14.925));
#2432=CARTESIAN_POINT('',(-7.1,28.45,13.675));
#2433=CARTESIAN_POINT('',(-4.625,28.45,13.675));
#2434=CARTESIAN_POINT('',(-7.1,28.45,6.325));
#2435=CARTESIAN_POINT('',(-7.1,28.45,0.));
#2436=CARTESIAN_POINT('',(-6.34346588560844,28.45,6.325));
#2437=CARTESIAN_POINT('',(-4.625,28.45,6.325));
#2438=CARTESIAN_POINT('',(-6.34346588560844,28.45,3.825));
#2439=CARTESIAN_POINT('Origin',(-4.625,28.45,5.075));
#2440=CARTESIAN_POINT('',(-7.1,28.45,3.825));
#2441=CARTESIAN_POINT('',(-4.625,28.45,3.825));
#2442=CARTESIAN_POINT('',(-7.1,28.45,0.649999999999999));
#2443=CARTESIAN_POINT('',(-7.1,28.45,0.));
#2444=CARTESIAN_POINT('',(-7.1,28.45,0.649999999999999));
#2445=CARTESIAN_POINT('Origin',(20.1,28.45,10.));
#2446=CARTESIAN_POINT('',(47.3,28.45,0.649999999999999));
#2447=CARTESIAN_POINT('',(47.3,28.45,0.649999999999999));
#2448=CARTESIAN_POINT('',(47.3,28.45,3.825));
#2449=CARTESIAN_POINT('',(47.3,28.45,1.23259516440783E-31));
#2450=CARTESIAN_POINT('',(46.5434658856084,28.45,3.825));
#2451=CARTESIAN_POINT('',(44.825,28.45,3.825));
#2452=CARTESIAN_POINT('',(46.5434658856084,28.45,6.325));
#2453=CARTESIAN_POINT('Origin',(44.825,28.45,5.075));
#2454=CARTESIAN_POINT('',(47.3,28.45,6.325));
#2455=CARTESIAN_POINT('',(44.825,28.45,6.325));
#2456=CARTESIAN_POINT('',(47.3,28.45,13.675));
#2457=CARTESIAN_POINT('',(47.3,28.45,1.23259516440783E-31));
#2458=CARTESIAN_POINT('',(46.5434658856084,28.45,13.675));
#2459=CARTESIAN_POINT('',(44.825,28.45,13.675));
#2460=CARTESIAN_POINT('',(46.5434658856084,28.45,16.175));
#2461=CARTESIAN_POINT('Origin',(44.825,28.45,14.925));
#2462=CARTESIAN_POINT('',(47.3,28.45,16.175));
#2463=CARTESIAN_POINT('',(44.825,28.45,16.175));
#2464=CARTESIAN_POINT('',(47.3,28.45,19.35));
#2465=CARTESIAN_POINT('',(47.3,28.45,1.23259516440783E-31));
#2466=CARTESIAN_POINT('',(47.3,28.45,19.35));
#2467=CARTESIAN_POINT('Origin',(44.825,28.45,5.075));
#2468=CARTESIAN_POINT('',(46.5434658856084,28.45,3.825));
#2469=CARTESIAN_POINT('',(46.5434658856084,28.45,6.325));
#2470=CARTESIAN_POINT('Origin',(47.3,28.45,6.325));
#2471=CARTESIAN_POINT('',(47.3,28.45,6.325));
#2472=CARTESIAN_POINT('Origin',(47.3,28.45,13.675));
#2473=CARTESIAN_POINT('',(47.3,28.45,13.675));
#2474=CARTESIAN_POINT('Origin',(46.5434658856084,28.45,13.675));
#2475=CARTESIAN_POINT('',(46.5434658856084,28.45,13.675));
#2476=CARTESIAN_POINT('Origin',(44.825,28.45,14.925));
#2477=CARTESIAN_POINT('',(46.5434658856084,28.45,16.175));
#2478=CARTESIAN_POINT('Origin',(47.3,28.45,16.175));
#2479=CARTESIAN_POINT('',(47.3,28.45,16.175));
#2480=CARTESIAN_POINT('Origin',(47.3,28.45,19.35));
#2481=CARTESIAN_POINT('',(47.3,28.45,19.35));
#2482=CARTESIAN_POINT('Origin',(40.2,28.45,19.35));
#2483=CARTESIAN_POINT('Origin',(-7.1,28.45,19.35));
#2484=CARTESIAN_POINT('',(-7.1,28.45,19.35));
#2485=CARTESIAN_POINT('Origin',(-7.1,28.45,16.175));
#2486=CARTESIAN_POINT('',(-7.1,28.45,16.175));
#2487=CARTESIAN_POINT('Origin',(-6.34346588560844,28.45,16.175));
#2488=CARTESIAN_POINT('',(-6.34346588560844,28.45,16.175));
#2489=CARTESIAN_POINT('Origin',(-4.625,28.45,14.925));
#2490=CARTESIAN_POINT('',(-6.34346588560844,28.45,13.675));
#2491=CARTESIAN_POINT('Origin',(-7.1,28.45,13.675));
#2492=CARTESIAN_POINT('',(-7.1,28.45,13.675));
#2493=CARTESIAN_POINT('Origin',(-7.1,28.45,6.325));
#2494=CARTESIAN_POINT('',(-7.1,28.45,6.325));
#2495=CARTESIAN_POINT('Origin',(-6.34346588560844,28.45,6.325));
#2496=CARTESIAN_POINT('',(-6.34346588560844,28.45,6.325));
#2497=CARTESIAN_POINT('Origin',(-4.625,28.45,5.075));
#2498=CARTESIAN_POINT('',(-6.34346588560844,28.45,3.825));
#2499=CARTESIAN_POINT('Origin',(-7.1,28.45,3.825));
#2500=CARTESIAN_POINT('',(-7.1,28.45,3.825));
#2501=CARTESIAN_POINT('Origin',(-7.1,28.45,0.649999999999999));
#2502=CARTESIAN_POINT('',(-7.1,28.45,0.649999999999999));
#2503=CARTESIAN_POINT('Origin',(0.,28.45,0.649999999999999));
#2504=CARTESIAN_POINT('Origin',(47.3,28.45,0.649999999999999));
#2505=CARTESIAN_POINT('',(47.3,28.45,0.649999999999999));
#2506=CARTESIAN_POINT('Origin',(47.3,28.45,3.825));
#2507=CARTESIAN_POINT('',(47.3,28.45,3.825));
#2508=CARTESIAN_POINT('Origin',(46.5434658856084,28.45,3.825));
#2509=CARTESIAN_POINT('Origin',(20.1,0.,10.));
#2510=CARTESIAN_POINT('Origin',(18.,38.55,18.4500000000062));
#2511=CARTESIAN_POINT('',(18.5,38.85,18.4500000000062));
#2512=CARTESIAN_POINT('',(18.,38.85,18.9500000000062));
#2513=CARTESIAN_POINT('Origin',(18.,38.85,18.4500000000062));
#2514=CARTESIAN_POINT('',(18.,38.55,18.9500000000062));
#2515=CARTESIAN_POINT('',(18.,38.55,18.9500000000062));
#2516=CARTESIAN_POINT('',(18.5,38.55,18.4500000000062));
#2517=CARTESIAN_POINT('Origin',(18.,38.55,18.4500000000062));
#2518=CARTESIAN_POINT('',(18.5,38.55,18.4500000000062));
#2519=CARTESIAN_POINT('Origin',(6.,38.55,18.9500000000062));
#2520=CARTESIAN_POINT('',(6.,38.85,18.9500000000062));
#2521=CARTESIAN_POINT('',(0.200000000000004,38.85,18.9500000000062));
#2522=CARTESIAN_POINT('',(6.,38.55,18.9500000000062));
#2523=CARTESIAN_POINT('',(6.,38.55,18.9500000000062));
#2524=CARTESIAN_POINT('',(0.200000000000004,38.55,18.9500000000062));
#2525=CARTESIAN_POINT('Origin',(13.25,38.85,10.));
#2526=CARTESIAN_POINT('',(18.5,38.85,12.));
#2527=CARTESIAN_POINT('',(18.5,38.85,0.200000000000001));
#2528=CARTESIAN_POINT('',(18.5,38.85,8.00000000000001));
#2529=CARTESIAN_POINT('Origin',(18.5,38.85,10.));
#2530=CARTESIAN_POINT('',(18.5,38.85,1.54999999999376));
#2531=CARTESIAN_POINT('',(18.5,38.85,0.200000000000001));
#2532=CARTESIAN_POINT('',(18.,38.85,1.04999999999376));
#2533=CARTESIAN_POINT('Origin',(18.,38.85,1.54999999999376));
#2534=CARTESIAN_POINT('',(6.5,38.85,1.04999999999376));
#2535=CARTESIAN_POINT('',(0.200000000000004,38.85,1.04999999999376));
#2536=CARTESIAN_POINT('',(6.,38.85,1.54999999999376));
#2537=CARTESIAN_POINT('Origin',(6.5,38.85,1.54999999999376));
#2538=CARTESIAN_POINT('',(6.,38.85,1.04999999999376));
#2539=CARTESIAN_POINT('',(7.,38.85,17.9500000000062));
#2540=CARTESIAN_POINT('',(7.,38.85,2.04999999999376));
#2541=CARTESIAN_POINT('',(7.,38.85,0.199999999999999));
#2542=CARTESIAN_POINT('',(17.5,38.85,2.04999999999376));
#2543=CARTESIAN_POINT('',(7.,38.85,2.04999999999376));
#2544=CARTESIAN_POINT('',(17.5,38.85,17.9500000000062));
#2545=CARTESIAN_POINT('',(17.5,38.85,0.200000000000001));
#2546=CARTESIAN_POINT('',(7.,38.85,17.9500000000062));
#2547=CARTESIAN_POINT('Origin',(18.,38.55,1.54999999999376));
#2548=CARTESIAN_POINT('',(18.5,38.55,1.54999999999376));
#2549=CARTESIAN_POINT('',(18.5,38.55,1.54999999999376));
#2550=CARTESIAN_POINT('',(18.,38.55,1.04999999999376));
#2551=CARTESIAN_POINT('Origin',(18.,38.55,1.54999999999376));
#2552=CARTESIAN_POINT('',(18.,38.55,1.04999999999376));
#2553=CARTESIAN_POINT('Origin',(18.5,38.55,8.00000000000001));
#2554=CARTESIAN_POINT('',(18.5,38.55,8.00000000000001));
#2555=CARTESIAN_POINT('',(18.5,38.55,8.00000000000001));
#2556=CARTESIAN_POINT('',(18.5,38.55,0.200000000000001));
#2557=CARTESIAN_POINT('Origin',(6.5,38.55,1.54999999999376));
#2558=CARTESIAN_POINT('',(6.5,38.55,1.04999999999376));
#2559=CARTESIAN_POINT('',(6.5,38.55,1.04999999999376));
#2560=CARTESIAN_POINT('',(6.,38.55,1.54999999999376));
#2561=CARTESIAN_POINT('Origin',(6.5,38.55,1.54999999999376));
#2562=CARTESIAN_POINT('',(6.,38.55,1.54999999999376));
#2563=CARTESIAN_POINT('Origin',(6.,38.55,1.04999999999376));
#2564=CARTESIAN_POINT('',(6.,38.55,1.04999999999376));
#2565=CARTESIAN_POINT('Origin',(17.5,38.55,17.9500000000062));
#2566=CARTESIAN_POINT('',(17.5,38.55,17.9500000000062));
#2567=CARTESIAN_POINT('',(7.,38.55,17.9500000000062));
#2568=CARTESIAN_POINT('',(7.,38.55,17.9500000000062));
#2569=CARTESIAN_POINT('',(7.,38.55,17.9500000000062));
#2570=CARTESIAN_POINT('',(17.5,38.55,17.9500000000062));
#2571=CARTESIAN_POINT('Origin',(17.5,38.55,2.04999999999376));
#2572=CARTESIAN_POINT('',(17.5,38.55,2.04999999999376));
#2573=CARTESIAN_POINT('',(17.5,38.55,0.200000000000001));
#2574=CARTESIAN_POINT('',(17.5,38.55,2.04999999999376));
#2575=CARTESIAN_POINT('Origin',(7.,38.55,2.04999999999376));
#2576=CARTESIAN_POINT('',(7.,38.55,2.04999999999376));
#2577=CARTESIAN_POINT('',(7.,38.55,2.04999999999376));
#2578=CARTESIAN_POINT('',(7.,38.55,2.04999999999376));
#2579=CARTESIAN_POINT('Origin',(7.,38.55,17.9500000000062));
#2580=CARTESIAN_POINT('',(7.,38.55,0.199999999999999));
#2581=CARTESIAN_POINT('Origin',(18.5,38.55,1.04999999999376));
#2582=CARTESIAN_POINT('',(0.200000000000004,38.55,1.04999999999376));
#2583=CARTESIAN_POINT('Origin',(18.5,38.55,10.));
#2584=CARTESIAN_POINT('',(18.5,38.55,12.));
#2585=CARTESIAN_POINT('Origin',(18.5,38.55,10.));
#2586=CARTESIAN_POINT('',(18.5,38.55,12.));
#2587=CARTESIAN_POINT('Origin',(18.5,38.55,18.9500000000062));
#2588=CARTESIAN_POINT('',(18.5,38.55,0.200000000000001));
#2589=CARTESIAN_POINT('Origin',(13.25,38.55,10.));
#2590=UNCERTAINTY_MEASURE_WITH_UNIT(LENGTH_MEASURE(0.01),#2594,
'DISTANCE_ACCURACY_VALUE',
'Maximum model space distance between geometric entities at asserted c
onnectivities');
#2591=UNCERTAINTY_MEASURE_WITH_UNIT(LENGTH_MEASURE(0.01),#2594,
'DISTANCE_ACCURACY_VALUE',
'Maximum model space distance between geometric entities at asserted c
onnectivities');
#2592=(
GEOMETRIC_REPRESENTATION_CONTEXT(3)
GLOBAL_UNCERTAINTY_ASSIGNED_CONTEXT((#2590))
GLOBAL_UNIT_ASSIGNED_CONTEXT((#2594,#2596,#2597))
REPRESENTATION_CONTEXT('','3D')
);
#2593=(
GEOMETRIC_REPRESENTATION_CONTEXT(3)
GLOBAL_UNCERTAINTY_ASSIGNED_CONTEXT((#2591))
GLOBAL_UNIT_ASSIGNED_CONTEXT((#2594,#2596,#2597))
REPRESENTATION_CONTEXT('','3D')
);
#2594=(
LENGTH_UNIT()
NAMED_UNIT(*)
SI_UNIT(.MILLI.,.METRE.)
);
#2595=(
LENGTH_UNIT()
NAMED_UNIT(*)
SI_UNIT($,.METRE.)
);
#2596=(
NAMED_UNIT(*)
PLANE_ANGLE_UNIT()
SI_UNIT($,.RADIAN.)
);
#2597=(
NAMED_UNIT(*)
SI_UNIT($,.STERADIAN.)
SOLID_ANGLE_UNIT()
);
#2598=SHAPE_DEFINITION_REPRESENTATION(#2599,#2600);
#2599=PRODUCT_DEFINITION_SHAPE('',$,#2602);
#2600=SHAPE_REPRESENTATION('',(#1541),#2592);
#2601=PRODUCT_DEFINITION_CONTEXT('part definition',#2606,'design');
#2602=PRODUCT_DEFINITION('MG995','MG995 v5',#2603,#2601);
#2603=PRODUCT_DEFINITION_FORMATION('',$,#2608);
#2604=PRODUCT_RELATED_PRODUCT_CATEGORY('MG995 v5','MG995 v5',(#2608));
#2605=APPLICATION_PROTOCOL_DEFINITION('international standard',
'automotive_design',2009,#2606);
#2606=APPLICATION_CONTEXT(
'Core Data for Automotive Mechanical Design Process');
#2607=PRODUCT_CONTEXT('part definition',#2606,'mechanical');
#2608=PRODUCT('MG995','MG995 v5',$,(#2607));
#2609=PRESENTATION_STYLE_ASSIGNMENT((#2610));
#2610=SURFACE_STYLE_USAGE(.BOTH.,#2611);
#2611=SURFACE_SIDE_STYLE('',(#2612));
#2612=SURFACE_STYLE_FILL_AREA(#2613);
#2613=FILL_AREA_STYLE('\X2\92FC\X0\ - \X2\30B530C630F3\X0\',(#2614));
#2614=FILL_AREA_STYLE_COLOUR('\X2\92FC\X0\ - \X2\30B530C630F3\X0\',#2615);
#2615=COLOUR_RGB('\X2\92FC\X0\ - \X2\30B530C630F3\X0\',0.627450980392157,
0.627450980392157,0.627450980392157);
ENDSEC;
END-ISO-10303-21;
